# time(ns) distance (A) angle (deg)
5.870 5.700 48.557
5.880 5.900 65.593
5.890 5.870 54.850
7.910 5.570 85.307
19.050 5.940 89.800
19.640 5.660 89.585
19.760 5.480 80.153
19.840 5.790 81.186
20.030 5.510 89.289
20.240 5.510 81.097
20.280 5.720 87.921
20.290 5.880 84.574
20.320 5.620 83.694
20.520 5.690 77.317
20.550 5.960 87.675
20.560 5.890 76.115
20.620 5.720 85.608
20.630 5.740 89.122
20.730 5.690 86.037
20.790 5.540 76.102
20.800 6.000 77.054
20.840 5.630 89.616
20.850 5.950 76.370
20.900 5.340 76.827
20.920 5.640 81.691
20.930 5.690 87.997
20.970 5.850 81.420
21.080 5.940 87.978
21.150 5.910 84.744
21.160 5.710 87.154
21.220 5.630 81.571
21.240 5.290 81.742
21.250 5.560 83.153
21.260 5.860 83.252
21.290 5.740 89.138
21.320 5.190 69.864
21.330 5.260 62.446
21.340 5.860 82.389
21.370 5.550 85.098
21.380 5.560 76.091
21.390 5.880 80.631
21.400 5.980 85.661
21.420 5.720 81.529
21.430 5.700 88.873
21.440 5.710 68.816
21.470 5.610 81.216
21.510 5.370 81.591
21.530 4.990 73.968
21.550 5.360 89.757
21.560 5.870 82.059
21.570 5.800 79.662
21.580 5.370 75.684
21.600 5.690 88.521
21.610 5.600 89.495
21.620 5.870 67.342
21.630 5.480 66.056
21.650 5.610 89.589
21.670 5.670 78.887
21.680 5.570 69.471
21.690 5.680 69.309
21.700 5.530 87.941
21.710 5.050 69.324
21.720 5.260 80.790
21.730 5.410 68.603
21.740 5.640 86.307
21.750 5.650 76.033
21.770 5.630 86.495
21.780 5.840 78.469
21.860 5.890 88.612
21.870 5.310 71.008
21.880 5.450 74.107
21.890 5.110 73.569
21.900 5.380 76.435
21.910 5.080 67.979
21.920 5.470 71.285
21.930 5.250 67.178
21.940 5.050 64.879
21.950 5.240 66.518
21.960 4.280 53.806
21.970 5.180 64.297
21.980 4.580 63.292
21.990 4.510 76.812
22.000 5.120 83.490
22.010 4.720 61.926
22.020 4.410 62.032
22.030 4.900 53.629
22.040 5.310 78.745
22.050 4.860 60.297
22.060 4.420 61.434
22.070 4.580 53.269
22.080 5.310 64.472
22.090 4.560 60.815
22.100 5.030 65.478
22.110 4.880 63.041
22.120 5.470 75.103
22.130 4.690 61.185
22.140 4.930 63.133
22.150 4.900 63.583
22.160 4.720 78.570
22.170 4.780 72.923
22.180 5.180 84.247
22.190 5.260 60.040
22.200 5.090 75.490
22.210 4.850 60.451
22.220 5.240 63.213
22.230 4.690 71.505
22.240 4.260 57.664
22.250 5.310 75.284
22.260 4.530 60.831
22.270 5.030 58.528
22.280 4.730 66.931
22.290 5.210 70.147
22.300 5.420 65.924
22.310 5.820 65.039
22.320 5.620 84.313
22.330 4.980 82.447
22.340 5.220 60.037
22.350 5.550 52.549
22.360 5.680 82.117
22.380 4.940 79.488
22.390 5.910 89.704
22.400 5.340 76.004
22.420 5.310 81.878
22.430 5.200 78.137
22.440 6.000 73.674
22.450 5.310 71.219
22.460 5.220 74.929
22.470 5.400 73.923
22.480 5.210 60.452
22.490 5.580 80.686
22.500 5.330 62.966
22.510 5.250 74.058
22.520 4.890 62.179
22.530 4.770 58.869
22.540 4.970 64.212
22.550 4.910 69.488
22.560 5.250 78.126
22.570 4.900 74.226
22.580 4.420 59.177
22.590 4.480 52.459
22.600 5.250 78.296
22.610 5.060 55.644
22.620 5.110 69.217
22.630 5.020 68.956
22.640 5.590 76.049
22.650 5.630 77.950
22.660 5.090 68.100
22.670 4.780 49.615
22.680 5.130 65.022
22.690 4.820 72.171
22.700 5.360 71.392
22.710 5.250 65.326
22.720 5.420 65.241
22.730 5.140 72.065
22.740 5.600 76.565
22.750 4.800 67.578
22.760 4.940 72.271
22.770 4.740 71.328
22.780 5.310 61.211
22.790 4.910 69.387
22.800 4.940 73.830
22.810 4.700 55.609
22.820 4.420 53.471
22.830 4.880 53.592
22.840 4.600 43.139
22.850 5.300 62.093
22.860 5.670 72.326
22.870 4.800 57.462
22.880 5.200 82.455
22.890 5.150 46.652
22.900 5.500 61.128
22.910 4.960 48.044
22.920 5.390 54.996
22.930 4.870 69.512
22.940 5.970 76.986
22.950 5.550 84.712
22.970 5.670 81.920
23.000 5.460 75.811
23.010 5.520 68.631
23.020 5.960 86.796
23.040 5.700 83.585
23.050 4.960 76.658
23.070 5.500 82.791
23.080 5.380 75.253
23.090 4.930 62.294
23.100 4.960 68.368
23.110 5.450 76.756
23.120 4.920 77.441
23.140 5.090 69.860
23.150 5.250 67.766
23.160 5.300 82.367
23.170 5.050 89.955
23.180 5.730 82.130
23.210 4.970 72.337
23.220 5.790 73.501
23.230 5.770 82.346
23.250 5.740 67.743
23.260 5.470 81.049
23.270 5.160 64.617
23.280 5.790 74.414
23.290 4.750 72.573
23.300 4.630 62.571
23.310 5.560 73.519
23.320 5.480 71.926
23.330 5.220 78.889
23.340 5.530 61.946
23.350 5.270 81.935
23.360 5.560 67.234
23.370 5.770 87.740
23.530 5.720 89.488
23.560 5.970 87.498
23.590 5.980 79.171
23.610 5.690 73.384
23.790 5.880 78.907
23.830 5.970 77.960
23.900 5.700 85.160
24.470 5.830 81.055
24.480 5.950 80.769
24.490 5.780 74.713
24.540 5.960 81.949
24.650 5.530 76.479
25.100 5.890 85.725
25.260 5.850 86.854
25.290 5.740 89.172
25.620 5.870 88.444
25.650 5.650 72.861
25.770 5.840 75.030
25.970 5.970 86.464
26.390 5.640 76.421
26.400 5.500 71.660
26.540 5.820 84.982
26.740 5.920 89.305
26.810 6.000 85.719
26.820 5.590 88.429
26.850 5.930 87.972
26.890 6.000 88.526
26.900 5.890 85.861
26.930 5.990 84.544
26.940 5.750 68.671
26.960 5.740 78.232
27.040 5.800 80.574
27.060 5.960 76.340
27.540 5.770 75.375
27.550 5.710 80.276
27.560 5.770 87.272
27.580 5.300 74.125
27.650 5.630 78.465
27.660 5.630 86.184
27.670 4.990 80.086
28.250 5.960 89.788
28.270 5.800 75.324
28.420 5.930 80.281
28.480 6.000 88.690
28.590 6.000 87.309
28.670 5.950 81.266
28.700 5.950 83.664
28.760 5.890 83.667
28.800 5.440 85.372
28.830 5.620 89.631
28.970 5.700 82.561
29.110 5.970 82.218
29.140 5.820 82.252
29.160 5.730 83.129
29.190 5.960 89.337
29.240 5.990 75.728
30.300 5.870 85.194
30.360 5.850 76.514
31.010 5.870 75.019
31.380 5.940 83.172
35.090 5.960 81.868
42.880 5.870 23.379
44.520 5.720 25.929
44.530 5.430 37.652
44.580 5.510 41.286
44.730 5.820 79.970
45.570 5.690 83.193
45.590 5.850 87.407
54.370 5.950 73.833
54.810 5.820 83.571
54.870 5.780 86.371
56.470 5.920 73.127
56.640 5.970 83.881
56.990 5.910 78.473
57.100 5.810 78.564
57.410 6.000 68.720
57.430 5.570 86.944
57.910 4.740 86.377
57.930 5.800 89.789
57.940 5.660 59.623
58.140 5.980 77.201
58.390 5.940 77.020
58.480 5.860 69.241
58.730 5.930 80.944
58.780 5.990 66.939
59.160 5.800 77.904
59.520 5.800 86.900
59.810 5.870 77.422
60.270 5.890 80.974
60.420 5.930 79.815
60.760 5.690 86.204
60.850 5.970 18.114
60.860 5.180 45.361
60.870 4.530 78.838
60.880 5.370 52.427
60.890 4.980 82.252
60.910 5.350 38.205
60.920 5.620 55.572
60.930 5.730 43.972
60.960 5.200 49.667
60.980 5.280 68.214
60.990 5.250 61.038
61.000 5.280 68.651
61.010 5.250 57.947
61.020 5.970 57.871
61.030 5.880 46.443
61.040 5.660 31.619
61.050 5.510 57.098
61.060 5.660 53.470
61.080 5.930 58.720
61.160 5.740 31.821
61.170 5.960 73.254
61.190 5.900 68.605
61.210 5.980 51.899
61.440 5.820 63.264
61.460 5.790 44.030
61.680 5.720 62.523
62.440 6.000 69.253
62.630 5.980 56.853
62.680 5.850 58.993
62.700 5.780 79.822
62.720 5.690 38.284
62.730 5.840 54.637
62.740 5.520 24.540
62.750 4.880 54.657
62.760 5.350 70.729
62.780 5.870 62.739
62.790 5.330 66.860
62.800 5.830 52.997
62.810 5.920 48.109
62.820 5.370 57.571
62.830 5.780 69.214
62.840 5.670 69.563
62.850 5.640 65.015
62.860 5.480 73.716
62.870 5.730 72.811
63.260 5.950 70.910
63.290 6.000 44.533
63.380 5.870 48.622
63.420 5.500 61.210
63.450 5.900 53.095
63.490 5.990 47.945
63.510 5.720 79.184
63.520 5.480 68.902
63.640 5.540 73.159
63.650 5.530 50.868
63.670 5.590 87.390
63.680 5.200 59.087
63.690 4.810 60.125
63.700 5.440 68.840
63.710 5.300 85.673
63.720 5.550 78.465
63.730 5.780 24.833
63.740 5.650 58.993
63.750 5.690 47.536
63.760 5.840 47.946
63.770 5.520 42.594
63.780 5.390 63.409
63.800 5.400 79.472
63.810 4.610 76.363
63.820 4.250 64.304
63.840 5.660 81.454
63.850 5.220 52.705
63.860 4.520 72.940
63.870 4.750 58.339
63.890 5.350 59.512
63.900 5.110 62.765
63.910 5.440 83.928
63.920 5.640 61.743
63.930 5.020 72.892
63.940 4.930 74.507
63.950 5.700 57.541
63.960 5.630 66.470
63.970 5.570 53.160
63.980 5.550 72.170
64.000 5.880 86.854
64.010 5.440 55.779
64.020 5.760 60.090
64.030 5.270 61.395
64.040 5.100 75.926
64.050 5.380 51.046
64.060 4.930 67.696
64.070 5.320 85.759
64.080 5.260 65.009
64.090 5.570 63.427
64.100 5.330 80.510
64.110 5.800 34.341
64.120 5.240 73.696
64.130 5.300 32.191
64.140 5.050 76.519
64.150 5.420 40.065
64.160 5.460 71.909
64.170 5.560 50.551
64.180 5.820 25.993
64.190 5.600 42.984
64.200 4.960 48.796
64.210 5.150 40.859
64.230 5.620 67.328
64.240 6.000 21.441
64.250 5.890 78.194
64.260 5.980 39.706
64.270 5.650 30.575
64.280 5.960 65.477
64.290 5.430 60.392
64.300 5.580 43.389
64.310 5.330 43.235
64.320 5.710 65.563
64.330 4.980 70.890
64.340 5.740 38.156
64.350 5.460 42.559
64.360 5.750 47.026
64.390 5.540 32.545
64.400 5.680 48.120
64.420 5.960 70.414
64.430 5.670 54.649
64.440 5.660 47.294
64.450 5.140 63.608
64.480 5.570 68.917
64.490 5.650 37.343
64.510 5.930 54.894
64.520 5.940 45.832
64.530 5.430 50.204
64.540 5.750 73.197
64.550 5.790 63.165
64.590 5.860 74.365
64.600 5.650 61.921
64.610 5.540 29.444
64.620 5.570 50.161
64.630 5.930 67.925
64.650 5.840 62.613
64.660 5.470 63.155
64.670 5.080 74.092
64.680 5.570 64.034
64.690 5.890 55.241
64.720 5.620 39.771
64.730 5.480 82.510
64.740 5.300 35.887
64.750 5.350 55.513
64.760 4.670 77.296
64.770 5.630 60.880
64.780 5.500 67.729
64.790 5.320 77.314
64.800 4.830 42.713
64.810 5.060 63.730
64.820 5.610 52.281
64.830 5.630 79.069
64.840 5.190 63.770
64.850 5.710 61.437
64.860 4.940 33.191
64.870 5.000 62.778
64.880 5.160 64.014
64.890 5.470 51.200
64.900 4.970 58.420
64.910 5.160 60.855
64.920 5.680 37.277
64.940 5.200 70.932
64.950 5.620 52.202
64.960 5.590 49.887
64.970 5.660 71.736
64.980 5.560 55.583
64.990 5.860 72.592
65.000 5.960 53.756
65.010 5.590 61.419
65.020 5.470 41.772
65.030 5.940 85.134
65.040 5.830 71.631
65.050 5.800 29.897
65.060 5.350 68.860
65.090 5.930 49.701
65.100 5.070 64.101
65.110 5.170 83.171
65.120 5.440 72.521
65.130 5.910 74.034
65.150 5.410 68.946
65.160 5.570 66.887
65.170 5.280 49.388
65.200 5.190 54.534
65.210 5.280 46.910
65.220 5.580 85.935
65.230 5.640 76.008
65.240 5.300 88.776
65.250 5.520 64.802
65.260 5.080 60.104
65.270 5.170 68.537
65.300 5.640 68.292
65.310 5.580 78.787
65.320 5.930 60.907
65.330 5.390 61.385
65.350 5.950 38.118
65.360 5.790 56.705
75.020 6.000 56.417
75.030 5.760 67.150
75.220 5.920 59.894
75.300 5.920 68.080
75.430 6.000 79.412
75.440 5.510 86.989
75.450 5.440 74.522
75.460 5.930 84.726
75.470 5.310 64.523
75.560 5.350 68.882
75.810 5.900 78.687
76.670 5.690 78.044
87.490 5.960 81.285
87.500 5.530 89.413
87.560 5.700 72.934
87.580 5.780 85.134
87.600 5.550 82.271
87.650 5.340 89.512
87.700 5.510 70.229
88.640 5.660 89.408
88.650 5.010 79.430
88.680 5.270 50.929
88.690 5.840 79.695
88.720 5.880 80.690
88.770 5.990 81.185
88.780 5.980 75.330
88.820 5.640 73.962
88.970 5.950 61.497
89.530 5.900 71.389
89.570 5.350 64.426
89.600 5.400 59.754
89.610 6.000 69.350
89.620 5.410 60.384
89.630 5.680 55.838
89.640 5.290 69.738
89.650 5.070 47.748
89.660 5.890 62.986
89.680 5.670 57.155
89.690 5.600 39.917
89.700 4.980 71.530
89.760 5.210 82.851
89.800 5.630 85.120
89.810 4.920 89.871
89.820 5.710 72.655
89.950 5.910 83.707
90.020 5.740 88.594
90.190 5.890 86.991
90.630 5.700 84.574
90.730 5.680 83.477
91.010 6.000 89.394
92.070 5.830 61.678
92.820 5.930 86.634
93.230 5.870 81.145
93.240 5.890 85.243
93.360 5.880 87.782
93.580 5.970 74.292
93.630 5.960 72.804
94.000 5.960 82.015
94.620 6.000 78.024
127.400 5.870 52.515
127.410 5.210 84.811
127.420 5.790 57.845
127.430 6.000 71.415
127.460 5.900 70.454
127.470 5.870 84.527
127.490 5.910 83.027
127.510 5.960 71.964
127.530 5.850 56.799
127.540 5.710 55.011
127.810 5.500 84.641
127.910 5.990 65.994
128.390 5.890 79.221
128.400 5.570 72.085
128.540 5.620 76.719
128.600 5.730 39.842
128.610 5.960 52.736
129.020 5.870 58.508
129.030 5.370 68.125
129.040 5.850 45.993
129.050 5.630 47.237
129.080 5.290 57.731
129.090 5.530 40.737
129.150 5.730 79.902
129.160 5.820 75.800
129.200 5.950 71.361
129.220 5.750 81.891
129.240 5.830 82.209
130.550 5.950 56.427
132.520 5.820 25.977
132.670 5.820 35.304
132.770 5.820 72.830
132.840 5.730 59.514
132.870 5.960 70.392
132.960 5.930 52.871
133.230 5.890 61.765
133.350 5.960 78.761
133.740 5.700 49.313
133.770 5.760 78.990
133.800 5.620 73.670
133.930 5.960 84.334
133.940 5.930 84.412
134.170 5.850 51.387
134.180 5.400 57.506
134.200 5.230 62.309
134.210 5.310 42.705
134.220 5.780 82.677
134.240 5.990 58.887
134.370 5.400 11.021
134.390 5.580 52.317
134.860 5.580 47.094
134.920 5.250 77.347
134.930 5.720 61.468
134.940 5.550 76.246
134.960 5.840 76.141
134.970 5.980 60.774
135.000 5.820 76.653
135.040 5.980 65.901
135.060 5.740 81.179
135.070 5.830 28.530
135.080 5.960 74.488
135.870 5.430 82.213
135.910 5.940 40.753
135.920 5.530 66.762
135.940 5.950 29.826
135.960 5.720 42.825
136.180 5.420 68.774
136.210 5.360 60.843
136.220 5.870 71.936
136.230 5.540 81.039
136.260 5.870 80.355
136.270 5.620 77.877
136.280 5.630 60.347
136.290 5.880 50.719
136.300 5.670 77.416
136.480 5.480 76.622
136.580 5.920 59.603
136.660 5.280 85.697
136.670 5.490 86.074
136.680 5.690 38.541
136.700 5.450 66.792
136.710 5.800 59.954
136.720 5.460 50.486
136.770 5.980 44.487
136.780 5.900 40.033
136.810 5.950 75.218
136.840 5.980 87.062
136.860 5.350 80.840
136.910 5.970 75.425
136.990 6.000 47.192
137.260 5.750 30.012
137.270 5.710 52.938
137.290 5.740 63.232
138.060 5.890 52.101
138.090 5.880 34.770
138.100 5.210 59.504
138.110 5.850 45.003
138.120 5.800 50.855
138.360 5.670 64.347
138.400 5.630 58.747
138.730 5.360 86.899
138.740 5.590 73.882
138.750 5.860 69.671
138.770 5.940 65.293
138.800 5.760 77.959
138.900 5.900 28.317
138.920 4.750 65.879
138.930 5.600 68.485
138.940 4.880 67.626
138.950 5.600 10.432
139.020 5.780 51.586
141.450 5.750 78.148
141.730 5.760 61.791
141.760 5.420 50.306
141.840 5.930 65.836
141.860 5.550 76.348
141.870 5.350 85.575
141.880 5.380 69.448
141.900 5.110 68.428
141.910 5.440 68.278
141.940 5.550 84.895
141.980 5.890 76.664
142.000 5.540 55.452
142.010 5.940 48.098
142.020 5.850 86.651
142.070 5.590 70.783
142.110 5.900 42.148
142.190 5.600 78.340
142.210 5.320 59.227
142.220 5.740 43.069
142.230 5.530 82.443
142.240 5.950 79.215
142.250 5.870 76.672
142.270 5.830 82.647
142.280 5.630 63.921
142.290 5.600 75.412
142.300 5.510 49.397
142.310 5.710 71.583
142.350 5.980 77.292
145.600 5.970 84.574
146.090 5.400 83.528
146.250 5.780 74.678
146.260 6.000 72.991
146.540 5.980 65.094
146.570 5.960 71.294
146.580 5.850 71.880
146.600 5.840 82.177
146.610 6.000 74.871
146.620 5.760 86.929
146.750 5.880 67.653
146.760 5.770 45.855
146.770 5.910 63.122
146.930 5.960 83.322
146.940 5.870 80.332
147.000 5.990 43.121
147.020 5.380 46.250
147.030 5.500 57.135
147.050 5.830 79.810
147.060 5.820 54.662
147.070 5.110 36.977
147.080 5.420 78.821
147.140 5.970 59.708
147.150 5.850 57.173
147.250 5.760 28.393
147.260 5.840 81.248
147.550 5.630 69.896
147.620 6.000 39.177
148.030 6.000 65.367
148.060 5.940 51.417
148.070 5.650 50.077
148.330 5.980 84.477
149.280 5.990 77.559
149.290 5.860 86.814
149.330 5.800 84.657
149.490 5.650 79.957
149.510 5.730 76.479
151.690 5.690 62.466
151.700 5.730 66.732
151.720 5.840 78.797
151.740 5.700 82.320
152.080 5.980 76.540
152.090 5.460 76.298
152.100 5.460 50.422
152.120 5.380 68.296
152.130 5.140 72.338
152.150 5.700 77.760
152.170 5.130 71.609
152.190 5.700 64.783
152.200 5.420 65.418
152.220 5.710 74.242
152.230 5.630 76.451
152.240 5.990 85.682
152.330 5.280 70.888
187.960 5.800 81.411
199.810 5.460 76.798
199.820 5.050 85.968
200.270 5.780 37.034
202.100 5.640 61.229
202.270 5.890 48.396
208.250 5.880 62.751
208.260 5.660 68.274
209.570 6.000 63.595
209.770 5.990 38.497
210.400 6.000 68.412
219.190 5.810 53.066
223.860 5.860 66.517
228.520 5.460 77.792
252.450 5.780 54.166
252.460 5.950 44.581
252.770 5.960 57.871
252.800 5.910 85.383
254.380 5.800 74.292
263.470 5.920 52.033
265.890 5.980 56.860
265.930 5.930 64.205
265.940 5.980 61.384
273.930 5.870 64.830
274.030 5.680 81.180
274.040 5.460 78.159
278.270 5.460 76.573
278.280 5.730 86.045
278.290 5.540 75.325
278.370 5.860 81.960
278.400 5.820 76.341
278.410 5.980 79.886
278.430 5.910 84.458
278.620 5.720 79.399
278.630 5.310 64.336
278.640 5.500 82.660
278.650 5.330 76.172
278.670 5.980 81.307
278.720 5.600 72.676
278.770 5.890 76.089
278.780 5.890 88.349
278.810 5.680 81.714
278.860 5.540 72.388
278.870 5.880 89.297
278.890 5.790 53.917
278.910 5.560 78.993
278.920 5.350 76.336
278.930 5.680 75.085
278.940 5.560 68.881
278.950 5.810 86.486
278.960 5.460 80.946
278.970 5.440 68.020
278.980 5.550 89.387
278.990 5.360 66.996
279.000 5.440 74.677
279.010 5.670 69.253
279.020 5.840 83.284
279.030 5.970 84.206
279.040 5.760 89.979
279.050 5.390 71.273
279.060 5.300 74.980
279.070 5.850 89.251
279.080 5.570 81.949
279.090 5.800 78.482
279.100 5.310 65.410
279.110 5.100 82.153
279.130 4.380 82.178
279.140 4.600 62.490
279.150 4.750 72.845
279.160 4.520 68.670
279.170 4.940 65.032
279.180 5.320 44.571
279.190 5.420 54.725
279.200 5.510 48.379
279.210 5.010 62.244
279.220 5.260 65.861
279.230 5.530 81.259
279.400 5.880 87.335
279.880 5.660 74.760
279.910 5.140 64.136
279.920 5.640 83.466
279.940 5.620 72.861
279.960 5.540 79.135
280.020 5.890 87.617
280.050 5.540 85.406
280.060 5.770 67.691
280.080 5.200 79.578
280.090 5.310 70.327
280.100 5.540 78.214
280.120 5.130 73.450
280.130 5.440 85.599
280.170 5.280 68.555
280.180 5.880 82.544
280.210 5.700 79.636
280.220 5.720 89.222
280.230 5.690 87.154
280.240 5.830 78.680
280.270 4.980 52.160
280.280 5.380 41.587
280.290 5.600 63.329
280.300 5.850 87.347
280.310 5.820 69.848
280.330 5.500 80.865
280.340 5.890 65.438
280.350 5.560 68.545
280.360 5.680 64.712
280.380 5.860 84.145
280.420 5.570 41.933
280.430 5.530 53.596
280.450 5.840 79.392
280.460 5.910 70.196
280.500 5.520 63.675
280.510 5.970 76.045
280.530 5.470 74.493
280.540 5.730 87.869
280.550 5.870 80.603
280.570 5.850 87.173
280.580 5.640 72.963
280.590 5.540 65.538
280.600 6.000 65.251
280.610 5.800 85.999
280.620 5.340 84.797
280.630 5.630 76.551
280.640 5.580 68.864
280.650 5.820 73.483
280.660 5.820 67.528
280.700 5.720 77.320
280.730 5.970 75.626
280.820 5.390 76.901
280.830 5.930 87.571
280.840 5.070 75.087
280.860 5.660 83.975
280.870 4.970 58.706
280.880 4.820 60.451
280.890 4.170 40.936
280.900 4.600 51.290
280.910 4.300 45.625
280.920 4.650 48.948
280.930 4.080 43.679
280.940 4.100 39.147
280.950 4.990 65.357
280.960 4.280 48.107
280.970 5.280 81.714
281.000 4.560 52.963
281.010 4.880 69.758
281.020 5.550 86.280
281.030 5.070 71.503
281.040 5.140 88.380
281.050 5.200 82.817
281.060 5.370 62.383
281.080 5.510 83.700
281.100 5.650 48.436
281.110 5.370 79.822
281.120 5.200 73.790
281.130 5.380 61.976
281.140 5.430 44.565
281.150 5.370 64.139
281.160 4.690 43.481
281.170 4.730 47.266
281.180 5.530 75.889
281.200 5.620 65.880
281.220 5.860 80.951
281.240 5.550 63.152
281.250 5.890 80.490
281.260 5.780 78.885
281.280 5.760 74.800
281.310 5.690 76.954
281.320 5.750 71.517
281.350 5.900 80.660
281.360 5.780 80.943
281.370 4.350 51.612
281.380 4.960 53.302
281.400 5.710 63.115
281.410 5.850 61.967
281.480 5.650 57.112
281.500 5.100 57.676
281.560 5.820 69.109
281.570 5.920 67.160
281.580 5.860 80.571
281.620 5.910 56.706
281.660 5.320 66.573
282.090 5.570 68.502
282.130 5.860 64.151
282.160 5.650 82.574
282.180 5.110 68.219
282.190 5.320 49.040
282.200 5.180 78.003
282.210 5.050 66.439
282.220 5.170 40.036
282.230 5.350 56.011
282.270 5.420 77.086
282.300 5.100 64.871
282.310 5.360 63.864
282.320 4.960 58.154
282.330 5.630 62.699
282.340 5.010 48.925
282.350 5.240 57.192
282.360 4.980 58.728
282.370 4.470 76.984
282.380 5.170 56.392
282.390 4.990 58.919
282.400 5.070 63.751
282.410 5.450 54.137
282.420 5.670 65.551
282.430 5.090 57.317
282.440 5.910 80.468
282.460 5.800 84.078
284.210 5.860 55.893
288.220 5.820 79.364
288.230 5.760 77.241
289.030 3.530 84.630
289.040 3.580 84.612
289.050 5.170 72.744
289.060 5.830 63.219
289.070 3.420 80.619
289.080 3.580 84.175
289.090 3.630 86.942
289.100 3.950 86.762
289.110 3.470 68.686
289.120 3.670 89.900
289.130 3.810 82.461
289.140 4.800 48.825
289.150 5.600 84.888
289.160 5.570 72.033
289.170 5.300 66.095
289.180 5.170 76.348
289.200 4.600 45.097
289.210 5.330 73.629
289.220 5.100 79.015
289.230 4.760 65.494
289.240 4.840 85.353
289.250 5.110 76.062
289.260 5.170 79.449
289.270 5.250 87.229
289.280 5.280 81.720
289.290 5.160 73.904
289.300 4.910 71.191
289.320 5.520 55.975
289.330 5.250 79.757
289.340 5.340 63.126
289.350 4.760 63.568
289.360 4.990 59.185
289.370 5.100 56.964
289.380 4.380 43.722
289.390 4.270 55.991
289.400 4.080 44.485
289.410 4.600 56.676
289.420 5.420 60.022
289.430 5.040 57.041
289.440 4.910 51.196
289.450 5.220 68.677
289.460 4.010 74.006
289.470 4.380 47.114
289.480 4.570 65.288
289.490 3.690 74.542
289.500 4.200 62.925
289.510 3.800 27.317
289.520 3.690 43.606
289.530 5.690 83.695
289.540 5.550 59.037
289.550 4.860 63.049
289.560 3.850 52.062
289.570 5.210 61.529
289.580 4.350 35.682
289.590 5.240 81.118
289.600 4.480 41.668
289.610 5.210 64.036
289.620 4.870 63.717
289.630 4.490 53.820
289.640 4.640 77.488
289.650 4.180 48.798
289.660 4.280 56.537
289.670 4.720 54.807
289.680 4.250 49.537
289.690 4.700 50.495
289.700 4.890 46.688
289.710 4.770 46.348
289.720 4.370 56.497
289.730 4.240 64.178
289.740 4.550 52.261
289.750 5.030 68.987
289.760 5.370 32.132
289.770 5.520 68.100
289.780 5.810 66.469
289.790 4.390 52.498
289.800 5.030 77.947
289.810 5.110 64.703
289.820 5.270 58.319
289.830 5.240 72.867
289.850 4.810 80.368
289.860 5.150 82.968
289.870 5.150 78.356
289.880 5.000 66.151
289.890 5.270 87.106
289.900 3.880 81.168
289.910 3.560 88.173
289.920 4.330 44.929
289.930 4.600 61.922
289.940 5.190 83.496
289.950 5.290 79.249
289.960 5.470 87.508
289.970 5.800 78.736
289.980 5.440 77.146
289.990 5.350 68.342
290.000 5.160 71.858
290.010 5.800 72.177
290.020 5.590 61.205
290.030 5.180 66.955
290.040 5.260 55.550
290.050 5.080 57.158
290.060 4.510 56.443
290.070 4.960 59.163
290.080 4.950 72.663
290.090 4.690 61.481
290.100 5.040 69.742
290.110 5.110 81.506
290.120 5.600 46.253
290.130 5.390 61.147
290.140 5.320 66.596
290.150 5.660 86.773
290.160 5.330 89.356
290.170 5.100 62.046
290.180 4.900 66.593
307.580 5.690 87.273
328.530 5.880 68.346
330.830 3.520 88.493
331.130 3.480 80.496
331.170 3.590 89.560
331.390 3.380 84.711
331.420 3.450 87.162
331.600 3.400 88.882
331.880 3.530 86.943
332.220 3.510 84.951
332.620 3.590 62.515
333.060 3.310 82.547
333.090 3.670 74.869
333.290 3.460 87.089
333.650 3.520 84.163
333.780 3.700 87.230
333.900 3.520 74.804
333.920 3.560 85.367
333.930 3.730 89.549
334.090 3.710 76.099
334.140 3.460 84.001
334.160 3.460 86.635
334.270 3.430 87.062
334.330 3.300 89.099
334.340 3.780 78.288
334.660 3.690 75.708
334.680 3.640 79.691
334.740 3.530 88.527
334.790 3.750 88.254
334.980 3.910 82.402
335.010 3.750 89.430
335.030 3.510 64.207
335.040 3.560 80.513
335.060 3.720 83.157
335.080 3.640 79.287
335.130 3.600 89.778
335.140 4.310 73.381
335.160 3.790 83.310
335.170 3.510 80.210
335.180 3.410 83.507
335.190 3.690 82.985
335.220 3.720 72.592
335.230 3.420 85.588
335.260 3.510 70.490
335.280 3.490 74.515
335.340 3.510 75.795
335.370 3.460 76.295
335.630 3.520 86.765
335.670 3.650 87.214
335.760 3.530 74.944
335.980 3.640 80.194
336.170 3.340 68.388
336.370 3.470 89.685
336.500 3.570 87.162
336.590 3.650 88.381
336.630 3.450 87.082
336.810 3.530 88.218
336.930 3.440 86.795
337.000 3.460 84.183
337.010 3.640 89.180
337.440 3.500 83.209
337.490 3.460 88.290
337.870 3.460 86.097
337.880 3.550 84.498
337.930 3.760 83.295
337.960 3.610 72.375
338.160 3.460 87.278
338.170 3.530 81.213
338.260 3.670 75.951
338.320 3.420 75.367
338.340 3.680 85.867
338.400 3.560 89.083
338.490 3.530 84.910
338.570 3.600 81.075
338.640 3.620 81.810
338.690 3.350 87.722
338.760 3.550 89.962
338.800 3.810 77.621
338.830 3.420 81.562
338.850 3.660 82.693
338.860 3.630 87.949
338.900 3.520 76.620
338.910 3.500 75.468
338.960 3.790 74.383
339.120 3.460 88.298
339.190 3.670 82.601
339.540 3.340 86.616
346.530 3.730 89.032
346.540 3.590 86.294
347.130 3.680 87.385
347.230 3.750 86.902
347.240 3.540 75.752
347.440 3.480 81.765
347.490 3.500 85.195
347.510 3.570 80.300
347.840 3.550 79.073
347.920 3.640 89.540
348.010 3.610 89.739
348.320 3.480 85.576
348.340 3.460 84.185
348.350 3.470 82.709
348.360 3.440 75.398
348.450 3.460 80.460
348.580 3.500 88.607
348.630 3.380 87.349
349.310 3.810 87.131
349.500 3.520 76.679
349.590 3.680 80.334
349.700 3.510 81.530
349.710 3.600 83.966
353.330 5.990 87.644
366.370 5.910 75.449
366.380 5.840 89.589
366.440 5.590 69.199
367.350 5.740 85.530
367.420 5.130 80.762
367.430 5.660 73.935
367.440 5.740 65.376
367.450 5.850 66.937
367.460 5.810 70.522
367.470 5.240 58.968
367.630 5.910 82.596
367.700 5.970 31.050
367.710 5.900 48.753
367.740 5.910 68.333
367.890 5.680 74.019
368.010 5.910 60.009
368.100 5.270 54.628
368.110 5.620 38.849
368.130 5.580 81.804
368.140 5.660 87.246
368.160 5.040 58.634
368.170 5.750 80.658
368.190 5.390 50.267
368.210 5.520 76.469
368.230 5.880 57.345
369.210 5.540 61.716
369.370 5.960 82.524
369.520 5.890 81.838
374.430 5.420 87.630
375.330 5.720 25.794
376.620 5.620 81.408
376.630 5.560 66.751
376.710 5.310 73.429
376.740 5.870 79.604
376.750 5.730 78.148
376.760 5.750 86.744
377.110 6.000 60.528
378.440 5.710 71.192
378.480 5.980 76.383
378.590 5.970 80.462
378.630 5.860 53.776
394.380 5.850 73.021
394.410 5.910 38.912
402.220 5.040 79.924
402.230 5.870 84.147
402.240 5.830 81.611
402.250 5.780 86.833
402.260 5.620 67.711
402.280 5.600 79.320
402.300 5.460 81.876
402.330 5.620 88.344
402.360 5.570 83.551
402.370 4.650 78.227
402.380 6.000 76.032
402.390 5.230 63.961
402.400 5.870 79.133
402.410 5.380 67.290
402.420 5.490 83.055
402.430 5.260 71.743
402.440 5.290 71.141
402.450 5.150 79.753
402.470 5.360 66.010
402.480 5.820 74.076
402.490 5.650 73.135
402.500 5.500 74.621
402.530 5.590 84.163
402.540 5.180 74.124
402.560 5.190 76.321
402.570 4.430 47.962
402.580 3.670 47.643
402.600 3.660 71.950
402.610 3.560 82.556
402.620 3.500 57.518
402.630 3.670 64.919
402.640 3.470 61.657
402.650 3.410 49.663
402.660 4.140 22.192
402.670 3.600 55.142
402.680 3.550 46.571
402.690 3.660 66.443
402.700 3.290 48.041
402.710 3.560 50.658
402.720 5.040 36.966
402.730 4.500 29.905
402.740 4.810 39.140
402.750 4.590 24.560
402.760 4.580 43.281
402.770 4.530 44.127
402.780 4.700 43.080
402.790 3.850 25.893
402.800 3.550 63.842
402.810 3.630 35.790
402.820 3.770 45.415
402.830 4.090 56.092
402.840 3.990 44.267
402.850 4.100 39.688
402.910 5.820 74.360
402.930 4.970 63.226
402.940 4.830 62.719
402.950 3.570 73.334
402.960 3.700 74.200
402.970 4.920 53.120
402.980 4.810 61.452
402.990 5.350 48.482
403.000 4.460 80.909
403.020 3.440 65.447
403.030 3.790 57.381
403.040 3.570 57.157
403.050 3.730 54.702
403.060 3.240 56.740
403.070 3.360 59.374
403.080 3.230 31.799
403.090 3.500 69.860
403.100 3.560 23.590
403.110 3.710 72.086
403.120 3.570 69.909
403.130 3.610 75.686
403.140 3.600 78.241
403.150 3.450 83.590
403.160 3.720 53.284
403.170 3.580 67.235
403.180 3.810 72.827
403.190 3.500 82.601
403.200 3.550 78.372
403.210 3.440 67.985
403.220 3.590 78.123
403.230 3.490 58.938
403.240 3.550 53.334
403.250 3.710 39.250
403.260 3.540 66.249
403.270 3.280 25.171
403.280 3.980 37.760
403.290 3.590 68.663
403.300 3.570 72.392
403.310 3.740 71.389
403.320 3.420 43.445
403.340 3.500 67.311
403.350 3.600 73.744
403.370 3.420 75.378
403.380 3.500 84.339
403.390 3.250 60.007
403.400 3.440 55.145
403.420 3.530 82.593
403.440 3.620 88.608
403.450 3.540 74.580
403.460 3.810 88.688
403.470 3.540 81.685
403.480 3.430 65.572
403.490 4.420 79.662
403.500 3.290 64.697
403.510 3.500 64.108
403.520 3.640 71.281
403.530 3.490 79.775
403.540 3.450 68.002
403.550 3.550 68.889
403.560 4.490 57.510
403.570 5.060 78.834
403.580 5.340 69.112
403.590 5.150 50.904
403.600 5.700 89.778
403.610 5.310 70.280
403.630 5.330 79.770
403.650 4.750 89.172
403.660 5.280 56.606
403.670 5.700 80.144
403.700 5.850 65.361
404.460 5.890 42.735
404.470 5.730 45.710
404.500 4.870 51.431
404.510 4.990 45.302
404.520 5.740 60.955
404.530 5.080 47.365
404.540 5.720 81.179
404.560 4.870 42.616
404.570 4.310 41.198
404.580 4.390 53.195
404.590 3.740 51.835
404.600 3.500 57.318
404.610 3.570 63.033
404.620 3.410 60.308
404.630 3.560 69.289
404.640 3.390 64.677
404.650 3.540 69.341
404.660 3.550 52.443
404.670 3.480 73.863
404.680 3.590 79.875
404.690 3.470 59.579
404.700 3.840 68.561
404.710 3.550 88.683
404.720 3.600 61.993
404.730 3.500 75.230
404.740 3.310 64.311
404.750 3.640 68.011
404.770 3.750 64.701
404.780 3.580 76.896
404.790 4.010 63.875
404.800 3.580 70.116
404.810 3.640 77.392
404.820 3.860 88.081
404.830 3.570 81.713
404.840 3.440 76.080
404.850 3.500 78.527
404.860 3.700 68.569
404.870 3.500 56.970
404.880 3.460 64.063
404.890 3.360 51.111
404.900 3.420 44.695
404.910 3.550 78.681
404.920 3.410 63.693
404.930 3.600 61.296
404.940 3.480 58.686
404.950 3.640 60.759
404.960 3.530 54.349
404.970 3.440 46.157
404.980 3.590 60.568
404.990 3.340 45.880
405.000 3.380 52.566
405.010 3.410 57.719
405.020 3.380 31.720
405.030 3.590 52.143
405.040 3.590 83.842
405.050 3.260 55.548
405.060 3.940 82.242
405.070 3.490 70.155
405.080 3.420 69.198
405.100 4.060 66.274
405.110 3.660 50.643
405.120 3.270 36.929
405.130 3.370 33.373
405.140 3.280 62.435
405.150 3.710 23.054
405.160 3.560 75.504
405.170 3.530 54.225
405.180 3.410 51.881
405.190 3.490 62.904
405.200 3.570 67.929
405.210 3.630 89.287
405.220 3.450 65.991
405.230 3.510 73.227
405.250 3.520 50.193
405.260 3.320 58.923
405.280 3.580 44.635
405.300 3.400 85.661
405.320 3.540 75.379
405.330 3.470 57.146
405.340 3.820 87.829
405.350 3.460 61.086
405.360 3.380 64.455
405.370 3.690 87.571
405.380 3.350 52.276
405.390 3.650 79.766
405.400 3.590 76.280
405.410 3.560 83.058
405.420 3.200 49.596
405.430 3.630 62.410
405.440 4.670 42.700
405.450 3.440 70.916
405.460 3.680 81.796
405.470 3.830 33.507
405.480 3.750 74.180
405.490 3.550 43.619
405.500 3.660 67.365
405.510 3.600 64.598
405.520 3.630 64.844
405.530 3.510 74.512
405.540 3.160 42.358
405.550 3.290 59.967
405.570 3.530 78.485
405.580 3.550 69.643
405.630 3.470 82.726
405.650 3.340 73.412
405.660 3.410 60.687
405.670 3.620 78.541
405.680 3.460 75.722
405.690 3.330 59.618
405.700 3.500 82.111
405.710 3.650 61.871
405.720 3.470 45.070
405.730 3.560 77.656
405.740 3.420 63.878
405.760 3.670 82.826
405.790 3.330 58.067
405.800 3.550 73.830
405.810 3.580 88.836
405.820 3.550 67.426
405.840 3.570 81.491
405.850 3.370 75.931
405.860 3.420 83.159
405.890 3.680 85.843
405.900 3.840 86.278
405.910 3.740 80.234
405.920 3.480 73.771
405.930 3.400 71.829
405.940 3.530 66.568
405.950 3.730 84.723
405.960 3.660 86.698
405.970 3.330 56.426
405.980 3.560 54.967
405.990 3.650 72.226
406.000 3.460 86.623
406.010 3.470 86.141
406.030 3.500 70.633
406.050 3.320 58.763
406.070 3.710 53.995
406.080 3.450 76.640
406.090 3.370 78.589
406.120 3.570 76.671
406.130 4.110 78.996
406.140 3.490 81.661
406.160 3.610 83.846
406.170 3.930 81.053
406.180 3.350 55.857
406.190 3.560 73.664
406.200 3.480 71.043
406.220 3.570 70.226
406.230 3.540 79.645
406.240 3.520 77.410
406.260 3.380 70.274
406.270 3.430 38.301
406.280 3.540 47.039
406.290 3.420 52.208
406.310 3.220 55.541
406.320 3.580 68.643
406.330 3.510 75.159
406.340 3.520 83.980
406.350 3.350 51.795
406.360 3.490 63.638
406.370 3.530 49.974
406.380 3.500 84.476
406.390 3.370 57.840
406.400 3.280 78.137
406.410 3.210 56.455
406.420 3.540 82.972
406.430 3.510 79.618
406.440 3.660 73.232
406.450 3.160 43.693
406.460 3.520 77.955
406.470 3.620 86.953
406.480 3.420 58.879
406.490 3.430 73.105
406.500 3.370 74.688
406.510 3.510 82.954
406.530 3.220 58.692
406.540 4.230 69.835
406.550 4.690 37.507
406.560 3.710 38.226
406.570 4.280 49.161
406.580 3.660 47.339
406.590 3.430 59.326
406.600 3.410 59.952
406.610 3.390 47.695
406.620 3.500 72.108
406.630 3.650 77.883
406.660 3.430 77.866
406.680 3.500 77.704
406.690 3.590 85.430
406.700 3.460 82.680
406.710 3.450 76.543
406.740 3.540 82.314
406.750 3.580 85.851
406.770 3.410 58.180
406.810 3.610 78.200
406.820 3.470 76.026
406.840 3.470 72.957
406.850 3.490 76.304
406.860 3.580 78.961
406.870 3.600 88.646
406.880 3.450 84.732
406.890 3.490 66.288
406.900 3.280 40.236
406.910 3.530 85.839
406.920 3.470 81.446
406.930 3.410 58.756
406.940 3.720 76.040
406.950 3.490 83.264
406.960 3.590 83.068
406.970 3.580 81.254
406.980 3.400 55.008
407.000 3.630 80.332
407.010 3.540 85.293
407.020 3.710 64.316
407.030 3.320 54.830
407.040 3.620 65.196
407.050 3.480 62.862
407.060 3.480 43.097
407.070 3.310 60.742
407.080 3.510 67.361
407.090 3.660 34.714
407.100 3.680 60.960
407.110 3.670 47.292
407.120 3.250 69.853
407.130 3.430 75.698
407.150 3.430 70.811
407.160 3.790 63.017
407.170 3.500 84.290
407.190 3.520 85.259
407.200 3.580 73.714
407.230 3.390 75.772
407.240 3.400 77.849
407.250 3.350 69.431
407.260 3.560 69.167
407.290 3.500 69.178
407.300 3.430 80.153
407.310 3.390 56.324
407.320 3.700 70.044
407.330 3.510 75.981
407.340 3.500 61.340
407.350 3.590 73.746
407.370 3.350 57.845
407.380 3.630 87.747
407.390 3.780 77.715
407.400 3.430 60.149
407.410 3.340 70.409
407.420 3.530 82.027
407.430 3.660 67.361
407.450 3.460 72.764
407.460 3.580 49.791
407.470 3.620 62.324
407.480 3.640 81.745
407.490 3.300 72.221
407.510 3.390 68.311
407.520 3.360 67.644
407.530 3.830 78.432
407.560 3.590 73.344
407.570 3.440 86.727
407.580 3.430 76.349
407.590 3.450 82.453
407.600 3.310 59.923
407.610 3.590 56.251
407.620 3.550 76.875
407.630 3.440 58.484
407.640 3.370 78.730
407.650 3.420 62.097
407.660 3.420 60.308
407.670 3.500 60.026
407.680 3.480 68.521
407.690 3.430 78.275
407.740 3.710 67.511
407.750 3.840 89.948
407.760 3.770 78.495
407.770 3.520 63.306
407.780 3.610 65.612
407.790 3.500 55.896
407.800 3.550 74.526
407.810 3.650 61.033
407.820 3.770 84.430
407.830 3.700 77.208
407.840 3.530 53.008
407.850 3.560 74.371
407.860 3.670 75.526
407.880 3.580 57.972
407.890 3.510 73.788
407.930 3.640 67.743
407.940 3.650 75.406
407.950 3.490 69.468
407.960 3.570 74.328
407.970 3.650 70.231
407.980 3.840 70.502
407.990 3.480 82.173
408.010 3.340 77.236
408.030 4.030 84.923
408.050 3.530 79.154
408.060 3.460 66.797
408.080 3.410 66.810
408.100 3.590 81.001
408.110 3.630 87.253
408.120 3.780 56.529
408.130 3.680 76.067
408.150 3.260 30.170
408.160 3.470 73.971
408.170 3.630 54.889
408.180 3.340 61.541
408.190 3.610 74.457
408.200 3.830 64.726
408.210 3.420 66.236
408.230 3.680 80.088
408.240 3.470 86.400
408.250 3.560 50.681
408.260 3.320 47.755
408.270 3.550 61.521
408.280 3.260 53.310
408.290 3.460 67.562
408.300 3.420 69.287
408.310 3.390 63.508
408.320 3.640 57.336
408.330 3.320 62.285
408.340 3.520 63.425
408.350 3.890 80.479
408.360 3.320 83.612
408.370 3.400 63.121
408.380 3.560 75.417
408.390 3.370 63.807
408.400 3.080 45.009
408.420 3.540 70.102
408.430 3.550 79.168
408.450 3.610 89.967
408.480 3.600 83.481
408.520 3.530 77.322
408.530 3.330 59.350
408.540 3.490 63.421
408.550 3.460 58.100
408.560 3.420 52.409
408.580 3.520 73.984
408.590 3.680 77.217
408.600 3.270 62.485
408.620 3.360 51.613
408.630 3.550 69.760
408.650 3.550 83.398
408.660 3.600 58.136
408.670 3.660 62.617
408.680 3.600 52.316
408.700 3.430 68.738
408.710 3.140 47.844
408.720 3.670 75.022
408.730 3.430 57.417
408.740 3.400 81.010
408.750 3.420 58.814
408.760 3.710 83.060
408.770 3.330 75.259
408.780 3.450 82.524
408.790 3.410 76.614
408.800 3.390 70.568
408.810 3.430 65.634
408.830 3.440 73.952
408.840 3.530 70.159
408.850 3.490 62.812
408.860 3.520 72.479
408.870 3.300 66.776
408.880 3.560 73.618
408.890 3.480 53.121
408.900 3.810 81.864
408.910 3.640 73.874
408.920 3.500 72.442
408.930 3.390 46.144
408.940 3.930 45.561
408.960 3.400 34.243
408.970 3.590 73.248
408.980 3.410 68.515
409.000 3.480 75.240
409.020 3.410 74.440
409.030 3.570 50.190
409.040 3.230 36.756
409.050 3.540 83.649
409.060 3.560 56.302
409.070 3.410 77.964
409.080 3.640 68.117
409.090 3.770 75.108
409.100 3.590 70.348
409.120 3.540 84.781
409.130 3.610 84.230
409.140 3.630 77.577
409.190 3.570 82.669
409.200 3.420 75.515
409.210 3.470 60.419
409.220 3.730 57.364
409.230 3.700 75.963
409.240 3.690 76.337
409.250 3.330 44.163
409.270 3.500 43.117
409.280 3.590 63.867
409.290 4.130 78.414
409.300 3.670 78.845
409.310 3.630 64.674
409.330 3.510 88.789
409.340 3.450 55.854
409.350 3.540 54.788
409.360 3.370 39.557
409.370 3.680 62.013
409.380 3.620 59.170
409.390 3.600 64.859
409.400 3.480 62.805
409.410 3.510 60.894
409.420 3.690 72.917
409.430 3.650 84.049
409.440 3.520 59.814
409.450 3.630 62.832
409.460 3.680 50.305
409.470 3.880 75.929
409.480 4.130 82.546
409.500 3.540 75.860
409.510 3.580 54.170
409.520 3.600 64.662
409.530 3.670 47.277
409.540 4.120 68.401
409.550 3.470 55.320
409.560 3.420 63.503
409.570 3.760 64.597
409.580 3.460 55.906
409.590 3.550 62.886
409.600 3.720 73.026
409.610 4.020 53.159
409.620 4.290 55.963
409.630 4.480 78.491
409.640 4.550 57.021
409.650 3.830 39.441
409.660 4.400 44.168
409.680 5.080 52.164
409.690 4.890 52.572
409.700 3.550 59.247
409.710 3.740 69.316
409.720 3.480 60.991
409.730 3.370 53.341
409.740 3.550 71.178
409.760 3.520 69.999
409.770 3.520 38.182
409.780 3.690 77.890
409.800 3.960 73.231
409.810 3.720 69.409
409.820 4.260 34.679
409.830 4.640 43.091
409.840 4.910 37.662
409.850 5.140 51.985
409.860 4.520 42.526
409.870 4.470 39.634
409.880 4.950 59.776
409.890 4.900 43.799
409.900 5.080 43.913
409.910 5.320 50.291
409.920 4.800 41.750
409.930 5.110 44.887
409.940 4.740 61.371
409.950 4.780 53.240
409.960 5.030 48.547
409.970 4.930 54.226
409.980 4.660 55.975
409.990 4.770 41.280
410.000 4.610 61.698
410.010 4.460 73.294
410.020 3.420 54.043
410.030 3.480 64.301
410.040 3.460 79.815
410.050 3.570 62.394
410.060 3.660 76.743
410.070 4.240 66.341
410.080 4.490 45.086
410.090 5.350 67.590
410.100 5.210 64.138
410.110 3.590 88.775
410.130 3.840 85.326
410.140 3.500 60.846
410.150 3.550 73.603
410.160 3.480 79.211
410.170 3.940 87.643
410.190 3.680 82.163
410.200 3.630 75.147
410.210 3.610 72.545
410.220 3.550 60.352
410.230 3.640 75.034
410.240 3.700 67.881
410.250 3.530 67.186
410.260 3.410 51.354
410.270 3.880 61.737
410.280 3.410 70.746
410.290 3.240 59.090
410.300 4.080 85.667
410.310 3.690 75.310
410.330 3.470 68.831
410.340 3.410 64.294
410.350 3.350 52.753
410.360 3.490 57.430
410.370 3.580 72.228
410.380 3.580 83.522
410.390 3.510 64.354
410.400 3.740 75.435
410.410 3.700 61.212
410.430 3.400 48.347
410.440 3.400 51.584
410.450 3.360 66.344
410.460 3.510 62.138
410.470 3.320 58.516
410.480 3.520 64.425
410.490 3.550 72.893
410.500 3.760 83.754
410.520 3.620 59.317
410.530 3.320 65.099
410.540 3.390 79.612
410.550 3.510 52.891
410.560 3.530 64.816
410.570 3.330 59.202
410.580 3.600 75.431
410.590 3.650 82.581
410.610 3.510 55.791
410.620 3.700 62.265
410.630 3.410 67.245
410.640 3.440 71.990
410.650 3.460 78.244
410.660 3.930 48.861
410.670 3.670 81.853
410.680 3.450 88.518
410.690 3.540 66.754
410.700 3.750 87.432
410.710 3.420 44.857
410.720 3.770 79.579
410.730 3.890 45.028
410.740 3.480 49.213
410.750 3.490 51.249
410.760 3.880 79.916
410.770 3.870 68.093
410.780 3.800 54.574
410.800 3.570 39.606
410.810 3.500 68.944
410.820 3.630 66.157
410.830 3.540 86.046
410.840 3.590 83.781
410.850 3.510 26.477
410.860 3.490 69.536
410.880 3.750 48.454
410.890 3.510 44.009
410.900 3.520 53.365
410.910 3.350 62.375
410.920 3.550 66.638
410.930 3.490 61.875
410.950 3.480 77.475
411.000 3.530 68.387
411.010 3.590 79.694
411.020 3.720 82.890
411.030 3.660 70.716
411.040 3.750 62.031
411.050 3.680 77.462
411.060 3.500 72.815
411.070 3.490 77.872
411.080 3.540 49.672
411.090 3.930 82.193
411.100 3.390 66.526
411.110 3.420 58.096
411.130 3.240 51.408
411.140 3.530 62.721
411.150 3.590 54.512
411.160 3.670 62.950
411.170 3.400 59.252
411.180 3.590 69.502
411.190 3.620 76.621
411.200 3.530 67.078
411.210 3.450 66.472
411.220 3.600 60.632
411.230 3.680 50.162
411.240 3.470 79.652
411.250 3.420 38.897
411.260 3.410 56.598
411.270 3.460 75.948
411.290 3.290 70.601
411.300 3.530 71.919
411.310 3.730 44.864
411.320 3.970 79.660
411.330 3.570 73.971
411.340 3.600 79.749
411.350 3.490 51.009
411.360 3.640 58.413
411.370 3.380 57.992
411.380 3.580 79.822
411.390 3.650 53.870
411.400 3.730 73.946
411.410 3.540 86.731
411.420 3.760 74.969
411.430 3.460 64.983
411.440 3.620 47.979
411.450 3.410 56.631
411.460 3.770 71.881
411.470 3.350 47.876
411.480 3.500 49.050
411.490 3.550 45.275
411.500 3.530 68.105
411.520 3.410 52.153
411.530 3.710 67.006
411.540 3.830 63.479
411.550 3.520 46.368
411.560 3.590 75.332
411.570 3.360 53.904
411.580 3.460 87.482
411.600 3.670 67.133
411.610 3.800 42.925
411.620 3.480 79.597
411.630 3.350 62.161
411.640 3.360 45.754
411.650 3.650 63.625
411.660 3.380 47.410
411.670 3.420 72.157
411.680 3.500 60.952
411.690 3.410 43.728
411.710 3.450 54.718
411.720 3.350 63.412
411.730 3.710 63.587
411.740 3.480 65.248
411.770 3.330 71.799
411.780 3.830 71.894
411.790 3.590 81.960
411.800 3.430 86.548
411.810 3.800 70.868
411.820 3.870 80.905
411.830 3.640 40.709
411.840 3.710 51.745
411.870 5.060 60.099
411.880 5.540 76.260
411.900 4.850 56.463
411.910 5.290 64.986
411.920 5.970 75.200
411.930 5.960 77.839
411.940 5.380 80.338
411.970 5.090 64.232
411.980 5.960 82.145
411.990 5.450 79.537
412.000 3.320 53.795
412.030 3.200 43.314
412.040 3.440 44.252
412.050 3.570 74.621
412.060 3.450 46.230
412.070 3.590 48.171
412.080 4.340 51.880
412.100 3.790 73.410
412.110 3.830 77.912
412.120 3.800 66.687
412.130 3.600 63.307
412.140 3.490 58.263
412.150 4.120 65.265
412.160 3.680 26.620
412.170 3.390 66.605
412.180 3.490 79.890
412.190 4.100 50.631
412.200 3.760 80.606
412.210 3.530 53.211
412.220 3.410 84.968
412.230 3.420 80.713
412.250 3.650 63.046
412.260 3.330 54.878
412.270 3.620 79.166
412.280 3.460 60.191
412.290 3.480 74.307
412.300 3.600 60.390
412.310 3.510 64.611
412.320 3.450 81.530
412.330 3.480 89.731
412.340 3.320 48.103
412.370 3.570 76.198
412.400 3.460 69.463
412.410 3.750 66.099
412.420 3.420 68.818
412.430 3.500 72.965
412.440 3.510 80.147
412.450 3.450 69.661
412.460 3.690 59.919
412.470 3.590 67.880
412.480 4.030 79.626
412.490 3.540 72.564
412.510 3.470 83.276
412.530 3.540 78.373
412.550 3.480 71.290
412.590 3.420 69.794
412.600 3.400 73.111
412.610 3.480 60.200
412.620 3.240 29.893
412.630 3.560 78.136
412.640 3.520 73.412
412.650 3.370 73.332
412.670 3.700 85.578
412.680 3.400 67.036
412.690 3.470 73.210
412.700 3.290 56.489
412.710 3.610 36.953
412.720 3.340 37.112
412.730 3.390 66.538
412.740 3.520 78.767
412.750 3.400 56.261
412.760 3.640 72.557
412.770 3.940 79.011
412.780 3.400 83.915
412.790 3.380 40.382
412.800 3.660 76.814
412.810 3.440 78.080
412.820 3.670 70.263
412.830 3.570 78.967
412.840 3.720 86.017
412.850 3.720 75.196
412.860 3.370 58.489
412.870 3.590 55.560
412.880 3.600 73.308
412.890 3.530 64.507
412.900 3.540 71.225
412.920 3.630 71.364
412.930 3.730 75.555
412.950 3.800 75.937
412.960 3.490 75.872
412.970 3.570 80.619
412.980 3.650 79.150
412.990 3.550 83.073
413.000 3.560 74.609
413.010 3.400 73.972
413.020 3.600 80.342
413.030 3.310 37.526
413.040 3.500 69.289
413.050 3.530 44.687
413.060 3.490 62.533
413.070 3.400 69.627
413.090 3.330 71.088
413.100 3.660 86.069
413.110 3.480 73.916
413.120 3.380 59.370
413.130 3.650 81.668
413.160 3.350 63.050
413.170 3.380 51.786
413.180 3.330 52.065
413.190 3.340 55.629
413.200 3.410 59.559
413.210 3.500 77.827
413.220 3.470 61.220
413.230 3.280 67.767
413.240 3.590 82.578
413.250 3.490 55.828
413.260 4.530 39.669
413.270 4.580 52.251
413.280 3.890 69.892
413.290 3.390 43.414
413.300 3.370 71.485
413.310 3.510 37.642
413.320 3.620 64.009
413.330 3.510 64.955
413.340 3.530 64.990
413.350 4.090 42.926
413.360 4.000 26.502
413.370 4.000 32.014
413.380 4.270 48.896
413.390 4.830 21.644
413.400 3.580 72.810
413.410 3.720 81.036
413.420 3.990 48.346
413.430 3.660 48.890
413.440 4.620 45.523
413.450 3.530 62.240
413.460 3.760 39.079
413.470 4.040 59.243
413.480 4.210 36.907
413.490 4.060 42.275
413.500 3.870 77.448
413.520 3.630 79.514
413.530 3.970 51.438
413.540 3.810 33.045
413.550 3.380 73.338
413.560 3.790 70.663
413.570 3.490 79.967
413.580 3.620 79.766
413.590 3.370 53.919
413.600 3.520 47.108
413.610 3.320 42.930
413.620 3.780 79.177
413.630 3.700 68.530
413.640 3.530 64.205
413.650 3.530 79.621
413.670 3.600 80.517
413.680 4.010 71.619
413.690 3.170 55.339
413.700 3.520 67.682
413.720 3.590 59.922
413.730 3.430 79.338
413.740 3.950 55.705
413.750 3.640 56.704
413.760 3.430 60.000
413.770 3.700 44.938
413.780 3.900 62.546
413.790 3.670 86.542
413.800 3.450 56.965
413.810 3.770 70.843
413.820 3.270 60.300
413.830 3.510 84.928
413.840 3.880 85.301
413.870 3.660 89.828
413.890 3.380 69.984
413.900 3.670 87.917
413.920 3.310 68.466
413.930 3.430 74.018
413.940 3.710 81.897
413.960 3.610 71.614
414.010 3.550 87.514
414.020 3.870 79.231
414.040 4.130 71.804
414.060 3.590 87.076
414.070 3.660 65.018
414.080 3.390 45.679
414.090 3.700 68.966
414.100 3.240 42.948
414.110 3.810 87.029
414.120 4.090 47.966
414.130 3.620 59.912
414.150 3.730 80.274
414.160 3.440 69.713
414.170 3.680 80.039
414.190 3.320 63.681
414.230 3.630 88.006
414.250 3.430 57.199
414.260 3.470 70.114
414.270 3.560 58.094
414.290 3.400 81.248
414.300 3.960 61.064
414.310 4.030 88.041
414.320 3.600 80.143
414.330 3.530 56.319
414.340 3.500 54.721
414.350 3.220 67.204
414.370 3.620 75.664
414.380 3.660 75.500
414.400 3.750 80.006
414.410 3.670 75.468
414.420 3.520 64.815
414.430 3.880 86.470
414.450 3.630 83.505
414.470 3.860 63.112
414.480 3.480 74.390
414.490 3.500 56.689
414.500 3.710 59.692
414.510 3.490 78.614
414.520 3.470 65.867
414.540 3.760 78.252
414.550 3.470 82.448
414.570 3.490 63.229
414.600 3.870 69.410
414.610 3.730 71.424
414.630 3.970 64.556
414.640 3.580 82.413
414.680 3.800 89.349
414.720 3.600 73.051
414.730 3.510 56.885
414.740 3.850 82.081
414.790 3.810 83.658
414.800 3.590 61.311
414.810 3.690 56.931
414.820 3.660 75.493
414.840 3.460 85.559
414.870 3.560 84.238
414.880 3.250 51.875
414.890 4.420 76.018
414.900 5.460 63.452
414.910 5.020 75.220
414.920 5.850 85.544
414.960 5.770 82.024
414.970 5.760 69.024
414.980 5.850 67.501
414.990 5.400 66.397
415.000 5.260 58.254
415.010 4.800 64.363
415.020 5.250 44.645
415.030 5.450 64.317
415.040 5.230 63.201
415.050 5.170 75.063
415.060 4.510 63.857
415.070 4.870 57.896
415.100 6.000 74.074
415.150 5.890 66.850
415.180 5.850 68.665
415.200 5.870 58.099
415.210 6.000 72.345
415.290 5.990 86.899
415.320 5.820 85.964
415.380 5.880 89.015
415.690 5.710 48.046
415.890 5.920 75.780
417.400 5.960 81.583
417.420 5.610 72.743
417.430 5.530 87.497
417.440 5.400 89.042
417.450 5.990 73.095
417.490 5.610 76.682
417.560 5.730 73.799
417.830 5.680 69.365
417.840 5.820 57.750
417.850 5.460 44.132
417.860 5.770 33.114
417.870 5.790 71.862
418.120 5.470 68.142
418.130 5.570 80.071
419.920 5.890 87.217
419.930 5.020 82.892
419.940 4.890 75.020
420.160 4.970 68.416
420.200 4.540 81.932
420.220 4.570 88.564
420.730 3.410 82.138
420.740 3.410 80.762
420.750 3.550 81.487
420.760 3.480 17.034
420.770 3.450 73.638
420.780 3.400 62.070
420.790 3.390 81.467
420.800 3.400 66.067
420.810 3.610 87.903
420.830 3.400 55.054
420.840 3.390 43.945
420.850 3.320 47.724
420.870 3.990 55.217
420.880 3.350 13.859
420.890 4.150 55.566
420.900 3.970 34.545
420.910 3.850 38.946
420.920 4.980 50.599
420.930 4.220 52.049
420.940 4.710 63.121
420.950 4.490 53.415
420.960 4.260 38.532
420.970 4.520 53.735
420.980 4.450 48.432
420.990 3.840 31.011
421.000 4.830 53.956
421.010 4.310 49.856
421.020 4.020 36.386
421.030 4.120 49.286
421.040 4.150 44.174
421.050 4.330 41.728
421.060 4.850 64.035
421.070 4.690 70.275
421.080 4.940 63.951
421.090 4.640 50.623
421.100 4.680 65.366
421.110 4.880 46.925
421.120 4.590 66.836
421.130 4.270 11.034
421.140 4.510 24.083
421.150 3.320 33.063
421.160 3.600 63.537
421.170 4.530 37.688
421.180 4.340 56.336
421.190 4.270 42.180
421.200 4.690 66.408
421.210 5.040 74.732
421.220 4.940 80.706
421.230 4.580 58.237
421.240 4.130 41.891
421.250 4.650 67.810
421.260 4.300 19.514
421.270 4.220 21.881
421.280 4.440 35.753
421.290 4.650 27.071
421.300 4.280 34.474
421.310 5.260 40.946
421.320 4.810 22.805
421.330 4.670 45.643
421.340 3.890 44.696
421.350 4.160 26.041
421.360 3.570 40.806
421.370 3.740 35.594
421.380 3.780 26.111
421.390 3.330 35.812
421.400 3.690 53.283
421.410 3.350 49.806
421.420 3.930 42.836
421.430 3.600 35.659
421.440 3.730 35.806
421.450 3.590 73.540
421.460 3.490 45.094
421.470 3.850 36.339
421.480 3.720 34.465
421.490 3.290 49.926
421.500 3.730 35.726
421.510 3.870 61.254
421.520 4.400 82.570
421.530 4.120 32.526
421.540 3.740 36.315
421.550 3.840 72.546
421.560 3.370 39.635
421.570 3.670 18.444
421.580 3.790 49.479
421.590 3.920 40.439
421.600 3.640 47.791
421.610 3.450 54.847
421.620 3.770 28.585
421.630 3.950 23.138
421.640 3.590 37.262
421.650 3.270 44.050
421.660 3.400 36.563
421.670 3.500 82.478
421.680 3.560 30.056
421.690 3.440 62.084
421.700 3.630 81.939
421.710 4.490 54.888
421.720 3.710 79.965
421.730 3.620 54.224
421.740 3.800 28.949
421.750 3.690 59.012
421.760 3.550 62.224
421.770 3.540 74.065
421.780 3.290 62.543
421.790 3.490 74.445
421.800 3.610 75.265
421.810 3.350 62.841
421.820 3.610 57.163
421.830 3.550 50.219
421.840 3.710 63.011
421.850 3.600 86.682
421.860 3.770 73.250
421.870 3.540 51.086
421.880 3.690 68.440
421.890 3.440 52.711
421.900 3.530 45.807
421.910 3.530 51.725
421.920 3.390 44.212
421.930 3.730 46.086
421.940 3.800 50.700
421.950 3.370 54.233
421.980 3.690 68.432
421.990 3.480 52.408
422.000 3.830 72.347
422.010 3.850 51.509
422.020 3.880 70.257
422.040 3.500 72.964
422.060 3.370 61.757
422.070 3.510 62.959
422.080 4.600 78.234
422.090 3.370 67.937
422.100 3.560 50.775
422.110 3.530 48.544
422.120 3.930 89.412
422.130 3.900 51.998
422.140 4.020 39.155
422.160 3.230 56.020
422.170 3.660 56.236
422.180 3.200 64.878
422.190 3.440 55.372
422.200 3.430 54.276
422.210 3.680 42.529
422.220 3.280 66.796
422.230 3.430 76.230
422.240 3.380 69.828
422.250 3.450 48.225
422.260 3.390 53.559
422.270 3.410 49.949
422.280 4.110 29.225
422.290 4.930 59.826
422.300 4.580 59.692
422.310 5.380 80.046
422.320 5.160 71.738
422.330 4.680 38.581
422.340 4.710 43.616
422.350 5.070 49.802
422.360 5.360 60.370
422.370 5.520 61.124
422.380 5.450 78.004
422.390 5.370 58.827
422.400 4.800 60.824
422.410 4.740 69.460
422.420 4.800 47.442
422.430 4.870 56.634
422.440 4.160 35.471
422.450 5.210 73.102
422.460 4.700 56.447
422.470 4.850 65.912
422.480 4.410 53.248
422.490 4.600 59.370
422.500 4.820 57.427
422.510 5.080 65.509
422.520 5.180 63.056
422.530 5.070 65.085
422.540 5.410 56.874
422.550 4.950 69.491
422.560 5.400 70.368
422.570 5.330 70.398
422.580 5.240 72.723
422.590 5.740 83.540
422.600 5.250 68.883
422.620 5.420 79.736
422.630 5.310 61.688
422.640 5.490 66.138
422.650 5.660 81.247
422.660 5.090 58.929
422.670 5.700 67.008
422.680 5.300 55.620
422.690 5.250 66.864
422.700 5.040 57.092
422.710 5.690 65.406
422.720 5.700 73.200
422.730 5.850 65.009
422.740 4.900 81.732
422.750 5.570 71.007
422.770 5.170 47.493
422.780 5.970 58.489
422.790 5.290 89.350
422.810 5.440 81.254
422.830 5.570 86.131
422.840 5.140 68.078
422.860 5.230 70.057
422.870 5.460 76.478
422.880 5.010 59.877
422.890 5.400 71.741
422.900 4.850 59.229
422.920 4.930 73.147
422.930 5.040 73.423
422.940 5.280 75.914
422.960 5.140 62.160
422.970 5.170 75.393
422.980 5.400 77.720
422.990 5.290 71.358
423.000 5.080 70.135
423.010 4.300 49.020
423.020 5.290 59.349
423.030 5.340 70.016
423.040 5.280 59.028
423.050 5.360 69.939
423.060 5.260 56.279
423.070 4.920 56.080
423.080 5.370 66.846
423.090 5.200 67.041
423.100 5.360 77.971
423.110 5.240 68.333
423.120 4.530 52.207
423.130 5.670 82.490
423.170 5.290 74.316
423.200 5.830 80.695
423.210 5.600 81.687
423.260 5.500 87.943
423.270 5.520 86.567
423.300 5.240 84.998
423.330 5.790 82.932
423.350 5.610 67.000
423.370 5.760 84.502
423.380 5.460 69.522
423.400 5.500 81.439
423.410 5.150 57.794
423.420 5.530 85.029
423.440 5.530 80.832
423.460 5.580 83.412
423.470 5.520 72.133
423.480 5.490 68.644
423.500 5.010 61.425
423.510 5.640 86.415
423.520 5.800 82.173
423.530 5.320 83.118
423.540 5.650 82.970
423.550 4.850 55.205
423.560 5.100 50.610
423.570 4.930 62.055
423.590 5.590 71.741
423.600 4.670 54.058
423.610 5.020 63.549
423.620 5.320 53.024
423.630 5.610 63.176
423.640 5.440 59.887
423.650 4.850 62.306
423.660 5.490 56.429
423.670 4.750 71.440
423.680 3.580 30.366
423.690 3.480 57.852
423.700 3.590 32.904
423.720 3.460 62.612
423.730 3.540 35.955
423.740 3.900 70.037
423.750 3.900 85.264
423.760 3.690 50.528
423.770 3.570 66.941
423.780 3.730 56.101
423.790 4.120 45.517
423.800 3.820 26.126
423.810 4.360 49.275
423.820 4.100 49.606
423.830 3.260 34.476
423.840 3.480 44.318
423.850 3.480 81.809
423.860 3.450 73.540
423.870 3.420 39.531
423.880 3.620 62.458
423.890 3.780 41.062
423.900 3.790 46.215
423.910 3.440 32.881
423.920 3.580 18.620
423.930 3.560 43.720
423.940 3.480 77.513
423.950 3.570 65.763
423.960 3.520 88.873
423.970 3.630 48.847
423.980 3.710 70.913
423.990 3.910 52.765
424.000 4.500 38.465
424.010 3.810 60.794
424.020 3.690 33.656
424.030 3.510 71.490
424.040 3.830 41.460
424.050 3.600 25.391
424.060 3.550 14.800
424.070 3.700 83.193
424.080 3.470 89.113
424.090 3.480 34.393
424.100 3.650 17.494
424.110 3.650 35.468
424.120 3.660 82.876
424.130 3.770 69.898
424.140 3.520 35.457
424.150 3.540 13.964
424.160 3.510 21.520
424.170 3.650 46.116
424.180 3.660 38.612
424.190 3.530 75.814
424.200 3.710 82.611
424.210 3.500 47.327
424.220 3.560 69.838
424.230 3.520 43.850
424.240 3.470 40.198
424.250 3.470 45.584
424.260 3.560 83.616
424.270 3.540 86.922
424.290 3.630 67.673
424.300 3.870 26.747
424.310 3.580 58.868
424.320 3.250 55.865
424.330 3.570 75.451
424.340 3.440 89.926
424.360 3.670 43.279
424.370 3.620 73.816
424.380 3.640 72.056
424.390 3.480 51.064
424.400 3.430 60.851
424.420 3.590 86.418
424.430 3.720 74.100
424.440 3.710 29.063
424.450 3.750 45.394
424.460 3.530 76.906
424.470 3.710 78.020
424.480 3.240 46.476
424.490 3.550 66.373
424.500 3.620 74.530
424.510 3.970 62.716
424.520 3.650 66.497
424.530 3.670 45.555
424.540 3.860 50.157
424.550 3.560 56.640
424.560 3.520 28.722
424.570 3.580 66.365
424.580 3.500 30.210
424.590 3.660 64.339
424.600 3.790 54.245
424.610 3.610 49.876
424.620 3.960 70.139
424.630 3.580 73.783
424.640 3.640 59.003
424.650 3.540 26.363
424.660 3.620 60.665
424.670 3.760 38.621
424.680 3.510 69.853
424.690 3.400 78.075
424.710 3.650 60.847
424.720 3.490 86.026
424.730 3.580 78.526
424.740 3.770 62.614
424.750 3.520 69.524
424.760 3.810 51.547
424.770 3.500 34.277
424.780 3.520 47.573
424.790 3.670 48.627
424.800 3.540 37.457
424.810 3.920 38.278
424.820 3.870 44.520
424.830 3.460 56.004
424.840 3.480 21.919
424.850 3.770 52.266
424.860 3.450 23.331
424.870 3.810 41.195
424.880 3.790 26.728
424.890 3.850 76.508
424.900 3.870 41.284
424.910 3.640 74.636
424.920 3.570 58.214
424.930 4.010 26.283
424.940 3.500 71.247
424.950 3.600 73.884
424.960 3.930 57.417
424.970 3.530 47.438
424.980 3.980 56.909
424.990 3.480 60.848
425.000 3.410 56.076
425.010 3.840 55.745
425.020 3.730 44.402
425.030 3.570 61.976
425.040 3.410 32.607
425.050 3.640 71.872
425.060 3.740 42.142
425.070 3.450 56.745
425.080 3.880 25.295
425.090 3.660 28.462
425.100 3.690 59.745
425.110 3.470 2.341
425.120 3.490 38.659
425.130 3.560 49.410
425.140 3.640 61.432
425.150 3.450 46.567
425.160 3.680 15.171
425.170 3.680 26.140
425.180 3.880 37.511
425.190 3.750 41.921
425.200 3.700 45.335
425.210 3.460 65.341
425.220 3.440 49.486
425.230 3.600 36.239
425.240 3.470 31.533
425.250 3.550 32.934
425.260 4.050 44.166
425.270 3.640 14.879
425.280 3.600 29.846
425.290 3.630 60.295
425.300 3.590 16.936
425.310 3.650 45.877
425.320 3.420 41.050
425.330 3.560 64.336
425.340 3.780 41.627
425.350 3.430 35.064
425.360 3.510 16.162
425.370 3.590 62.878
425.380 3.600 13.694
425.390 3.480 51.453
425.400 3.540 31.134
425.410 3.400 31.347
425.420 3.600 28.175
425.430 3.340 35.064
425.440 3.560 43.640
425.450 3.450 30.511
425.460 3.720 45.462
425.470 3.710 33.830
425.480 3.660 34.576
425.490 3.610 24.433
425.500 3.610 17.656
425.510 3.530 26.767
425.520 3.510 41.638
425.530 3.440 9.310
425.540 3.500 25.672
425.550 3.750 49.329
425.560 3.750 28.861
425.570 3.500 52.578
425.580 3.590 60.015
425.590 3.480 70.512
425.600 3.510 64.659
425.610 3.820 39.479
425.620 3.680 27.433
425.630 3.530 19.741
425.640 3.860 67.885
425.650 3.540 63.827
425.660 3.840 68.623
425.670 3.610 77.470
425.680 3.600 65.461
425.700 3.790 59.455
425.710 3.590 67.934
425.720 3.630 69.504
425.730 3.550 72.473
425.740 3.680 54.983
425.750 3.740 82.444
425.760 3.350 40.230
425.770 3.780 64.705
425.780 3.560 38.622
425.790 3.820 52.068
425.800 3.700 82.094
425.810 3.790 41.016
425.820 3.620 39.454
425.830 3.680 53.241
425.840 3.400 47.839
425.850 3.540 26.469
425.860 3.580 27.559
425.870 3.740 28.110
425.880 3.870 21.390
425.890 3.600 40.788
425.900 3.660 48.428
425.910 3.450 31.358
425.920 3.260 63.052
425.930 3.750 12.658
425.940 3.770 26.697
425.950 4.090 40.788
425.960 3.500 39.679
425.970 3.720 34.710
425.980 3.330 33.935
425.990 3.480 72.007
426.000 3.560 65.467
426.010 3.790 61.634
426.020 3.460 85.240
426.030 3.580 59.828
426.040 3.580 71.043
426.050 3.620 26.428
426.060 3.500 83.051
426.070 3.540 75.944
426.080 3.700 42.153
426.090 3.780 57.078
426.100 3.700 76.675
426.110 3.730 58.174
426.120 3.880 52.651
426.130 3.520 77.709
426.140 3.510 60.159
426.150 3.570 58.305
426.160 3.380 23.668
426.170 3.470 57.228
426.180 3.420 71.322
426.190 4.000 48.676
426.200 3.560 47.486
426.210 3.610 49.659
426.220 3.550 69.488
426.230 3.430 62.138
426.240 3.660 49.864
426.250 3.620 84.172
426.270 3.570 74.987
426.280 3.670 72.410
426.290 3.690 75.991
426.300 3.630 54.068
426.310 3.520 89.068
426.320 3.900 48.039
426.330 3.620 64.794
426.340 3.700 59.010
426.350 3.620 62.623
426.360 3.490 58.401
426.370 3.680 39.430
426.380 3.520 50.687
426.390 3.730 65.631
426.400 3.540 50.500
426.410 3.840 69.820
426.420 3.700 48.421
426.430 3.820 46.883
426.440 3.470 51.767
426.450 3.680 57.617
426.460 3.850 56.330
426.470 3.590 54.077
426.480 3.610 40.842
426.490 3.750 42.318
426.500 3.740 59.039
426.510 3.560 70.588
426.520 3.680 26.954
426.530 3.720 59.872
426.540 3.640 42.441
426.550 3.510 65.111
426.560 3.630 38.224
426.570 3.560 88.025
426.580 3.510 71.618
426.590 3.710 53.061
426.600 3.640 46.848
426.610 3.590 47.783
426.620 3.420 71.842
426.630 3.840 57.442
426.640 3.600 43.645
426.650 3.600 5.424
426.660 3.520 46.840
426.670 3.530 73.300
426.680 3.690 74.413
426.690 3.400 49.343
426.700 3.610 59.079
426.710 3.490 72.755
426.720 3.630 71.106
426.730 3.520 63.320
426.740 3.800 50.306
426.750 3.430 61.437
426.760 3.590 39.886
426.770 3.620 36.115
426.780 3.790 72.555
426.790 3.680 73.621
426.800 3.350 60.907
426.810 3.580 58.015
426.820 3.670 72.049
426.830 3.550 61.732
426.840 3.650 42.993
426.850 3.530 52.787
426.860 3.690 59.818
426.870 3.630 42.222
426.880 3.230 49.019
426.890 3.730 60.778
426.900 3.690 40.883
426.910 3.830 30.262
426.920 3.670 32.649
426.930 3.670 41.098
426.940 3.450 38.305
426.950 3.620 34.750
426.960 3.520 43.953
426.970 3.600 36.127
426.980 3.710 65.055
426.990 3.540 18.152
427.000 3.530 62.323
427.010 3.550 50.427
427.020 3.780 39.640
427.030 3.440 38.798
427.040 3.630 39.172
427.050 3.380 33.211
427.060 3.530 17.902
427.070 3.540 21.535
427.080 3.450 49.725
427.090 3.570 26.637
427.100 3.630 34.219
427.110 3.510 49.761
427.120 3.670 46.377
427.130 3.660 35.723
427.140 3.540 32.070
427.150 3.800 47.675
427.160 3.960 37.748
427.170 3.550 9.795
427.180 3.560 60.656
427.190 3.570 53.886
427.200 3.620 57.772
427.210 3.810 23.017
427.220 3.630 51.478
427.230 3.680 32.438
427.240 3.670 53.875
427.250 3.560 15.266
427.260 4.170 36.456
427.270 3.460 62.006
427.280 3.990 43.640
427.290 3.510 56.580
427.300 3.670 27.070
427.310 4.020 25.211
427.320 3.500 21.149
427.330 3.630 39.851
427.340 3.710 59.928
427.350 3.730 86.578
427.360 3.920 46.950
427.370 3.740 35.378
427.380 3.770 55.417
427.390 3.630 59.091
427.400 3.630 39.413
427.410 3.740 70.433
427.420 3.550 56.208
427.430 3.490 17.930
427.440 3.520 58.351
427.450 3.700 16.102
427.460 3.600 45.786
427.470 3.450 45.546
427.480 3.700 32.768
427.490 3.710 14.966
427.500 3.470 28.378
427.510 3.540 11.101
427.520 3.930 25.008
427.530 3.840 29.760
427.540 3.570 64.279
427.550 3.760 72.544
427.560 3.860 62.745
427.570 3.630 73.396
427.580 3.550 45.833
427.590 3.480 62.551
427.600 4.140 38.895
427.610 3.550 57.535
427.620 3.590 66.625
427.630 3.410 71.857
427.640 3.810 51.169
427.650 3.850 40.772
427.660 3.540 48.281
427.670 3.830 29.845
427.680 3.300 27.750
427.690 3.860 49.108
427.700 3.620 68.205
427.710 3.670 57.573
427.720 3.580 47.377
427.730 3.540 79.032
427.740 3.350 54.147
427.750 3.800 77.482
427.760 3.640 58.172
427.770 3.550 86.804
427.780 3.630 81.989
427.790 3.870 54.969
427.800 3.770 60.495
427.810 3.550 36.183
427.820 3.880 24.344
427.830 3.620 26.516
427.840 3.230 41.148
427.850 3.580 83.978
427.860 3.850 53.483
427.870 3.550 19.071
427.880 3.620 36.543
427.890 3.540 49.641
427.900 3.560 41.043
427.910 3.490 71.689
427.920 3.580 57.969
427.930 3.700 31.015
427.940 3.720 72.600
427.950 3.350 63.193
427.960 3.430 46.645
427.970 3.640 57.203
427.980 3.190 43.240
427.990 3.370 41.750
428.000 3.830 43.739
428.010 3.430 38.091
428.020 3.640 37.606
428.030 3.590 78.939
428.040 3.440 68.063
428.050 3.580 35.559
428.060 3.460 55.779
428.070 3.770 60.841
428.080 3.390 58.184
428.090 3.540 65.758
428.100 3.310 52.548
428.110 3.700 80.822
428.120 3.620 75.459
428.130 3.530 75.173
428.140 3.540 51.913
428.150 3.520 46.595
428.160 3.630 48.970
428.170 3.530 53.074
428.180 3.400 52.568
428.190 3.520 41.849
428.200 3.550 58.433
428.210 3.410 12.465
428.220 3.810 39.387
428.230 3.330 52.969
428.240 3.370 35.313
428.250 3.450 49.915
428.260 3.680 76.159
428.270 3.280 43.808
428.280 3.440 64.910
428.290 3.630 65.193
428.300 3.550 48.407
428.310 3.350 45.540
428.320 3.700 21.840
428.330 3.580 55.176
428.340 3.560 62.647
428.350 3.260 56.421
428.360 3.480 45.527
428.370 3.660 44.343
428.380 3.640 80.351
428.390 3.420 38.232
428.400 3.750 86.850
428.410 3.900 83.268
428.420 3.620 54.314
428.430 3.780 22.082
428.440 3.470 44.164
428.450 3.470 55.218
428.460 3.480 48.660
428.470 3.260 18.816
428.480 3.300 50.091
428.490 3.650 62.347
428.500 3.600 62.385
428.510 3.950 42.719
428.520 3.540 50.840
428.530 3.660 28.929
428.540 3.430 60.456
428.550 3.640 45.019
428.560 3.350 37.230
428.570 3.620 72.973
428.580 3.660 64.413
428.590 3.800 77.983
428.600 3.710 50.932
428.620 3.510 63.652
428.630 3.500 72.223
428.640 3.420 27.506
428.650 3.930 47.761
428.660 3.750 69.539
428.670 3.540 85.756
428.680 3.540 63.059
428.700 3.450 72.726
428.710 3.650 58.445
428.720 3.520 78.988
428.730 3.640 86.327
428.740 3.360 37.970
428.750 3.580 73.755
428.770 3.610 68.580
428.780 3.300 28.215
428.790 3.490 67.198
428.800 3.490 27.876
428.810 3.670 52.029
428.820 3.790 34.422
428.830 3.440 17.145
428.840 3.490 47.322
428.850 3.500 47.294
428.860 3.310 10.896
428.870 3.480 44.115
428.880 3.500 56.201
428.890 3.320 32.536
428.900 3.540 40.088
428.910 3.340 47.957
428.930 3.350 72.926
428.940 3.380 52.499
428.950 3.210 32.898
428.960 3.530 75.481
428.970 3.630 57.309
428.980 3.480 58.268
428.990 3.300 55.111
429.000 3.530 64.332
429.010 3.540 66.640
429.020 3.510 69.911
429.030 3.570 38.030
429.040 3.510 47.570
429.050 3.420 54.566
429.060 3.460 77.040
429.070 3.090 40.601
429.080 3.410 60.997
429.090 3.260 37.069
429.100 3.370 58.194
429.110 3.430 45.526
429.120 3.430 47.638
429.130 3.270 39.433
429.140 3.500 45.717
429.150 3.250 34.909
429.160 3.330 47.242
429.170 3.610 49.203
429.180 3.460 45.475
429.190 3.370 55.802
429.200 3.860 67.290
429.210 3.530 52.497
429.220 3.560 47.012
429.230 3.680 60.218
429.240 3.620 37.431
429.250 3.580 59.225
429.260 3.360 49.043
429.270 3.720 38.806
429.280 3.600 36.369
429.290 4.140 54.903
429.300 4.180 29.303
429.310 3.550 32.498
429.320 3.550 57.047
429.330 3.640 46.184
429.340 3.630 28.242
429.350 3.590 16.498
429.360 3.550 47.374
429.370 3.990 19.413
429.380 3.520 29.777
429.390 3.700 18.564
429.400 3.590 63.994
429.410 3.800 25.758
429.420 3.360 54.022
429.430 3.520 49.229
429.440 3.770 62.279
429.450 3.830 27.584
429.460 4.020 80.143
429.470 3.410 40.635
429.480 3.630 61.549
429.490 3.490 30.014
429.500 3.710 42.986
429.510 3.930 48.231
429.520 3.550 34.858
429.530 3.880 36.307
429.540 3.690 37.284
429.550 3.900 30.659
429.560 3.750 38.653
429.570 3.490 48.628
429.580 3.940 52.951
429.590 3.910 54.121
429.600 3.720 16.710
429.610 3.440 29.967
429.620 3.600 55.678
429.630 3.770 28.378
429.640 3.510 77.504
429.650 3.740 54.244
429.660 3.780 24.018
429.670 3.660 29.956
429.680 3.850 33.913
429.690 3.700 13.318
429.700 3.540 41.417
429.710 3.580 30.386
429.720 3.630 25.016
429.730 3.530 64.517
429.740 3.530 3.530
429.750 4.180 10.211
429.760 3.770 15.096
429.770 3.770 10.690
429.780 3.610 11.393
429.790 3.840 7.537
429.800 3.440 32.946
429.810 4.020 31.888
429.820 3.480 17.153
429.830 3.520 18.953
429.840 3.680 23.789
429.850 3.990 40.988
429.860 3.540 16.710
429.870 4.080 31.819
429.880 3.890 18.682
429.890 3.770 19.290
429.900 3.610 22.038
429.910 3.760 26.321
429.920 3.610 46.190
429.930 3.600 32.939
429.940 3.680 12.480
429.950 3.400 24.608
429.960 3.570 9.697
429.970 3.610 44.389
429.980 3.540 30.967
429.990 3.590 67.344
430.000 3.690 61.284
430.010 3.580 48.441
430.020 3.950 21.654
430.030 3.720 42.901
430.040 3.550 32.244
430.050 3.870 23.994
430.060 3.650 8.694
430.070 3.760 42.107
430.080 3.290 34.290
430.090 3.390 59.323
430.100 3.910 42.528
430.110 3.550 46.114
430.120 3.610 67.174
430.130 3.790 39.033
430.140 3.620 48.130
430.150 4.300 50.922
430.160 3.520 22.752
430.170 3.590 42.419
430.180 3.650 20.858
430.190 3.500 33.200
430.200 3.880 41.498
430.210 3.470 11.887
430.220 3.960 16.740
430.230 3.530 54.322
430.240 3.690 31.785
430.250 3.870 17.862
430.260 3.440 15.778
430.270 3.890 29.508
430.280 3.410 29.868
430.290 3.650 50.188
430.300 3.510 49.777
430.310 3.650 44.579
430.320 3.440 45.083
430.330 3.940 28.434
430.340 3.440 36.552
430.350 3.430 31.031
430.360 3.100 14.914
430.370 3.690 22.180
430.380 3.710 58.140
430.390 3.500 61.935
430.400 4.290 33.246
430.410 4.130 43.177
430.420 3.720 37.402
430.430 3.960 25.716
430.440 3.560 15.833
430.450 3.660 25.582
430.460 3.450 58.357
430.470 3.200 47.678
430.480 3.640 26.008
430.490 3.750 56.267
430.500 3.890 54.550
430.510 3.330 33.514
430.520 4.400 19.733
430.530 4.900 40.518
430.540 3.430 35.493
430.550 3.480 59.200
430.560 3.460 48.180
430.570 3.630 45.459
430.580 3.570 66.067
430.590 3.720 69.975
430.600 3.380 41.706
430.610 3.340 54.692
430.620 3.770 29.741
430.630 3.680 78.452
430.640 3.570 57.592
430.650 3.500 60.035
430.660 3.390 42.494
430.670 3.550 12.178
430.680 3.280 27.524
430.690 3.830 35.578
430.700 3.320 52.820
430.710 3.640 38.521
430.720 3.670 57.976
430.730 3.700 31.949
430.740 3.420 35.649
430.750 3.690 54.759
430.760 3.660 66.412
430.770 3.480 60.967
430.780 4.040 39.909
430.790 3.720 61.053
430.800 3.710 48.170
430.810 3.360 64.174
430.820 3.510 50.512
430.830 3.560 53.898
430.840 3.550 40.022
430.850 3.300 53.911
430.870 3.700 48.787
430.880 3.450 19.964
430.900 3.620 85.541
430.910 3.640 66.272
430.920 3.580 81.224
430.930 3.700 73.058
430.940 3.750 75.647
430.950 3.610 47.984
430.960 3.460 79.293
430.970 3.500 44.292
430.980 4.340 18.171
430.990 4.280 35.021
431.000 3.700 41.001
431.010 3.440 35.193
431.020 3.830 59.566
431.030 3.670 50.064
431.040 3.360 54.881
431.050 4.030 50.498
431.060 3.490 87.053
431.070 3.930 51.349
431.080 4.030 31.496
431.090 3.650 18.517
431.100 3.670 23.015
431.110 3.900 17.031
431.120 3.650 25.483
431.130 3.770 28.782
431.140 3.590 80.774
431.150 3.530 47.247
431.160 3.940 57.632
431.170 4.190 29.814
431.180 3.650 41.068
431.190 4.160 51.937
431.200 3.540 66.571
431.210 3.750 59.424
431.220 3.680 57.052
431.240 3.600 53.194
431.250 3.430 39.499
431.260 3.470 34.471
431.270 3.770 50.534
431.280 3.670 60.135
431.290 3.560 46.645
431.300 3.220 42.661
431.310 3.720 38.825
431.320 3.550 61.166
431.330 3.570 20.038
431.340 3.480 57.522
431.360 3.420 49.519
431.380 3.720 48.360
431.390 3.670 37.083
431.400 3.640 21.845
431.410 3.370 10.154
431.420 3.400 42.105
431.430 3.610 14.478
431.440 3.560 28.476
431.450 3.620 59.898
431.460 3.720 12.462
431.470 3.780 63.455
431.480 3.810 43.365
431.490 3.590 34.222
431.500 3.580 40.653
431.510 3.450 47.255
431.520 3.470 60.175
431.530 3.870 42.243
431.540 3.780 42.870
431.550 3.680 32.344
431.560 3.770 33.426
431.570 3.480 25.442
431.580 3.680 39.405
431.590 3.980 41.707
431.600 3.620 49.622
431.610 3.720 43.023
431.620 3.830 29.287
431.630 3.890 24.973
431.640 3.840 39.007
431.650 3.610 38.935
431.660 3.790 3.594
431.670 3.560 26.232
431.680 3.490 29.237
431.690 3.620 13.656
431.700 3.610 32.469
431.710 3.420 16.715
431.720 4.070 45.417
431.730 3.550 75.494
431.740 3.430 81.949
431.750 3.640 71.926
431.760 3.340 59.390
431.770 3.400 64.410
431.780 3.470 63.705
431.790 3.390 75.050
431.800 3.580 67.117
431.810 3.640 61.364
431.820 3.310 73.932
431.840 3.550 56.352
431.850 3.540 56.959
431.860 3.510 63.144
431.870 3.590 64.276
431.880 3.770 70.817
431.890 3.500 66.234
431.900 3.700 48.954
431.910 3.500 78.873
431.920 3.450 50.051
431.930 3.450 76.294
431.940 3.640 66.497
431.950 3.670 68.753
431.960 4.750 46.099
431.970 4.220 55.692
431.980 3.880 21.356
431.990 3.430 38.345
432.000 3.870 47.371
432.010 3.710 38.166
432.020 3.910 33.269
432.030 4.120 42.730
432.040 4.450 29.718
432.050 4.270 46.422
432.060 3.360 62.304
432.070 3.410 46.858
432.080 3.450 47.564
432.090 3.560 54.943
432.100 3.700 35.004
432.110 3.330 64.397
432.120 3.680 42.550
432.130 3.330 48.233
432.140 3.640 69.010
432.150 3.270 57.875
432.160 3.300 26.568
432.170 3.560 30.847
432.180 4.390 40.108
432.190 4.830 50.886
432.200 3.790 47.223
432.210 4.310 66.091
432.220 4.050 56.147
432.230 3.780 49.231
432.240 3.480 60.635
432.250 3.500 42.281
432.260 3.580 70.096
432.270 3.610 80.953
432.280 3.090 35.762
432.290 3.800 39.371
432.300 3.320 29.825
432.310 4.320 20.070
432.320 4.150 25.933
432.330 4.340 26.269
432.340 4.120 43.879
432.350 4.790 67.253
432.360 3.950 27.759
432.370 3.520 24.329
432.380 4.460 68.167
432.390 4.010 57.600
432.400 4.290 77.283
432.410 4.200 58.391
432.420 3.510 50.758
432.430 4.050 34.544
432.440 3.950 38.064
432.450 3.830 22.147
432.460 4.950 36.519
432.470 4.620 24.033
432.480 4.700 74.259
432.490 4.210 39.835
432.500 4.350 22.859
432.510 3.790 20.374
432.520 3.510 16.145
432.530 3.820 39.937
432.540 3.840 24.673
432.550 4.810 15.925
432.560 3.620 20.927
432.570 4.970 65.866
432.580 3.690 30.161
432.590 3.950 27.382
432.600 3.880 44.751
432.610 3.620 43.625
432.620 3.530 26.899
432.630 3.350 48.797
432.640 3.460 30.201
432.650 3.720 50.622
432.660 3.670 56.775
432.670 3.590 34.793
432.680 3.790 15.784
432.690 3.450 24.018
432.700 3.400 49.859
432.710 3.690 25.775
432.720 3.520 37.928
432.730 3.520 29.915
432.740 3.670 68.205
432.760 3.520 53.158
432.770 3.480 53.119
432.780 3.500 70.660
432.790 3.690 48.823
432.800 3.410 35.614
432.810 3.840 56.360
432.820 3.690 63.325
432.830 3.480 12.605
432.840 3.620 51.741
432.850 3.490 68.258
432.860 3.500 32.323
432.870 3.410 16.261
432.880 3.730 69.146
432.890 3.560 29.531
432.900 3.470 42.855
432.910 3.840 16.090
432.920 4.020 21.071
432.930 3.880 42.803
432.940 3.610 51.666
432.950 3.620 52.480
432.960 3.650 25.809
432.970 3.520 39.421
432.980 3.690 19.772
432.990 3.410 28.221
433.000 3.660 55.825
433.010 3.700 40.263
433.020 3.730 45.204
433.030 3.660 47.194
433.040 3.490 26.329
433.050 3.760 51.142
433.060 3.830 45.899
433.070 3.580 48.764
433.080 3.460 51.811
433.090 3.770 54.562
433.100 3.810 61.622
433.110 3.370 39.860
433.120 3.160 25.343
433.130 3.630 22.775
433.140 3.470 49.510
433.150 3.920 8.774
433.160 3.510 62.396
433.170 3.830 45.335
433.180 3.640 56.414
433.190 3.420 48.917
433.200 3.530 58.420
433.210 3.490 36.344
433.220 3.400 35.412
433.230 3.500 66.485
433.240 3.580 36.571
433.250 3.650 49.030
433.260 3.750 69.483
433.270 3.480 38.167
433.280 3.610 49.461
433.290 3.470 51.485
433.300 3.580 64.077
433.310 3.480 55.129
433.320 3.490 31.507
433.330 3.760 53.614
433.340 3.450 48.462
433.350 3.540 50.453
433.360 3.230 26.008
433.370 3.530 24.558
433.380 3.430 24.752
433.390 3.410 76.042
433.400 4.070 28.761
433.410 3.620 30.754
433.420 3.980 25.990
433.430 3.410 30.053
433.440 3.680 42.521
433.450 3.510 50.981
433.460 3.490 45.852
433.470 3.600 43.794
433.480 3.500 61.582
433.490 3.580 36.745
433.500 3.960 33.187
433.510 3.830 49.549
433.520 3.700 28.239
433.530 3.840 50.025
433.540 3.700 65.277
433.550 3.880 24.526
433.560 3.850 25.395
433.570 3.690 35.292
433.580 3.830 29.104
433.590 4.010 33.322
433.600 3.620 47.061
433.610 3.690 67.798
433.620 3.640 50.459
433.630 3.520 57.911
433.640 3.510 53.798
433.650 3.660 59.030
433.660 3.650 62.631
433.670 3.630 39.353
433.680 3.470 16.928
433.690 3.560 45.656
433.700 3.510 22.818
433.710 3.740 65.196
433.720 3.410 59.270
433.730 3.890 51.875
433.740 3.440 79.055
433.750 3.430 68.885
433.760 3.720 70.430
433.770 3.690 32.584
433.780 3.590 37.947
433.790 3.580 29.036
433.800 3.460 35.157
433.810 3.720 38.758
433.820 3.440 74.696
433.830 3.370 81.383
433.840 3.700 71.856
433.850 3.510 55.063
433.860 3.800 25.262
433.870 3.700 40.118
433.880 3.730 55.584
433.890 3.550 51.209
433.900 3.430 53.343
433.910 3.560 60.100
433.920 3.450 37.128
433.930 3.780 51.999
433.940 3.960 51.101
433.950 3.450 50.027
433.960 3.600 56.053
433.970 3.780 56.446
433.980 3.550 48.873
433.990 3.840 58.916
434.000 3.690 71.426
434.010 3.890 22.153
434.020 3.630 48.630
434.030 3.420 55.882
434.040 3.330 59.977
434.050 3.380 61.966
434.060 3.550 44.907
434.070 3.550 42.859
434.080 3.900 42.842
434.090 3.480 41.313
434.100 3.330 54.312
434.110 3.320 26.125
434.120 3.510 50.950
434.140 3.710 49.308
434.150 3.460 65.463
434.160 3.510 45.501
434.170 3.570 70.947
434.180 3.530 71.990
434.190 3.590 65.187
434.200 3.580 29.686
434.210 3.530 57.791
434.220 3.370 48.928
434.230 3.610 75.611
434.240 3.440 73.677
434.250 3.660 62.925
434.260 3.820 56.754
434.270 3.330 42.443
434.280 3.230 28.501
434.290 3.370 74.494
434.300 3.750 64.222
434.310 3.480 78.258
434.330 3.820 59.921
434.340 3.480 47.270
434.350 3.490 49.027
434.360 3.730 22.468
434.380 3.380 56.763
434.390 3.660 56.538
434.400 3.560 62.189
434.410 3.620 57.756
434.420 3.620 29.534
434.430 3.700 31.569
434.440 3.760 49.446
434.450 3.770 53.187
434.460 4.080 39.701
434.470 3.730 51.436
434.480 3.700 81.630
434.490 3.550 21.415
434.500 3.610 55.768
434.510 3.720 40.385
434.520 4.030 47.299
434.530 3.700 22.904
434.540 3.720 12.121
434.550 3.550 69.911
434.560 3.390 50.325
434.570 3.720 38.244
434.580 3.520 32.607
434.590 3.480 83.604
434.600 3.860 45.446
434.610 3.530 16.246
434.620 3.580 44.418
434.630 3.600 70.101
434.640 3.530 43.847
434.650 3.710 19.295
434.660 3.780 49.175
434.670 3.690 70.147
434.680 3.400 67.378
434.690 3.420 67.148
434.700 3.410 77.737
434.710 3.380 29.930
434.720 4.200 80.180
434.730 3.690 64.737
434.740 3.850 50.084
434.750 3.720 62.593
434.760 3.870 59.844
434.770 3.810 52.294
434.780 3.780 30.705
434.790 3.430 44.737
434.800 3.560 37.801
434.810 3.430 31.944
434.820 3.460 53.004
434.830 3.810 87.657
434.840 3.910 63.372
434.850 3.670 50.606
434.860 3.210 37.749
434.870 3.540 66.826
434.880 3.860 66.006
434.890 3.540 56.078
434.900 3.950 63.950
434.910 3.440 75.291
434.920 3.360 72.226
434.930 3.640 60.929
434.940 3.570 84.523
434.950 3.550 47.566
434.970 3.660 50.932
434.980 3.570 55.775
434.990 3.590 47.356
435.000 3.340 23.684
435.010 3.300 57.365
435.020 3.450 39.732
435.030 3.680 43.393
435.040 4.040 37.769
435.050 3.460 24.196
435.060 3.450 62.122
435.070 3.590 66.927
435.080 3.380 56.130
435.090 4.140 40.036
435.100 3.510 66.970
435.110 4.210 58.503
435.120 3.790 34.094
435.130 3.800 38.209
435.140 3.820 22.184
435.150 3.890 66.125
435.160 3.680 49.971
435.170 3.810 27.090
435.180 3.880 55.721
435.190 3.620 78.580
435.200 3.400 58.141
435.210 3.660 72.690
435.220 3.880 52.890
435.230 3.580 65.831
435.240 4.020 38.949
435.250 3.600 74.776
435.260 3.360 61.304
435.270 5.510 70.982
435.280 4.870 35.497
435.290 4.600 36.639
435.300 4.690 40.641
435.310 4.020 41.434
435.320 3.900 35.131
435.330 4.920 57.364
435.340 3.530 47.348
435.350 3.430 51.747
435.360 3.760 33.970
435.370 3.410 64.896
435.380 3.530 63.239
435.390 4.370 42.819
435.400 3.720 33.258
435.410 4.720 56.551
435.420 4.110 46.283
435.430 3.220 62.606
435.440 4.520 38.932
435.450 3.940 44.326
435.460 4.090 71.890
435.470 3.440 81.595
435.480 3.600 49.599
435.490 3.510 69.699
435.500 3.520 78.762
435.510 3.540 80.985
435.530 3.860 78.885
435.540 3.650 60.483
435.550 3.660 59.359
435.560 4.090 55.419
435.570 4.040 62.176
435.580 4.180 29.613
435.590 3.750 49.687
435.600 3.870 42.362
435.610 3.360 38.191
435.620 3.400 50.866
435.630 3.620 73.638
435.640 3.640 57.131
435.650 3.780 42.230
435.660 3.560 71.501
435.670 4.320 66.184
435.680 3.740 49.267
435.690 3.750 45.840
435.700 3.660 61.772
435.710 3.680 87.021
435.720 3.560 62.027
435.730 3.580 79.091
435.740 3.540 63.589
435.750 3.450 61.242
435.760 3.910 65.911
435.770 3.670 40.261
435.780 3.560 59.262
435.790 3.530 71.969
435.800 3.480 66.104
435.810 3.520 61.169
435.820 3.260 42.800
435.830 3.560 33.937
435.840 3.750 30.687
435.850 4.020 49.598
435.860 3.720 47.797
435.870 3.570 48.272
435.880 3.730 71.525
435.890 3.610 86.910
435.900 3.830 76.460
435.910 4.020 28.032
435.920 4.220 50.304
435.930 4.370 45.196
435.940 4.170 30.789
435.950 3.430 39.389
435.960 3.820 28.174
435.970 3.600 36.600
435.980 3.550 74.312
435.990 3.710 47.933
436.000 3.690 53.236
436.010 3.440 57.319
436.020 3.570 63.854
436.030 3.530 71.004
436.040 3.230 34.778
436.050 3.380 57.999
436.060 4.610 50.832
436.070 3.450 60.547
436.090 3.530 52.331
436.100 3.440 52.371
436.110 3.420 65.653
436.120 3.660 81.289
436.130 3.380 66.164
436.140 3.620 65.423
436.160 3.650 78.098
436.170 3.650 57.447
436.180 3.710 65.033
436.190 3.560 75.887
436.200 3.720 57.278
436.210 3.450 50.089
436.220 3.710 64.399
436.230 3.530 78.107
436.240 3.630 74.489
436.250 3.460 81.675
436.270 3.430 86.268
436.280 3.530 72.164
436.290 3.840 48.831
436.300 3.470 60.262
436.310 3.290 38.208
436.320 3.350 55.621
436.330 3.410 56.029
436.340 3.610 60.130
436.350 3.540 80.354
436.360 3.390 79.636
436.370 3.420 68.917
436.380 3.360 62.265
436.390 3.450 54.169
436.400 3.480 54.892
436.410 3.440 71.325
436.430 3.350 67.622
436.440 3.520 53.008
436.450 3.800 41.689
436.460 3.850 59.037
436.470 3.510 71.696
436.480 3.570 76.761
436.490 3.550 70.141
436.500 3.500 70.317
436.510 4.090 42.508
436.520 4.380 78.431
436.530 3.460 73.464
436.540 3.470 64.299
436.550 3.390 66.065
436.560 3.430 76.793
436.570 3.410 66.622
436.590 3.440 60.135
436.600 3.390 61.007
436.610 3.100 52.816
436.620 3.620 74.035
436.630 3.580 83.640
436.640 3.510 83.522
436.650 3.670 55.227
436.660 3.670 43.945
436.670 3.770 82.013
436.680 3.530 82.260
436.700 3.590 56.262
436.710 3.710 84.994
436.720 3.650 46.132
436.730 3.190 48.237
436.740 3.440 85.594
436.750 3.700 80.545
436.760 4.630 68.125
436.770 4.480 65.879
436.780 2.970 33.809
436.790 3.160 31.107
436.800 3.310 46.321
436.810 3.280 57.822
436.820 4.090 60.220
436.830 3.980 53.297
436.840 3.670 88.177
436.850 3.490 75.195
436.860 3.760 85.661
436.870 3.650 63.250
436.880 3.380 72.206
436.900 3.480 58.399
436.910 3.560 66.003
436.920 3.460 54.050
436.930 3.720 80.481
436.940 4.070 52.655
436.950 3.530 29.728
436.960 3.920 53.348
436.970 3.350 81.292
436.980 3.650 47.407
436.990 3.640 76.959
437.000 3.430 72.934
437.010 3.310 52.046
437.020 4.300 22.116
437.030 3.720 25.910
437.040 3.630 27.353
437.050 3.440 23.211
437.060 3.820 34.451
437.070 3.610 11.521
437.080 4.060 48.603
437.090 3.570 26.823
437.100 4.410 24.745
437.110 3.320 37.445
437.120 3.720 65.413
437.130 3.590 58.849
437.140 3.340 56.858
437.150 3.540 43.035
437.160 3.550 38.226
437.170 3.170 18.286
437.180 3.380 47.418
437.190 3.390 58.100
437.200 3.400 53.024
437.210 3.570 32.047
437.220 3.530 61.091
437.230 3.450 49.475
437.240 4.490 58.136
437.250 4.650 63.906
437.260 4.430 51.770
437.270 4.230 65.262
437.280 4.310 68.016
437.290 4.150 48.170
437.300 4.050 43.157
437.310 3.970 54.017
437.320 4.410 48.363
437.330 4.480 59.083
437.340 4.500 55.571
437.350 4.670 56.829
437.360 4.460 53.574
437.370 4.520 57.641
437.380 4.380 30.591
437.390 4.810 48.443
437.400 4.300 50.231
437.410 3.280 35.701
437.420 3.420 39.485
437.430 3.570 48.409
437.440 3.540 82.518
437.450 3.450 58.695
437.460 3.650 80.715
437.470 3.450 57.494
437.480 3.750 12.532
437.490 4.090 35.385
437.500 3.810 10.935
437.510 4.290 23.326
437.520 4.120 42.237
437.530 3.440 72.722
437.540 3.550 28.231
437.550 3.900 53.218
437.560 3.210 47.043
437.570 3.420 41.999
437.580 3.930 35.832
437.590 3.390 26.624
437.600 3.500 49.458
437.610 3.660 33.942
437.620 4.470 60.436
437.630 3.640 26.807
437.640 3.580 37.883
437.650 3.640 44.745
437.660 3.330 52.340
437.670 4.080 36.364
437.680 3.470 42.453
437.690 3.340 40.751
437.700 3.460 11.682
437.710 3.780 27.444
437.720 3.310 41.860
437.730 3.560 59.922
437.740 3.330 56.494
437.750 3.630 45.088
437.760 4.090 28.573
437.770 3.550 57.667
437.780 3.690 67.338
437.800 3.390 60.842
437.810 3.660 60.350
437.820 3.480 39.997
437.830 3.280 44.330
437.840 3.360 44.105
437.850 3.360 73.410
437.860 3.290 31.776
437.870 3.370 53.868
437.880 4.130 43.946
437.890 3.700 73.250
437.900 3.310 64.328
437.910 3.790 55.386
437.920 3.450 88.670
437.930 3.520 26.251
437.940 3.540 65.730
437.950 3.520 62.166
437.960 3.450 82.331
437.980 3.630 73.687
437.990 3.670 70.093
438.000 3.390 68.681
438.010 3.360 78.393
438.020 3.440 69.110
438.030 3.500 72.635
438.040 3.650 72.089
438.050 3.370 58.388
438.060 3.260 62.188
438.070 4.360 27.009
438.080 3.720 21.609
438.090 3.330 39.823
438.100 3.550 58.509
438.110 3.630 48.128
438.120 3.200 32.779
438.130 3.630 72.771
438.140 3.350 49.150
438.150 3.950 46.640
438.160 3.690 40.524
438.170 4.500 50.056
438.180 4.710 57.542
438.190 4.330 40.532
438.200 4.310 19.710
438.210 4.350 25.749
438.220 4.010 26.010
438.230 3.450 49.567
438.240 3.970 75.126
438.250 3.530 16.425
438.260 3.630 64.167
438.270 3.460 86.087
438.280 3.390 55.475
438.290 3.460 85.396
438.300 3.500 50.518
438.310 3.210 38.099
438.320 3.700 60.464
438.330 3.660 28.130
438.340 3.460 57.440
438.350 3.660 68.479
438.360 3.490 69.752
438.370 3.710 72.495
438.380 3.290 52.687
438.390 3.510 58.884
438.400 3.590 55.129
438.410 3.550 84.472
438.420 3.370 60.235
438.430 3.380 30.753
438.440 3.580 65.391
438.450 3.420 65.547
438.460 3.520 56.353
438.470 3.390 56.558
438.480 3.580 60.073
438.490 3.640 48.019
438.500 3.610 82.165
438.510 3.470 77.300
438.520 3.460 79.632
438.530 3.910 45.729
438.540 3.500 67.873
438.550 3.410 53.565
438.560 3.810 49.267
438.570 4.170 38.891
438.580 3.650 12.963
438.590 3.860 30.341
438.600 3.480 48.339
438.610 3.720 56.889
438.620 3.480 40.411
438.630 3.480 54.289
438.640 3.940 29.423
438.650 3.160 11.751
438.660 3.560 27.334
438.670 3.410 66.077
438.680 3.220 26.978
438.690 3.430 22.019
438.700 3.520 28.497
438.710 3.340 19.244
438.720 3.530 41.981
438.730 3.770 72.160
438.740 3.710 24.375
438.750 3.660 68.494
438.760 3.500 80.821
438.770 3.430 50.820
438.780 3.520 89.269
438.790 3.320 49.945
438.800 3.470 63.433
438.810 3.390 63.082
438.820 3.470 77.045
438.840 3.690 68.045
438.850 3.470 30.219
438.860 3.260 43.532
438.870 3.450 65.511
438.880 3.340 66.352
438.890 3.290 52.930
438.900 3.380 75.532
438.910 3.770 58.542
438.920 3.670 72.378
438.930 3.600 71.706
438.940 3.260 52.531
438.950 3.780 32.698
438.960 3.690 25.407
438.970 3.400 50.464
438.990 3.620 23.345
439.000 3.500 49.626
439.010 3.560 52.407
439.040 3.750 81.006
439.050 3.730 61.302
439.060 3.480 79.142
439.070 3.570 78.477
439.080 3.130 43.604
439.090 3.450 34.843
439.100 3.540 42.084
439.110 3.570 38.851
439.120 3.660 39.778
439.130 3.520 67.982
439.140 3.810 60.757
439.150 3.470 47.899
439.160 3.510 19.748
439.170 3.460 63.811
439.180 3.560 33.331
439.190 3.340 69.928
439.200 3.480 24.502
439.210 3.420 27.623
439.220 3.610 52.352
439.230 3.450 47.755
439.240 3.620 42.661
439.250 3.670 34.767
439.260 3.660 50.177
439.270 3.340 65.912
439.280 3.470 71.842
439.290 3.640 50.788
439.300 3.440 41.880
439.310 3.250 52.418
439.320 3.430 43.625
439.330 3.630 36.349
439.340 3.920 23.584
439.350 3.720 23.059
439.360 3.410 55.432
439.370 3.420 80.222
439.380 3.230 46.756
439.390 3.550 27.153
439.400 3.560 49.967
439.410 3.560 30.525
439.420 3.450 72.008
439.430 3.430 52.520
439.440 3.440 79.646
439.450 3.550 50.236
439.460 3.700 19.854
439.470 3.700 28.666
439.480 3.650 28.319
439.490 3.880 32.506
439.500 3.600 44.203
439.510 3.530 50.067
439.520 3.680 48.907
439.530 3.340 34.874
439.540 3.470 79.708
439.550 3.500 39.999
439.560 3.490 73.535
439.570 3.750 48.822
439.580 3.560 89.056
439.590 3.470 53.264
439.600 3.560 51.789
439.610 3.490 30.969
439.620 3.660 20.988
439.630 3.580 41.639
439.640 3.450 28.989
439.650 3.660 27.249
439.660 3.900 25.364
439.670 3.550 51.661
439.680 3.680 53.161
439.690 3.550 26.482
439.700 3.470 27.574
439.710 3.550 27.691
439.720 3.420 43.040
439.730 3.670 44.490
439.740 3.530 49.549
439.750 4.010 43.444
439.760 3.540 66.382
439.770 3.540 59.264
439.780 3.620 29.616
439.790 3.690 36.070
439.800 3.490 38.711
439.810 3.760 22.964
439.820 3.670 65.136
439.830 3.690 60.158
439.840 3.740 61.065
439.850 3.510 46.198
439.860 3.680 33.134
439.870 3.520 41.594
439.880 3.440 31.073
439.890 3.660 46.282
439.900 3.370 22.810
439.910 3.650 36.647
439.920 3.810 15.603
439.930 3.680 42.363
439.940 3.540 58.917
439.950 3.540 33.111
439.960 4.030 40.256
439.970 3.780 37.425
439.980 3.520 44.200
439.990 3.540 35.970
440.000 3.830 43.182
440.010 3.510 18.829
440.020 3.650 20.099
440.030 3.550 45.643
440.040 3.510 38.684
440.050 3.590 46.205
440.060 3.400 36.405
440.070 3.640 40.967
440.080 3.440 23.580
440.090 3.630 14.598
440.100 3.470 34.783
440.110 3.440 32.402
440.120 3.610 17.462
440.130 3.610 28.275
440.140 3.490 53.929
440.150 3.530 49.486
440.160 3.560 49.596
440.170 3.450 49.789
440.180 3.510 56.741
440.190 3.590 39.635
440.200 3.570 21.149
440.210 3.360 28.618
440.220 3.410 74.090
440.230 3.460 51.112
440.240 3.610 63.967
440.250 3.790 46.015
440.260 3.890 64.353
440.270 3.320 42.557
440.280 3.810 25.506
440.290 3.450 6.849
440.300 3.850 39.027
440.310 3.440 68.207
440.320 3.440 29.139
440.330 3.450 34.614
440.340 3.960 38.236
440.350 3.750 38.375
440.360 3.650 50.370
440.380 3.580 59.351
440.390 3.400 44.763
440.400 3.560 46.372
440.410 3.490 39.768
440.420 3.540 38.105
440.430 3.430 46.806
440.440 3.470 44.905
440.450 3.650 32.002
440.460 3.470 58.802
440.470 3.390 24.043
440.480 3.320 10.502
440.490 3.650 20.978
440.500 3.640 19.598
440.510 3.270 17.175
440.520 3.420 61.631
440.530 3.600 43.853
440.540 3.550 43.073
440.550 3.470 79.707
440.560 3.500 41.862
440.570 3.240 45.232
440.580 3.580 45.815
440.590 3.410 47.014
440.600 3.510 39.266
440.610 3.540 41.902
440.620 3.410 36.612
440.630 3.440 41.924
440.640 3.350 25.776
440.650 3.940 30.339
440.660 3.490 46.183
440.670 3.480 54.916
440.680 3.460 67.053
440.690 3.520 74.443
440.700 3.400 72.829
440.710 3.650 60.845
440.720 3.520 83.734
440.730 3.420 32.321
440.740 3.500 51.845
440.750 3.570 46.335
440.760 3.600 38.953
440.770 3.680 45.404
440.780 3.740 50.678
440.790 3.570 78.416
440.800 3.850 55.480
440.810 3.290 23.940
440.820 3.290 35.494
440.830 3.500 27.490
440.840 3.680 30.980
440.850 3.420 9.516
440.860 3.620 21.936
440.870 3.420 55.418
440.880 3.460 47.958
440.890 3.420 34.785
440.900 3.370 40.384
440.910 3.410 70.675
440.920 3.560 62.473
440.930 3.220 38.194
440.940 3.560 75.116
440.950 3.480 83.873
440.980 3.600 74.583
440.990 3.460 79.116
441.000 3.470 59.226
441.010 3.410 86.254
441.100 3.450 54.710
441.120 3.540 76.085
441.130 3.340 66.730
441.150 3.380 62.249
441.200 3.520 81.874
441.240 3.700 76.267
441.250 3.630 78.415
441.260 4.120 68.632
441.270 3.770 64.940
441.280 3.460 61.710
441.290 3.580 61.829
441.310 3.560 46.943
441.320 3.520 70.119
441.330 3.510 77.991
441.340 3.410 62.279
441.350 3.390 61.156
441.370 3.710 89.862
441.380 3.430 73.057
441.390 3.350 73.515
441.400 3.320 54.636
441.420 4.120 52.663
441.430 3.380 35.338
441.440 3.790 27.522
441.450 3.730 18.089
441.460 3.780 71.584
441.470 3.740 30.060
441.480 3.630 55.597
441.490 3.970 47.929
441.500 3.500 21.123
441.510 3.680 14.866
441.520 3.630 4.874
441.530 3.610 19.398
441.540 3.700 67.880
441.550 3.490 17.486
441.560 3.390 32.191
441.570 3.690 23.866
441.580 3.670 46.073
441.590 3.500 43.574
441.600 3.540 33.415
441.610 3.690 33.290
441.620 3.480 28.677
441.630 3.810 19.614
441.640 3.500 14.133
441.650 3.840 44.703
441.660 3.290 41.678
441.670 3.860 38.245
441.680 3.730 31.725
441.690 3.640 42.752
441.700 3.870 36.199
441.710 3.840 34.474
441.720 3.690 39.190
441.730 3.500 22.644
441.740 3.740 54.307
441.750 3.470 57.495
441.760 3.290 61.469
441.770 3.300 52.626
441.780 3.470 56.564
441.790 3.580 75.720
441.800 3.660 41.084
441.810 3.650 68.283
441.820 3.350 74.981
441.830 3.430 60.071
441.840 3.570 77.488
441.850 3.980 21.852
441.860 4.190 29.891
441.870 3.740 65.687
441.880 3.490 46.127
441.890 3.820 29.812
441.900 3.560 47.177
441.910 3.770 28.726
441.920 3.780 21.255
441.930 3.700 61.807
441.940 4.080 28.832
441.950 3.850 31.398
441.960 4.010 20.552
441.970 3.740 59.476
441.980 3.510 21.447
441.990 3.630 23.820
442.000 3.570 38.531
442.010 3.360 16.858
442.020 3.150 5.702
442.030 3.450 25.264
442.040 3.390 8.666
442.050 3.880 15.883
442.060 3.660 7.120
442.070 3.790 56.267
442.080 3.970 22.570
442.090 3.760 18.313
442.100 3.760 24.345
442.110 3.540 35.540
442.120 3.840 21.330
442.130 3.720 22.878
442.140 3.830 4.365
442.150 3.860 40.188
442.160 3.570 18.684
442.170 3.920 34.747
442.180 3.650 17.910
442.190 3.740 51.948
442.200 3.740 36.974
442.210 3.610 58.298
442.220 3.840 51.888
442.230 3.670 49.323
442.240 3.310 31.948
442.250 3.580 71.588
442.260 3.570 59.918
442.270 3.730 66.676
442.280 3.460 46.983
442.290 3.300 49.644
442.300 3.540 40.764
442.310 3.650 70.596
442.320 3.560 59.556
442.330 3.500 69.760
442.340 3.530 75.212
442.350 3.610 60.133
442.360 3.420 59.283
442.370 3.590 62.726
442.390 3.540 75.187
442.400 3.370 31.317
442.410 3.710 70.389
442.420 3.720 76.527
442.430 3.470 58.211
442.440 3.510 55.761
442.450 3.450 45.454
442.460 3.310 52.948
442.470 3.460 41.271
442.480 3.250 45.189
442.490 3.240 47.583
442.500 3.810 65.464
442.510 3.510 67.436
442.520 3.640 79.665
442.530 3.600 61.749
442.540 3.430 37.212
442.550 3.340 39.316
442.560 3.210 44.188
442.570 3.180 34.841
442.580 3.590 38.662
442.590 3.710 61.389
442.600 3.500 75.855
442.610 4.690 62.210
442.620 3.400 47.544
442.630 3.360 51.763
442.640 3.390 56.529
442.650 3.480 42.071
442.660 3.420 60.833
442.670 3.190 52.870
442.680 3.520 39.117
442.690 3.310 23.083
442.700 3.500 61.747
442.710 3.810 31.027
442.720 3.440 40.945
442.730 3.420 42.881
442.740 3.310 66.964
442.750 3.630 86.964
442.760 3.290 57.873
442.770 3.700 77.176
442.780 4.140 51.692
442.800 3.760 49.638
442.810 3.560 43.231
442.820 3.590 41.999
442.830 3.860 62.740
442.840 3.790 28.738
442.850 3.800 41.590
442.860 4.510 46.470
442.870 3.940 40.520
442.880 3.400 47.168
442.890 3.490 17.272
442.900 3.510 14.624
442.910 3.630 14.345
442.920 3.360 26.216
442.930 3.290 21.835
442.940 3.780 28.873
442.950 3.640 14.920
442.960 3.380 17.511
442.970 3.480 17.921
442.980 3.600 9.852
442.990 3.730 20.364
443.000 3.370 29.532
443.010 3.650 36.231
443.020 3.560 32.080
443.030 3.570 30.562
443.040 3.450 15.358
443.050 3.790 17.509
443.060 3.640 32.637
443.070 3.950 21.842
443.080 3.620 34.090
443.090 3.640 62.792
443.100 3.410 61.624
443.110 3.610 40.167
443.120 3.600 12.162
443.130 3.380 44.167
443.140 3.740 27.546
443.150 3.390 58.791
443.160 3.780 31.848
443.170 3.270 32.499
443.180 3.490 3.633
443.190 3.610 27.469
443.200 3.500 72.698
443.210 3.740 9.989
443.220 3.600 14.629
443.230 3.810 26.552
443.240 3.730 34.326
443.250 3.380 31.728
443.260 3.420 10.321
443.270 3.510 26.546
443.280 3.730 30.720
443.290 3.610 19.581
443.300 3.600 21.549
443.310 3.840 22.608
443.320 3.780 58.081
443.330 3.280 17.600
443.340 4.200 27.353
443.350 3.680 39.946
443.360 3.350 43.222
443.370 4.020 33.681
443.380 3.900 26.127
443.390 3.470 15.033
443.400 3.550 19.054
443.410 3.710 47.716
443.420 3.760 9.034
443.430 3.420 17.181
443.440 4.020 27.842
443.450 3.540 44.908
443.460 3.510 26.885
443.470 3.290 67.896
443.480 3.370 39.818
443.490 3.550 66.268
443.500 3.870 28.080
443.510 3.580 22.536
443.520 3.680 51.284
443.530 3.790 47.426
443.540 3.540 33.930
443.550 3.550 37.319
443.560 3.280 18.024
443.570 3.500 43.239
443.580 3.380 46.627
443.590 3.670 25.374
443.600 3.310 35.149
443.610 3.420 21.003
443.620 3.270 56.100
443.630 3.220 53.384
443.640 3.670 53.978
443.650 3.520 41.658
443.660 3.460 35.188
443.670 3.610 50.468
443.680 3.170 54.109
443.690 3.490 78.707
443.700 3.520 49.684
443.710 3.330 47.455
443.720 3.470 59.397
443.730 3.360 53.971
443.740 3.680 35.716
443.750 3.360 42.878
443.760 3.610 67.415
443.770 3.440 62.846
443.780 3.390 59.835
443.790 3.550 45.490
443.800 3.850 71.554
443.810 4.050 30.906
443.820 3.430 54.702
443.830 4.760 53.898
443.840 3.510 28.655
443.850 3.480 39.800
443.860 3.500 63.780
443.870 4.040 44.960
443.880 3.760 45.456
443.890 3.830 44.297
443.900 3.280 31.694
443.910 3.410 34.822
443.920 3.540 46.559
443.930 3.360 40.439
443.940 3.610 36.002
443.950 3.290 34.897
443.960 3.350 15.349
443.970 3.520 31.012
443.980 4.050 41.991
443.990 3.860 19.620
444.000 3.580 21.676
444.010 3.620 15.081
444.020 3.650 30.281
444.030 3.880 36.872
444.040 3.520 21.487
444.050 3.610 29.749
444.060 3.660 56.592
444.070 3.590 35.595
444.080 3.700 37.048
444.090 3.070 8.335
444.100 3.710 41.064
444.110 3.310 45.296
444.120 3.630 45.351
444.130 3.830 29.260
444.140 3.440 30.801
444.150 3.470 53.545
444.160 3.800 49.009
444.170 3.600 38.606
444.180 3.820 56.093
444.190 3.800 52.508
444.200 3.580 55.553
444.210 3.420 68.603
444.220 3.510 83.733
444.230 3.380 52.552
444.240 3.680 70.963
444.250 3.450 50.305
444.260 3.730 59.828
444.270 3.400 54.163
444.280 3.410 72.172
444.290 3.470 34.288
444.300 3.370 57.246
444.310 3.600 73.394
444.320 3.290 54.277
444.330 3.200 48.343
444.340 3.790 86.774
444.350 3.840 46.068
444.360 3.380 43.451
444.370 4.070 71.414
444.380 4.170 87.300
444.390 3.620 52.298
444.400 3.550 53.110
444.410 3.620 39.929
444.430 3.700 50.983
444.440 3.340 59.306
444.450 3.360 61.850
444.460 3.770 69.382
444.470 3.510 71.237
444.480 3.720 78.526
444.490 3.400 68.112
444.500 3.880 82.760
444.530 3.730 89.924
444.570 3.710 89.981
445.440 5.990 87.845
445.520 4.870 61.399
445.540 5.880 74.633
445.550 5.890 77.305
445.890 5.980 60.038
446.600 5.960 58.728
446.760 5.890 58.563
447.090 5.980 58.604
447.110 5.880 63.885
447.500 5.870 65.473
469.110 5.020 76.188
469.140 5.170 49.716
469.150 5.480 73.858
469.210 5.440 80.735
469.220 5.330 82.369
469.230 5.730 87.160
469.240 5.260 89.628
469.250 5.720 51.704
469.260 5.640 59.939
469.270 5.350 87.275
469.280 5.820 82.955
471.260 5.870 76.539
471.370 5.900 69.153
471.450 5.850 81.324
471.470 5.840 86.956
471.480 5.820 87.769
471.490 5.730 81.987
471.510 5.870 50.531
471.630 5.540 75.162
471.650 5.560 82.051
471.660 6.000 69.422
471.670 5.810 76.602
471.690 5.860 87.783
471.740 5.340 71.277
471.850 5.810 74.190
486.030 5.770 88.689
495.230 5.980 66.545
514.010 5.870 10.005
514.350 5.860 21.873
514.480 5.240 8.371
514.490 5.950 16.593
514.820 5.970 15.913
515.200 5.720 4.288
518.620 3.700 79.245
518.990 3.390 76.012
521.540 3.410 80.361
522.370 3.420 71.319
524.130 3.470 85.268
524.420 3.460 78.256
524.710 3.730 88.781
524.800 3.420 81.228
524.930 3.890 71.501
525.060 3.500 76.197
525.880 3.540 82.281
526.310 3.520 89.296
527.640 5.100 15.020
528.810 5.640 24.209
528.860 5.810 49.981
531.260 5.550 65.628
531.270 5.860 89.899
532.290 5.460 72.356
532.300 5.400 48.812
532.360 5.720 61.473
532.370 5.850 72.691
532.380 5.620 63.654
532.450 5.500 65.705
532.460 5.540 60.106
532.470 5.570 41.565
532.550 4.800 84.283
532.570 4.810 86.668
532.620 4.700 79.999
532.630 5.500 72.876
532.640 5.500 84.714
532.650 5.310 77.648
532.690 4.920 82.238
533.260 5.980 81.164
533.470 4.900 77.038
533.530 4.970 75.997
533.540 5.070 61.558
533.550 5.910 24.165
533.560 4.880 64.671
533.570 5.700 66.165
533.580 5.270 57.569
533.590 5.400 60.462
533.600 5.620 37.700
533.610 5.900 22.749
533.620 5.630 38.718
533.630 5.800 45.251
533.810 5.790 36.847
533.830 5.890 39.381
533.930 5.270 49.784
537.660 5.840 81.458
539.970 5.990 80.496
539.990 5.900 76.961
540.960 5.990 55.423
541.040 6.000 55.827
541.080 5.950 67.796
541.150 5.220 66.178
541.160 5.820 38.818
541.170 5.950 38.198
541.260 5.820 61.910
541.290 5.780 49.135
541.660 5.800 78.380
541.710 5.940 64.372
541.900 6.000 33.219
541.910 5.700 43.980
551.440 5.130 44.151
551.450 5.810 45.268
551.460 5.980 83.363
551.490 5.840 28.546
551.510 5.650 50.638
551.520 5.800 62.718
551.540 5.600 55.515
551.550 5.880 63.172
551.560 5.660 63.400
556.590 5.650 84.928
556.620 5.450 78.885
558.910 5.860 46.881
558.920 5.920 46.017
558.960 5.380 57.047
558.970 5.470 42.677
558.980 5.330 85.431
559.000 5.670 53.788
559.010 5.540 60.589
559.030 5.180 64.388
559.040 5.460 72.765
559.050 5.210 63.213
559.070 5.460 73.478
559.110 5.590 45.286
559.120 5.440 68.903
559.130 5.160 68.534
559.140 5.440 65.791
559.180 5.870 66.596
559.200 5.680 69.355
559.210 5.300 74.132
559.260 5.860 84.085
565.870 5.820 58.432
574.870 5.800 56.542
578.000 5.850 53.712
580.220 4.090 41.183
580.230 3.760 38.340
580.240 3.980 33.196
580.250 4.540 71.024
580.260 4.360 54.531
580.270 4.800 49.186
580.280 4.630 34.721
580.290 4.120 36.399
580.300 4.100 55.900
580.310 4.020 20.630
580.320 4.570 51.547
580.330 5.010 54.625
580.340 5.120 63.756
580.350 4.310 24.786
580.360 4.840 46.032
580.370 4.800 53.833
580.380 3.620 35.587
580.390 3.530 67.874
580.400 3.550 52.904
580.410 3.920 61.715
580.420 3.590 44.019
580.430 3.460 67.465
580.440 3.400 54.930
580.450 3.650 55.457
580.460 3.490 45.987
580.470 3.370 67.824
580.480 3.480 29.991
580.490 3.370 36.396
580.500 3.370 47.015
580.510 3.390 43.480
580.520 3.440 66.168
580.530 3.480 88.241
580.540 3.800 65.475
580.550 3.440 63.424
580.560 3.390 79.882
580.570 3.900 62.403
580.580 3.450 75.963
580.600 3.660 65.872
580.610 3.860 63.390
580.620 3.410 73.151
580.630 3.610 64.858
580.640 3.680 83.072
580.650 3.810 61.990
580.660 3.500 69.974
580.670 3.550 74.772
580.680 3.390 85.906
580.690 3.460 87.057
580.700 3.550 87.767
580.710 3.810 66.546
580.720 3.460 78.165
580.730 3.610 87.216
580.740 3.610 82.709
580.750 3.520 53.881
580.760 3.320 52.303
580.770 3.610 61.744
580.780 3.720 75.287
580.790 3.480 75.339
580.810 3.830 25.793
580.820 3.830 32.297
580.830 3.740 65.626
580.840 3.320 46.878
580.850 3.360 33.112
580.860 3.570 69.128
580.870 3.530 58.579
580.880 3.470 75.922
580.890 3.800 53.114
580.900 3.830 77.894
580.910 3.530 41.868
580.920 3.460 74.641
580.930 3.640 47.896
580.940 3.460 42.161
580.950 3.680 86.541
580.960 3.530 84.558
580.970 3.800 49.826
580.980 3.480 71.628
580.990 3.530 74.155
581.000 3.470 68.333
581.010 3.520 66.058
581.020 3.490 42.994
581.030 3.560 63.009
581.040 3.610 27.626
581.050 3.400 50.021
581.060 3.670 54.187
581.070 3.450 55.965
581.080 3.690 59.732
581.090 3.510 70.046
581.110 3.510 55.923
581.120 3.550 55.220
581.130 3.670 46.813
581.140 3.500 21.030
581.150 3.670 29.636
581.160 3.450 61.290
581.170 3.590 50.293
581.180 3.330 52.494
581.190 3.700 38.096
581.200 3.470 10.285
581.210 3.380 31.695
581.220 3.480 34.642
581.230 3.620 53.400
581.240 3.520 28.286
581.250 3.650 78.606
581.260 3.450 71.121
581.270 3.670 38.897
581.280 3.620 69.816
581.290 3.420 47.360
581.300 3.460 43.474
581.310 3.790 59.816
581.320 3.470 73.709
581.330 3.510 72.203
581.340 3.650 58.797
581.350 3.290 34.427
581.360 3.510 48.441
581.370 3.680 49.588
581.380 3.720 53.382
581.390 3.470 87.070
581.400 3.400 76.763
581.420 3.470 64.510
581.430 3.500 52.798
581.440 3.270 33.723
581.450 3.580 47.783
581.460 3.570 54.053
581.470 3.680 37.369
581.480 3.580 66.050
581.490 3.570 60.594
581.500 3.590 87.753
581.510 3.640 39.815
581.520 3.580 84.801
581.530 3.720 27.654
581.540 3.630 46.941
581.550 3.650 47.542
581.560 3.670 59.102
581.570 3.570 38.030
581.580 3.490 59.883
581.590 3.760 52.514
581.600 3.420 41.607
581.610 3.560 59.397
581.620 3.570 70.988
581.630 3.560 72.385
581.640 3.560 86.305
581.650 3.480 63.583
581.660 3.440 63.375
581.670 3.600 56.746
581.680 3.300 51.002
581.690 3.700 77.089
581.700 3.510 84.298
581.710 3.620 61.821
581.720 3.630 59.958
581.730 3.540 60.662
581.740 3.510 33.813
581.750 3.490 48.119
581.760 3.530 59.895
581.770 3.490 63.640
581.780 3.760 38.472
581.790 3.570 52.907
581.800 3.560 85.509
581.810 3.620 27.373
581.820 3.330 33.778
581.830 3.420 12.162
581.840 3.730 7.265
581.850 3.530 36.835
581.860 3.610 37.410
581.870 3.550 49.296
581.880 3.470 35.648
581.890 3.570 32.359
581.900 3.350 20.370
581.910 3.470 65.165
581.920 3.350 79.472
581.930 3.570 59.315
581.940 3.490 24.595
581.950 3.690 39.962
581.960 3.440 20.658
581.970 3.500 69.697
581.980 3.650 61.612
581.990 3.550 43.820
582.000 3.560 70.107
582.010 3.640 55.122
582.020 3.640 60.223
582.030 3.710 62.784
582.040 3.540 83.316
582.050 3.580 35.744
582.060 3.870 66.003
582.070 3.620 53.769
582.090 3.540 79.780
582.100 3.410 46.748
582.110 3.460 60.938
582.120 3.680 56.239
582.130 3.700 52.110
582.140 3.400 56.043
582.150 3.720 44.696
582.160 3.460 87.432
582.170 3.640 83.141
582.180 3.610 78.692
582.190 3.450 79.550
582.200 3.800 56.804
582.210 3.600 75.984
582.220 3.510 71.470
582.230 3.690 56.413
582.240 3.320 42.402
582.250 3.580 53.934
582.260 3.540 48.996
582.270 3.490 67.360
582.280 3.570 65.822
582.290 3.370 79.572
582.300 3.520 58.540
582.310 3.770 39.664
582.320 3.520 63.938
582.330 3.330 58.472
582.340 3.670 83.271
582.350 3.610 61.810
582.360 3.340 59.826
582.370 3.610 83.169
582.380 3.550 84.439
582.390 3.530 80.881
582.400 3.420 71.833
582.410 3.510 53.155
582.420 3.810 64.114
582.430 3.460 67.968
582.440 3.560 79.235
582.450 3.520 74.192
582.460 3.620 77.413
582.470 3.520 49.997
582.480 3.680 75.037
582.490 3.660 32.504
582.500 3.800 61.178
582.510 3.850 50.324
582.520 3.400 67.188
582.530 3.600 65.479
582.540 3.500 81.196
582.550 3.500 60.886
582.560 3.480 54.466
582.570 3.540 75.685
582.580 3.680 36.980
582.590 3.830 72.154
582.600 3.640 39.051
582.610 3.700 62.696
582.620 4.000 62.730
582.630 3.490 65.846
582.640 3.600 74.093
582.650 3.660 51.882
582.660 3.510 68.714
582.670 3.470 51.624
582.680 3.720 58.867
582.690 3.600 55.533
582.700 3.500 71.930
582.710 3.540 58.468
582.720 3.530 64.948
582.730 3.250 33.298
582.740 3.600 63.612
582.750 3.870 58.495
582.760 4.030 48.886
582.770 3.470 50.434
582.780 3.690 22.204
582.790 3.800 29.514
582.800 3.650 25.083
582.810 3.490 9.866
582.820 3.410 44.022
582.830 3.740 23.004
582.840 3.730 15.852
582.850 3.620 32.932
582.860 3.280 37.137
582.870 3.720 23.398
582.880 3.430 23.171
582.890 3.710 33.388
582.900 3.570 23.562
582.910 3.690 55.470
582.920 3.930 42.244
582.930 3.970 34.507
582.940 3.390 74.063
582.950 3.670 59.533
582.960 3.530 61.322
582.970 3.910 30.271
582.980 3.610 38.785
582.990 3.670 39.305
583.000 3.620 23.279
583.010 3.650 23.108
583.020 3.600 28.085
583.030 3.640 37.592
583.040 3.440 22.988
583.050 3.590 16.210
583.060 3.600 27.129
583.070 3.560 37.185
583.080 3.690 37.406
583.090 3.720 30.183
583.100 3.670 14.980
583.110 3.480 20.886
583.120 3.570 30.854
583.130 3.540 13.492
583.140 3.480 48.668
583.150 3.590 32.993
583.160 3.580 56.824
583.170 3.700 19.743
583.180 3.670 38.619
583.190 3.470 23.263
583.200 3.640 12.191
583.210 3.770 28.651
583.220 3.540 20.049
583.230 4.500 17.674
583.240 3.800 32.713
583.250 3.660 16.224
583.260 3.850 31.940
583.270 3.400 10.705
583.280 3.630 38.549
583.290 3.910 12.665
583.300 3.590 58.015
583.310 3.620 63.036
583.320 3.860 18.652
583.330 3.690 18.902
583.340 3.660 12.549
583.350 3.920 24.108
583.360 3.570 45.839
583.370 3.670 38.441
583.380 3.750 30.851
583.390 3.540 20.869
583.400 3.470 17.631
583.410 3.630 38.062
583.420 3.860 18.665
583.430 3.940 40.511
583.440 3.600 27.872
583.450 3.810 38.175
583.460 4.120 21.551
583.470 3.440 17.182
583.480 5.680 30.130
583.490 3.590 38.371
583.500 3.420 28.462
583.510 3.680 30.301
583.520 4.290 20.849
583.530 3.510 33.187
583.540 3.560 54.523
583.550 3.650 24.200
583.560 3.660 46.876
583.570 3.460 31.513
583.580 3.340 20.069
583.590 3.440 37.465
583.600 3.550 43.008
583.610 3.430 43.675
583.620 3.520 61.073
583.630 3.450 62.285
583.650 3.660 86.137
583.660 3.670 78.545
583.670 3.770 78.762
583.680 3.490 71.941
583.690 3.620 83.540
583.700 3.300 25.740
583.710 3.580 51.459
583.720 3.480 68.794
583.730 3.400 74.733
583.750 3.470 73.900
583.760 3.700 76.948
583.770 3.560 83.630
583.780 3.650 82.956
583.800 3.840 64.101
583.810 3.600 50.634
583.820 3.410 72.108
583.830 3.320 72.714
583.840 3.660 88.857
583.850 3.320 56.576
583.860 3.440 62.235
583.870 3.520 60.459
583.920 3.450 81.755
583.930 3.600 86.364
583.960 3.510 65.692
583.970 3.650 86.610
583.980 3.600 59.632
583.990 3.470 72.991
584.000 3.580 28.589
584.010 3.760 60.188
584.020 3.610 53.551
584.030 3.520 59.905
584.040 3.300 64.906
584.050 3.460 39.753
584.060 3.430 47.275
584.070 3.490 49.501
584.080 3.430 63.193
584.090 3.550 54.831
584.100 3.540 62.204
584.110 3.550 53.366
584.120 3.590 71.762
584.130 3.400 7.590
584.140 3.540 32.992
584.150 3.690 39.745
584.160 3.490 69.874
584.170 3.750 39.526
584.180 3.700 60.709
584.190 3.480 52.975
584.200 3.740 18.858
584.210 3.610 62.623
584.220 3.600 24.279
584.230 3.760 19.882
584.240 3.560 25.013
584.250 3.520 68.932
584.260 3.470 63.270
584.270 4.150 46.419
584.280 3.460 56.477
584.290 3.700 70.389
584.300 3.410 79.419
584.310 3.540 86.187
584.330 3.700 63.515
584.340 3.710 46.124
584.350 3.520 87.169
584.360 3.480 81.670
584.370 3.600 77.068
584.380 3.450 67.210
584.390 3.530 75.604
584.400 3.480 74.343
584.420 3.920 52.204
584.430 3.650 74.392
584.440 3.390 31.156
584.450 3.590 30.718
584.460 3.320 37.601
584.470 3.340 26.232
584.480 3.560 32.019
584.490 3.290 14.675
584.500 3.380 41.067
584.510 3.700 30.874
584.520 3.550 62.775
584.530 3.510 48.616
584.540 3.460 75.268
584.550 3.520 43.644
584.560 3.550 76.292
584.570 3.490 86.647
584.580 3.720 82.868
584.620 3.330 84.755
584.630 3.650 55.954
584.640 3.430 80.325
584.660 3.540 80.967
584.680 3.520 73.918
584.690 3.450 65.779
584.700 3.530 55.052
584.710 3.870 67.754
584.720 3.390 80.784
584.730 3.400 65.482
584.740 3.320 82.175
584.750 3.410 49.258
584.760 3.250 40.267
584.780 3.390 73.112
584.790 3.410 72.989
584.800 3.450 75.889
584.810 3.340 59.894
584.820 3.550 81.844
584.830 3.440 76.334
584.840 3.430 57.770
584.860 3.520 59.162
584.870 3.310 34.260
584.880 3.470 57.980
584.900 3.290 23.355
584.910 4.140 49.947
584.920 3.820 52.011
584.930 3.600 59.811
584.950 3.490 85.618
584.960 3.440 82.520
584.970 3.370 70.303
584.980 3.480 57.432
584.990 3.680 41.119
585.010 3.530 74.989
585.020 3.630 60.458
585.030 3.590 62.086
585.040 3.500 74.181
585.050 3.300 35.195
585.060 3.660 63.939
585.070 3.480 74.438
585.080 3.480 85.638
585.090 3.660 73.929
585.100 3.500 77.785
585.110 3.490 71.954
585.120 3.640 60.817
585.130 3.530 83.841
585.140 3.470 58.329
585.150 3.500 56.471
585.170 3.530 79.686
585.180 3.470 57.133
585.200 3.600 60.841
585.210 3.510 76.367
585.220 3.360 51.075
585.230 3.410 51.634
585.240 3.560 84.569
585.250 3.690 48.989
585.260 3.120 34.575
585.270 3.650 74.060
585.280 3.610 81.114
585.290 3.630 45.127
585.300 3.270 58.969
585.310 3.430 72.535
585.320 3.440 46.148
585.330 3.600 86.816
585.340 3.490 77.752
585.350 3.460 30.063
585.360 3.420 51.391
585.370 3.680 58.402
585.380 3.570 52.530
585.390 3.480 66.253
585.400 3.460 54.399
585.410 3.660 70.474
585.420 3.540 71.890
585.430 3.860 63.561
585.440 3.640 36.530
585.450 3.300 20.187
585.460 3.660 39.429
585.470 3.580 85.741
585.480 3.520 42.746
585.490 3.440 86.521
585.500 3.500 69.049
585.510 3.490 81.988
585.530 3.440 89.890
585.540 3.540 60.201
585.550 3.600 50.210
585.560 3.550 53.847
585.570 3.370 32.816
585.580 3.450 86.561
585.610 3.510 57.171
585.620 3.290 50.097
585.630 3.670 68.165
585.640 3.490 57.552
585.650 3.500 63.589
585.660 3.510 67.459
585.670 3.450 67.922
585.680 3.330 46.799
585.690 3.450 50.619
585.700 3.930 59.046
585.710 3.710 56.732
585.720 3.600 64.392
585.730 3.780 82.251
585.740 3.560 85.906
585.750 3.890 66.791
585.760 3.520 55.273
585.770 3.670 75.970
585.780 3.480 69.650
585.810 5.400 77.974
592.600 5.780 65.185
592.610 5.620 69.760
592.640 5.830 85.385
592.650 5.650 81.679
592.660 5.340 87.130
592.680 5.710 79.908
592.690 5.920 62.687
592.710 5.420 71.728
592.730 6.000 66.717
592.750 5.760 86.398
592.770 5.740 74.121
592.780 5.950 59.524
593.020 5.710 75.966
593.030 5.630 71.585
593.040 5.490 68.310
593.080 5.620 71.074
593.090 5.790 60.852
593.180 5.810 24.383
593.290 5.650 76.170
593.720 5.960 30.840
594.850 5.980 32.141
595.160 5.640 20.348
595.260 5.870 9.976
595.270 5.920 29.273
595.300 5.590 42.975
595.310 5.880 26.429
595.320 5.430 17.000
600.010 5.980 46.526
607.830 5.780 60.573
608.390 5.610 49.713
608.540 5.840 63.372
608.880 5.900 79.922
608.890 5.810 84.696
608.900 5.510 82.221
608.910 5.240 78.983
608.920 5.700 77.762
608.940 5.720 62.528
608.950 5.460 72.295
608.960 5.330 62.761
608.970 5.890 48.228
608.980 5.950 72.479
608.990 5.140 78.676
609.020 5.450 73.231
609.040 5.290 79.674
609.070 5.440 73.312
609.080 5.360 70.865
609.090 5.550 82.570
609.100 5.580 69.885
609.110 5.960 76.878
609.140 5.410 68.768
609.160 5.540 71.010
609.170 5.800 86.296
609.180 5.680 84.192
609.200 5.820 83.482
609.210 5.220 72.604
609.230 5.520 86.621
609.270 5.670 77.302
609.280 5.870 84.311
611.510 5.870 66.618
611.610 5.900 67.758
611.730 5.910 74.800
611.750 5.990 83.877
611.760 5.830 79.611
611.770 4.550 54.696
611.780 5.950 70.173
611.810 5.760 73.815
611.820 5.660 65.617
611.830 5.500 70.606
611.840 5.560 55.926
611.850 5.480 46.967
611.860 5.350 52.277
611.890 5.270 70.155
611.900 5.800 65.265
611.910 5.750 44.911
611.930 5.730 45.562
611.940 5.640 50.432
611.950 4.800 45.337
611.960 4.510 62.570
611.970 5.290 40.251
612.040 5.980 72.403
612.060 5.700 83.558
612.470 5.840 79.500
612.480 5.970 74.836
612.620 5.970 76.911
613.370 5.500 70.119
613.440 5.620 57.658
613.600 5.890 85.959
614.200 5.870 57.386
614.270 5.620 60.904
614.280 5.580 70.381
614.290 5.640 65.743
614.300 5.040 52.917
614.310 5.630 61.240
614.320 5.260 66.566
614.330 5.500 70.084
614.340 5.260 64.542
614.350 4.240 40.741
614.360 4.050 37.686
614.370 4.510 64.865
614.380 4.940 51.041
614.390 3.990 56.308
614.400 4.220 34.586
614.410 4.190 47.242
614.420 3.980 77.422
614.430 3.910 39.080
614.440 4.640 43.351
614.450 4.670 56.421
614.460 3.630 62.310
614.470 4.110 64.725
614.480 4.780 41.846
614.490 4.130 25.159
614.500 4.090 60.890
614.510 5.470 49.417
614.520 5.760 81.912
614.770 5.680 63.570
614.780 5.610 55.948
614.810 5.840 69.687
614.820 5.990 44.653
614.960 5.950 66.686
615.260 5.980 70.471
615.280 5.780 65.254
621.370 5.940 35.574
621.390 5.720 66.709
621.400 5.740 85.083
621.430 5.420 86.218
621.460 5.680 84.156
621.480 5.670 75.695
621.500 5.710 51.506
621.510 5.760 47.211
621.720 5.930 43.657
621.870 5.580 64.187
622.020 5.960 81.631
622.460 5.980 89.875
622.570 5.850 76.569
622.610 5.510 87.809
622.630 5.730 55.187
622.650 5.590 50.387
622.670 5.310 76.701
622.680 6.000 41.441
622.700 5.540 77.279
622.720 5.750 39.906
622.730 4.930 75.715
622.740 4.990 77.373
622.750 5.790 49.883
622.790 5.390 58.074
622.800 5.660 73.620
622.820 5.500 51.655
622.830 5.300 57.795
624.200 5.790 63.664
624.590 5.830 76.469
624.930 5.890 38.208
629.450 5.910 18.579
629.460 5.230 88.663
629.470 4.830 61.639
629.910 5.660 18.532
629.930 5.560 89.030
629.970 5.000 58.338
629.980 4.970 61.833
631.770 5.980 79.041
637.920 5.960 89.714
638.210 5.840 85.654
638.810 5.810 70.619
639.290 5.930 81.216
639.820 5.990 77.007
639.920 5.460 89.875
639.970 5.730 88.672
640.270 5.920 87.422
640.320 5.720 80.946
640.360 5.960 87.131
640.440 5.970 89.278
640.520 5.560 85.087
640.750 5.470 87.809
640.980 5.360 89.028
641.460 5.920 86.920
641.470 5.900 75.065
642.350 5.870 55.991
642.370 5.950 65.914
642.380 5.410 43.352
642.390 5.600 32.046
642.400 5.360 57.959
643.820 5.880 64.640
648.060 5.830 68.861
649.030 5.880 88.922
649.870 5.940 85.990
649.880 5.810 79.424
649.930 5.920 76.349
649.990 6.000 78.653
650.710 5.960 74.111
651.100 5.920 85.633
651.210 5.900 74.446
654.660 5.990 38.335
663.370 5.870 36.272
672.200 5.660 58.720
672.210 5.740 65.276
672.220 5.370 55.071
672.230 5.260 62.852
679.890 5.230 63.913
680.020 5.240 68.733
681.310 5.530 87.789
681.320 4.420 78.328
681.330 5.400 62.927
681.340 5.450 66.672
681.420 5.890 65.236
681.430 5.650 56.312
681.440 5.640 58.593
681.450 5.610 54.107
681.460 5.260 53.492
681.470 5.570 88.603
681.480 5.200 72.827
681.490 4.510 61.236
681.500 4.720 52.470
681.510 4.210 51.884
681.520 5.450 86.114
681.550 5.580 88.636
681.560 4.860 61.707
681.570 4.550 57.342
681.580 5.380 74.584
681.590 5.530 81.271
681.600 5.160 59.950
681.610 5.230 61.045
681.620 5.080 50.608
681.630 4.450 52.745
681.640 4.590 52.410
681.650 5.130 48.183
681.660 4.660 56.436
681.670 4.670 51.552
681.680 5.520 61.894
681.690 4.690 47.739
681.700 4.980 81.150
681.710 5.540 61.782
681.720 4.620 58.753
681.730 5.270 48.507
681.740 4.450 33.898
681.750 4.740 53.880
681.760 4.210 41.460
681.770 4.430 30.681
681.780 4.350 31.473
681.790 5.190 53.261
681.800 5.020 40.690
681.810 4.480 47.462
681.820 5.370 52.190
681.830 4.890 42.084
681.840 4.360 45.573
681.850 4.820 30.186
681.860 4.630 48.084
681.870 3.820 39.964
681.880 4.730 39.200
681.890 4.680 45.898
681.900 4.400 30.012
681.910 3.970 37.232
681.920 4.710 39.526
681.930 5.100 49.076
681.940 4.960 37.571
681.950 4.560 46.910
681.960 4.320 44.268
681.970 4.130 47.052
681.980 4.960 44.660
681.990 4.510 44.230
682.000 4.200 39.047
682.010 4.350 54.264
682.020 4.260 42.976
682.030 4.210 35.923
682.040 4.040 25.764
682.050 4.080 20.424
682.060 4.150 46.084
682.070 4.310 41.409
682.080 4.480 44.203
682.090 4.480 50.279
682.100 4.960 71.901
682.110 5.340 80.677
682.120 4.270 51.878
682.130 4.110 39.140
682.140 4.430 61.445
682.150 5.160 43.662
682.160 4.980 52.143
682.170 3.520 20.865
682.180 3.870 56.336
682.190 4.930 43.719
682.200 4.990 50.102
682.210 4.860 48.680
682.220 4.760 49.543
682.230 4.560 51.658
682.240 4.550 33.378
682.250 5.200 63.831
682.260 4.560 51.623
682.270 5.370 39.370
682.280 4.890 57.505
682.290 4.980 42.992
682.300 3.680 33.333
682.310 4.170 35.828
682.320 4.120 49.294
682.330 4.720 45.625
682.340 3.990 32.819
682.350 5.190 81.417
682.360 3.450 78.205
682.380 3.960 76.041
682.390 3.720 79.240
682.400 3.620 87.978
682.450 4.020 85.992
682.460 4.090 48.851
682.470 3.770 69.342
682.480 3.620 87.558
682.490 4.580 77.838
682.500 5.310 88.087
682.520 4.220 69.526
682.530 5.120 67.511
682.550 4.570 85.332
682.680 5.970 66.342
682.700 5.460 88.888
682.870 5.520 88.483
682.990 4.590 64.474
683.000 4.190 72.653
683.010 4.940 71.632
683.020 5.120 85.252
683.030 4.930 65.856
683.040 4.780 66.734
683.050 4.900 70.968
683.060 5.150 84.120
683.080 5.210 56.132
683.090 5.250 75.068
683.100 4.960 74.480
683.110 4.800 72.726
683.120 5.720 50.414
683.130 5.320 79.159
683.160 5.570 83.475
683.260 5.500 86.439
683.310 5.300 76.306
683.320 5.510 70.357
683.330 4.980 72.423
687.320 5.650 67.042
687.340 5.870 82.755
688.120 5.890 85.797
688.240 4.870 52.918
688.250 4.930 54.895
688.260 5.420 54.625
688.270 5.550 38.299
688.280 5.720 20.039
688.320 5.990 41.798
688.340 5.440 46.450
688.350 5.670 54.010
688.360 5.490 45.492
688.370 5.850 66.626
688.380 5.320 58.667
688.390 5.590 36.118
688.400 5.570 59.372
688.410 5.410 58.135
688.430 5.900 40.691
688.440 5.880 40.418
688.450 5.520 48.603
688.460 4.770 46.058
688.470 5.800 38.050
688.540 5.170 49.961
688.560 5.980 50.403
688.580 5.750 69.738
688.590 5.390 76.526
688.600 5.380 55.106
688.610 5.480 56.962
688.620 4.790 42.705
688.630 5.230 49.477
688.640 4.980 46.112
688.730 5.390 35.621
688.740 5.000 58.969
688.750 4.200 48.834
688.760 5.660 63.211
688.770 4.570 41.199
688.780 4.870 64.331
688.790 4.120 43.399
688.800 4.890 50.064
688.810 5.370 50.183
688.820 4.430 67.032
688.830 5.190 47.469
688.840 5.050 49.715
688.850 4.750 57.823
688.870 5.720 82.532
688.880 5.430 71.329
688.900 5.010 57.666
688.910 5.430 85.507
688.920 5.530 70.496
688.930 5.640 74.128
688.950 5.740 84.253
688.970 5.990 84.644
688.980 5.860 79.503
689.010 5.850 86.640
689.030 5.670 80.071
689.040 5.710 81.478
689.050 5.660 83.306
689.070 5.640 72.527
689.220 5.700 88.383
689.250 5.890 67.451
689.260 5.950 84.561
689.330 5.880 72.168
689.340 5.100 69.834
689.400 5.630 76.975
689.420 5.930 84.666
689.540 5.620 85.095
689.640 5.920 84.970
689.670 5.780 81.612
689.680 5.750 73.059
689.690 5.860 78.802
689.800 5.360 89.352
689.850 5.690 85.770
689.880 5.780 87.687
689.920 5.510 72.760
690.190 5.550 87.553
690.260 5.580 86.927
690.270 5.740 87.196
690.300 5.540 87.166
690.320 5.850 88.262
690.410 5.470 89.590
690.420 5.280 77.895
690.470 5.830 89.185
690.570 5.760 83.514
690.590 5.760 88.721
690.610 5.830 85.946
690.630 5.940 78.582
690.730 4.960 61.959
690.760 5.860 84.000
690.770 5.820 83.095
690.780 5.060 83.049
690.790 5.440 80.642
690.800 5.420 88.320
690.810 4.880 71.139
690.820 4.100 53.290
690.830 5.200 66.631
690.840 5.460 77.634
690.850 4.510 30.222
690.860 5.230 56.174
690.870 4.580 57.623
690.880 4.460 55.498
690.890 5.530 76.057
690.900 5.330 70.064
690.910 4.670 72.660
690.920 5.000 62.169
690.960 4.430 77.278
690.970 4.300 89.581
690.980 5.160 88.026
690.990 3.410 58.500
691.000 3.490 73.217
691.010 3.400 83.085
691.020 3.530 73.065
691.030 3.450 52.846
691.040 3.700 73.758
691.050 4.760 88.802
691.060 4.510 63.618
691.070 3.690 76.279
691.080 4.230 73.680
691.090 3.830 79.845
691.100 3.930 76.168
691.110 3.500 58.191
691.120 4.160 88.560
691.130 3.400 78.444
691.150 3.500 71.064
691.160 3.460 68.904
691.180 3.670 55.786
691.190 3.650 84.436
691.200 4.160 73.533
691.210 3.880 68.936
691.220 3.440 58.116
691.240 3.900 82.250
691.250 4.260 64.203
691.260 3.440 82.063
691.270 4.440 81.078
691.280 3.610 75.296
691.290 4.550 67.996
691.300 3.520 74.924
691.320 3.550 71.959
691.330 3.540 80.046
691.340 3.560 87.822
691.350 3.600 87.333
691.360 3.790 73.789
691.390 3.520 80.785
691.400 3.520 82.609
691.470 3.560 69.262
691.480 3.770 77.512
691.490 3.530 58.512
691.520 3.390 79.102
691.530 3.690 62.515
691.540 3.520 76.385
691.550 3.300 71.831
691.580 3.610 85.727
691.590 3.460 71.115
691.600 3.430 77.914
691.620 3.790 89.157
691.630 4.270 75.415
691.640 3.680 78.688
691.660 3.550 83.578
691.680 3.640 65.774
691.690 3.660 71.540
691.700 3.470 67.880
691.710 3.440 76.258
691.740 3.340 72.500
691.770 3.420 50.041
691.800 3.860 86.115
691.820 3.620 77.249
691.850 3.350 86.934
691.860 3.370 69.008
691.870 3.400 89.642
691.880 3.520 51.641
691.890 3.620 72.362
691.910 3.720 81.984
691.940 3.350 59.243
691.950 3.420 89.818
691.960 3.410 76.495
691.980 4.080 71.515
691.990 3.410 75.169
692.000 3.700 80.196
692.020 3.320 69.175
692.060 3.300 79.897
692.070 3.900 85.616
692.100 3.350 84.326
692.130 3.680 76.839
692.140 3.690 76.724
692.150 3.160 41.116
692.160 3.610 79.198
692.180 3.550 63.028
692.190 3.510 58.692
692.200 3.350 52.612
692.210 3.860 68.637
692.220 3.820 72.786
692.230 3.760 82.631
692.240 3.610 85.241
692.250 3.810 87.195
692.310 3.500 74.954
692.370 3.370 64.807
692.380 4.590 84.651
692.420 4.160 56.924
692.430 4.580 68.218
692.440 5.240 67.247
692.450 3.780 73.213
692.460 5.560 64.593
692.470 3.820 69.365
692.490 3.680 81.471
692.500 3.350 68.367
692.510 3.360 55.762
692.520 3.490 71.050
692.540 3.520 89.170
692.560 3.600 81.814
692.570 3.730 81.344
692.580 3.830 88.456
692.600 3.520 89.060
692.640 3.510 83.705
692.670 3.710 86.504
692.680 3.680 87.375
692.700 3.560 77.585
692.710 3.670 75.468
692.720 3.460 66.771
692.730 3.970 65.831
692.740 3.560 88.347
692.750 3.390 70.713
692.760 4.030 70.337
692.770 3.400 57.209
692.780 3.610 71.607
692.790 4.160 85.204
692.800 3.890 55.759
692.810 3.920 73.052
692.820 3.370 80.678
692.830 3.790 78.510
692.840 3.380 65.806
692.870 4.040 64.908
692.880 3.610 57.817
692.890 3.350 54.352
692.900 3.810 62.505
692.910 3.800 86.986
692.920 4.000 84.793
692.940 3.540 77.859
692.950 3.480 79.220
692.960 3.520 80.072
692.980 4.240 60.103
692.990 3.910 69.552
693.020 3.640 89.328
693.030 4.760 62.780
693.040 3.660 69.278
693.050 3.600 64.377
693.060 3.730 81.753
693.070 3.820 71.404
693.080 3.400 66.408
693.090 3.910 48.884
693.100 4.160 55.421
693.110 4.520 70.409
693.120 3.550 76.180
693.130 3.790 75.548
693.140 4.040 85.904
693.160 3.810 86.340
693.170 3.510 83.958
693.190 3.630 72.586
693.200 3.570 73.968
693.210 3.430 49.227
693.220 3.760 78.952
693.230 3.810 71.684
693.240 3.950 72.742
693.330 3.900 80.703
693.390 3.690 83.714
693.400 3.840 83.997
693.410 3.570 80.325
693.430 3.760 85.976
693.440 3.340 66.928
693.450 3.990 77.087
693.460 3.780 85.366
693.470 3.800 85.341
693.490 4.110 85.091
693.520 3.740 76.514
693.530 3.350 52.399
693.540 3.470 67.585
693.550 3.380 78.350
693.560 3.770 85.738
693.610 3.970 71.362
693.620 3.770 63.262
693.630 3.920 74.831
693.640 3.660 48.491
693.660 3.570 78.046
693.690 3.400 55.445
693.720 4.240 86.259
693.740 3.830 67.461
693.750 3.980 76.643
693.760 3.850 83.032
693.780 4.150 80.397
693.790 3.610 69.393
693.810 3.600 86.093
693.830 3.850 67.048
693.840 3.880 73.505
694.020 4.770 60.894
694.030 5.420 50.688
694.040 5.400 78.932
694.090 3.540 61.154
694.110 3.580 64.659
694.120 3.890 73.369
694.140 3.650 62.372
694.150 3.590 59.049
694.200 3.800 54.488
694.220 3.660 81.375
694.230 3.750 54.618
694.240 3.290 69.646
694.250 3.400 60.202
694.260 3.540 70.885
694.270 3.760 77.202
694.280 3.790 84.062
694.290 3.330 61.865
694.300 3.770 78.500
694.320 3.980 79.650
694.330 3.480 67.697
694.350 3.530 75.955
694.360 3.830 81.382
694.370 5.810 88.941
694.400 3.920 86.895
694.410 3.960 62.738
694.420 3.930 69.742
694.450 3.710 70.394
694.460 3.500 83.567
694.470 3.620 68.193
694.480 3.810 87.583
694.500 4.290 65.303
694.510 3.510 69.633
694.520 3.480 60.639
694.530 3.760 66.910
694.540 3.220 59.147
694.550 3.720 79.988
694.560 4.560 53.638
694.570 3.400 66.950
694.580 3.300 57.967
694.600 3.540 66.767
694.610 3.810 68.381
694.620 3.580 83.500
694.650 3.490 61.847
694.660 3.950 70.254
694.670 3.630 77.757
694.680 4.190 81.560
694.690 3.760 70.817
694.710 3.530 81.580
694.720 4.000 84.765
694.730 4.400 65.867
694.750 3.350 64.700
694.770 3.610 78.981
694.780 3.750 77.802
694.830 3.660 70.952
694.850 3.890 84.456
694.880 3.660 72.055
694.890 3.750 88.173
694.910 3.430 81.310
694.920 3.590 69.000
694.930 3.630 58.444
694.940 3.520 61.477
694.950 3.860 45.930
694.960 3.720 55.368
694.970 3.610 55.009
694.980 4.290 78.966
694.990 4.280 63.797
695.000 3.850 86.501
695.010 3.680 56.108
695.030 3.730 87.172
695.040 3.580 32.460
695.050 4.020 51.149
695.060 4.240 78.370
695.070 3.550 60.342
695.080 3.610 38.645
695.090 4.540 60.110
695.100 5.510 75.150
695.110 5.510 83.354
695.120 5.320 71.162
695.130 4.910 50.756
695.150 5.180 58.924
695.160 5.400 73.139
695.170 5.570 80.930
695.180 5.420 63.247
695.190 5.290 69.710
695.200 5.100 57.762
695.210 4.740 55.861
695.220 5.210 82.141
695.230 5.630 66.815
695.260 5.030 71.718
695.300 5.720 61.896
695.380 5.790 75.901
695.390 5.740 83.044
695.400 5.920 70.311
695.410 5.530 86.981
695.420 4.920 72.640
695.430 4.930 60.246
695.440 5.210 86.255
695.450 5.510 78.434
695.610 5.990 84.925
695.620 5.990 58.934
695.640 5.830 88.911
695.690 5.970 80.354
695.760 5.630 88.211
695.770 5.630 82.069
695.780 5.710 66.958
695.790 5.870 71.290
695.820 5.700 61.220
695.830 5.890 71.345
695.930 4.660 87.449
695.960 5.020 77.949
695.980 5.330 88.513
696.070 5.520 80.952
696.110 4.610 67.159
696.140 5.710 89.433
696.160 4.470 74.125
