# time(ns) distance (A) angle (deg)
0.040 4.480 16.183
1.950 4.540 26.223
1.960 3.890 32.809
3.660 4.980 37.816
25.980 4.250 27.905
26.020 4.740 30.276
26.030 4.680 29.255
26.040 4.810 32.951
26.050 4.500 44.619
26.070 4.590 18.959
26.080 4.520 30.519
26.090 4.880 30.233
26.100 4.100 41.100
26.120 4.230 33.577
26.140 4.290 29.357
26.150 4.330 27.057
26.160 3.900 36.423
26.180 4.390 30.365
26.190 4.340 17.214
26.210 4.800 21.907
26.230 4.980 21.193
26.240 4.630 25.431
26.260 4.930 41.282
26.320 4.660 26.826
26.340 4.110 44.059
26.360 4.480 32.945
26.380 4.110 33.327
26.390 4.530 36.484
26.410 4.080 33.933
26.430 3.910 25.668
26.440 4.310 34.217
26.450 4.440 30.080
26.460 3.860 37.226
26.480 4.770 36.068
26.490 4.590 22.406
26.500 4.330 29.391
26.520 4.070 37.860
26.530 4.350 39.542
26.540 4.420 39.670
26.550 4.020 43.642
26.580 4.950 41.312
26.590 4.640 15.873
26.600 4.200 27.623
26.620 4.050 39.064
26.660 4.640 36.652
26.670 4.670 32.258
26.710 4.470 44.914
26.740 4.550 35.669
27.060 4.550 38.134
27.080 4.490 40.268
27.120 4.250 32.887
27.130 4.880 14.402
27.140 4.070 29.931
27.150 4.980 33.174
27.160 4.900 38.096
27.180 4.990 17.692
27.220 4.450 44.207
27.240 4.110 43.724
27.260 4.130 38.780
27.290 4.330 30.226
27.300 3.980 29.912
27.310 4.600 26.677
27.320 4.080 31.804
27.330 4.680 41.236
27.360 4.410 41.676
27.400 4.540 39.766
27.410 4.490 28.112
27.420 4.320 11.592
27.430 4.060 38.172
27.870 4.970 34.158
27.890 4.590 42.725
27.910 3.980 43.908
27.920 4.550 42.369
27.940 4.690 26.995
27.950 4.580 27.902
27.960 4.340 32.010
27.970 4.430 40.855
27.980 4.340 30.769
27.990 4.140 43.545
28.000 4.680 36.767
28.070 4.140 44.015
28.110 4.160 39.157
28.140 4.650 23.525
28.150 4.030 42.099
28.160 4.790 36.193
28.170 4.050 37.820
28.230 4.980 37.578
28.240 4.660 33.417
28.250 4.270 37.055
28.280 4.290 39.901
28.290 3.950 33.926
28.300 4.410 42.110
28.310 4.470 44.840
28.350 4.590 39.391
28.360 4.000 23.363
28.370 3.930 44.855
28.380 4.740 42.323
28.560 4.520 23.823
28.570 4.360 43.405
28.600 4.490 34.076
28.620 4.700 36.518
28.640 3.980 41.677
28.650 4.290 38.600
28.660 4.560 37.177
28.670 4.370 40.127
28.680 4.550 40.274
28.690 4.010 30.175
28.700 4.710 26.161
28.710 4.600 34.797
28.750 4.030 26.457
28.760 4.620 37.359
28.770 4.720 32.767
28.790 4.190 44.105
28.930 4.910 30.164
28.980 4.180 40.357
29.030 4.990 40.640
29.060 4.730 42.390
29.110 4.650 30.231
29.180 4.780 43.996
29.190 4.540 42.033
29.210 4.730 22.726
29.220 4.420 35.772
29.230 4.230 44.160
29.260 4.640 31.525
29.270 4.310 35.256
29.280 4.580 36.450
29.290 4.110 42.913
29.300 4.390 35.997
29.320 4.500 28.265
29.360 4.220 43.316
29.370 3.890 27.904
29.380 4.050 30.901
29.410 4.940 35.351
29.420 4.890 38.032
29.430 4.650 23.910
29.470 4.990 17.630
29.510 4.210 33.640
29.530 4.580 37.554
29.540 4.710 22.975
29.550 4.220 27.385
29.580 4.530 38.767
29.610 4.880 44.648
29.630 4.710 44.965
29.730 4.930 39.255
29.740 4.620 27.922
29.750 4.540 42.297
29.760 4.150 39.767
29.780 4.930 29.230
29.790 4.480 28.091
29.820 4.400 38.789
29.830 4.210 37.993
29.850 4.120 30.671
29.880 4.330 37.026
29.890 4.600 35.587
29.900 4.650 30.477
29.920 4.290 32.641
29.940 4.110 38.132
29.950 4.840 44.339
29.960 4.130 44.316
29.970 4.800 40.624
29.990 4.210 36.749
30.010 4.370 41.330
30.020 4.380 25.158
30.030 4.170 35.528
30.040 4.940 30.940
30.060 4.570 37.599
30.080 4.940 18.698
30.100 4.340 23.538
30.110 4.370 37.514
30.140 4.400 27.790
30.150 4.220 32.809
30.170 4.180 31.786
30.180 4.440 41.628
30.190 4.450 25.320
30.240 4.310 37.404
30.850 4.590 37.040
30.870 4.980 38.585
30.890 4.720 43.372
30.910 4.670 26.671
30.930 4.630 41.793
30.970 4.690 27.870
30.980 4.260 28.811
31.000 4.900 38.635
31.010 4.440 37.828
31.040 4.670 39.026
31.080 4.450 34.942
31.100 4.920 33.700
31.110 4.850 30.665
31.120 4.320 44.183
31.130 4.450 38.850
31.140 4.270 33.400
31.150 4.140 37.309
31.180 4.440 28.809
31.190 4.840 28.796
31.200 4.530 33.160
31.860 4.670 34.385
31.880 4.430 36.277
31.890 4.410 26.492
31.910 4.720 25.443
31.980 4.510 31.541
32.470 4.870 29.370
32.480 4.840 35.389
32.810 4.930 39.819
32.820 4.940 24.578
32.840 4.920 33.554
32.860 4.510 41.735
32.890 4.700 37.249
32.910 4.890 31.603
32.920 4.180 43.263
32.930 4.160 39.152
32.960 4.560 32.003
32.980 4.960 33.793
32.990 4.360 33.497
33.010 4.900 27.487
33.030 4.720 32.255
33.040 4.940 38.356
33.120 4.730 22.404
33.140 4.430 39.390
33.150 4.260 34.390
33.160 4.410 31.162
33.170 4.940 22.113
33.180 4.650 36.207
33.210 4.350 40.912
33.230 4.330 23.770
33.240 4.760 14.051
33.250 4.540 34.364
33.260 4.250 28.665
33.280 4.240 30.126
33.290 4.070 35.292
33.310 4.290 36.734
33.320 4.980 29.963
33.330 4.380 37.488
33.340 4.370 30.116
33.350 4.290 32.817
33.440 4.900 25.824
33.450 4.670 40.513
33.700 4.670 43.356
33.800 4.150 31.113
33.830 3.920 33.226
33.850 4.090 43.649
33.860 4.290 39.725
33.870 4.390 44.307
33.880 4.250 44.174
33.890 4.140 42.936
33.900 4.510 29.886
33.930 4.260 35.378
33.940 4.620 27.328
33.950 4.770 36.623
37.360 4.080 42.541
37.370 4.980 30.227
37.380 4.910 42.486
37.460 4.670 44.781
37.470 4.250 43.558
37.510 4.430 39.426
37.550 4.320 38.126
37.580 4.570 34.668
37.600 4.740 37.981
37.630 4.340 35.196
37.720 4.420 33.360
37.780 4.740 36.416
37.800 4.910 38.545
37.850 4.870 40.873
37.860 4.380 37.082
37.870 4.220 31.942
37.880 4.930 43.975
37.930 4.190 43.114
37.940 4.640 35.179
37.970 4.310 38.699
38.100 4.610 39.032
38.140 4.770 41.066
38.200 4.510 43.912
38.220 4.400 37.337
38.250 4.950 36.825
38.260 4.650 44.273
38.270 4.170 31.104
38.280 4.560 29.257
38.290 4.610 35.066
38.300 4.200 43.694
38.330 4.180 44.754
38.400 4.240 17.996
38.420 4.870 36.982
38.440 4.520 37.026
38.450 4.390 42.742
38.460 4.440 42.374
38.470 4.280 37.134
38.480 4.700 25.067
38.500 4.510 42.269
38.520 4.860 38.031
38.530 4.870 37.166
38.570 4.090 19.215
38.580 4.700 36.709
38.600 4.830 36.587
38.620 4.370 42.646
38.630 4.260 41.048
38.660 4.510 27.145
38.670 4.690 32.311
38.680 4.220 38.252
38.700 4.270 31.151
38.760 4.210 42.166
38.770 4.190 42.122
38.780 4.510 20.901
38.800 4.080 37.476
38.810 4.130 34.088
38.830 3.940 39.147
38.860 4.880 17.580
38.930 4.890 37.651
38.970 4.800 30.435
39.000 4.910 40.065
39.010 4.750 26.517
39.070 4.610 22.439
39.090 4.700 43.651
39.100 4.300 43.719
39.130 4.330 31.896
39.140 4.750 29.850
39.150 4.360 37.425
39.160 4.670 31.674
39.180 4.990 38.650
39.190 4.980 17.209
39.200 4.130 30.120
39.210 4.590 29.194
39.220 4.310 39.376
39.250 3.980 36.497
39.280 4.120 43.372
39.290 4.110 35.691
39.300 4.660 35.061
39.310 4.290 34.308
39.320 4.550 38.067
39.330 4.340 37.810
39.340 4.300 20.997
39.360 4.240 42.081
39.490 4.660 40.531
39.500 4.890 24.778
39.520 4.400 31.853
39.540 4.920 31.766
39.560 4.580 38.341
39.580 4.140 34.103
39.590 4.300 32.327
39.620 4.720 44.803
39.630 4.230 37.698
39.640 4.230 27.874
39.660 4.090 35.536
39.680 4.330 41.268
39.700 4.290 43.555
39.720 4.570 42.448
39.750 4.440 42.584
39.770 4.190 22.607
39.780 4.570 43.501
39.790 3.870 29.911
39.850 4.710 41.767
39.870 4.420 42.200
39.880 4.830 29.626
39.910 4.740 41.014
39.920 4.450 35.443
39.980 4.830 41.982
40.060 4.930 31.043
40.170 4.210 41.659
40.180 4.590 44.920
40.200 4.800 14.424
40.210 4.170 37.369
40.230 4.330 40.654
40.250 4.720 33.084
40.260 4.380 30.254
40.270 4.020 37.014
40.280 4.320 39.183
40.290 4.350 26.570
40.390 4.970 21.351
40.400 4.400 33.132
40.410 4.690 33.088
40.470 4.310 35.597
40.480 4.460 43.982
40.490 4.070 36.946
40.500 4.570 40.206
40.520 4.420 44.821
40.530 4.620 38.461
40.550 4.190 39.934
40.560 4.480 13.636
40.570 4.240 41.297
40.580 4.220 34.866
40.610 4.910 26.954
40.620 4.380 41.854
40.630 4.200 40.133
40.640 4.480 30.548
40.650 4.140 41.024
40.660 4.010 38.952
40.670 4.070 41.865
40.680 4.140 35.782
40.700 4.410 28.962
40.740 4.580 25.120
40.750 4.370 33.926
40.790 4.860 29.416
40.820 4.930 32.072
40.850 4.650 41.977
40.860 4.760 17.381
40.890 4.050 41.383
40.900 4.330 42.494
40.910 4.560 37.191
40.930 4.400 43.937
40.940 4.970 40.297
40.980 4.400 27.441
41.000 4.090 38.889
41.010 3.940 35.749
41.020 4.230 44.578
41.030 4.280 31.124
41.040 4.250 36.705
41.050 4.420 29.643
41.070 4.640 32.101
41.080 4.480 26.956
41.090 3.940 38.825
41.100 4.060 35.033
41.110 4.490 27.260
41.120 4.920 23.822
41.130 4.380 43.304
41.150 4.710 32.825
41.160 4.320 39.964
41.180 4.360 30.596
41.190 4.220 33.206
41.210 4.150 25.732
41.220 4.550 44.175
41.250 4.130 37.166
41.260 4.300 38.724
41.270 4.240 36.830
41.290 4.840 43.841
41.300 4.370 43.600
41.330 4.400 35.300
41.340 4.310 34.784
41.360 4.930 44.710
41.390 4.810 28.239
41.440 4.400 34.927
41.450 4.110 30.235
41.460 4.830 28.724
41.470 4.270 41.261
41.510 4.790 44.823
41.660 4.740 43.511
41.800 4.650 25.901
42.020 4.710 35.709
42.040 4.270 30.616
42.050 4.560 37.189
42.060 4.530 40.952
42.070 4.250 44.469
42.080 4.880 26.138
42.090 4.800 36.342
42.100 4.500 32.016
42.110 4.270 26.172
42.140 4.780 27.700
42.170 4.050 28.932
42.260 4.830 25.392
42.270 4.320 30.571
42.280 4.100 44.386
42.290 4.640 36.368
42.320 4.650 27.857
42.360 4.730 42.877
42.370 4.510 37.701
42.380 4.490 19.403
42.390 4.360 39.385
42.410 4.360 19.311
42.420 4.410 26.042
42.430 4.570 43.503
42.440 4.890 19.445
42.450 4.200 30.649
42.460 4.190 36.259
42.500 4.340 37.474
42.510 4.950 26.865
42.530 4.470 26.950
42.540 4.510 33.436
42.550 4.730 33.377
42.730 4.680 33.562
42.890 4.460 33.999
42.900 4.720 43.205
42.910 4.350 43.340
43.070 4.310 42.264
43.090 4.560 33.594
43.110 4.950 43.159
43.180 4.540 34.794
43.190 4.360 26.857
43.200 4.730 26.485
43.230 4.190 42.297
43.250 4.810 17.453
43.260 4.340 30.222
43.270 4.240 30.190
43.290 4.350 38.118
43.710 4.920 43.310
43.830 4.950 38.460
43.980 4.670 42.177
44.000 4.840 34.698
44.020 4.090 27.859
44.070 4.570 13.112
44.100 4.270 33.042
44.110 4.080 35.616
44.130 4.590 32.327
44.140 4.270 32.041
44.150 4.330 38.643
44.160 4.610 42.033
44.180 4.440 39.473
44.200 4.170 26.935
44.210 4.250 26.891
44.220 4.180 38.732
44.230 4.730 36.791
44.240 4.240 38.363
44.250 4.340 39.442
44.270 4.180 36.251
44.280 4.150 40.981
44.310 4.900 24.139
44.320 4.330 43.015
44.330 4.450 30.685
44.360 4.390 41.632
44.370 4.920 33.928
44.380 4.390 22.519
44.390 4.370 31.551
44.400 4.270 31.954
44.410 4.700 26.255
44.420 4.790 33.156
44.430 4.300 39.482
44.440 4.400 17.279
44.500 4.840 29.527
44.530 4.660 44.203
45.110 4.770 39.207
45.130 4.010 43.777
45.150 4.150 27.375
45.160 4.680 36.950
45.170 4.130 22.866
45.200 4.330 32.116
45.220 4.430 28.565
45.250 4.190 34.913
45.270 4.050 40.186
45.290 4.880 18.082
45.340 4.620 42.575
45.470 4.240 38.266
45.510 4.510 29.744
45.550 4.310 31.255
45.570 4.750 38.829
45.590 4.340 35.212
45.610 4.470 28.953
45.630 4.680 33.902
45.640 3.980 37.617
45.660 4.180 30.553
45.680 4.460 42.862
45.690 4.420 29.999
45.710 4.640 35.842
45.720 4.930 42.286
45.730 4.410 38.317
45.770 4.430 39.031
45.790 4.360 41.786
46.060 4.040 35.752
46.070 4.520 43.962
46.080 4.820 34.073
46.090 4.660 39.008
46.100 4.780 14.906
46.110 4.350 44.644
46.220 4.970 30.790
46.330 4.990 24.710
46.360 4.430 41.415
46.380 4.400 27.722
46.400 4.320 24.244
46.420 4.660 28.727
46.430 4.580 30.491
46.440 4.580 25.395
46.450 4.470 19.746
46.460 4.530 31.253
46.470 4.780 21.346
46.490 4.360 31.917
46.500 4.490 35.106
46.570 4.500 36.609
46.590 4.370 40.044
46.600 4.310 35.787
46.610 4.580 18.419
46.630 4.700 19.026
46.700 4.000 37.160
46.710 4.500 37.352
46.720 4.750 39.140
46.740 4.180 39.757
46.750 4.130 37.643
46.760 4.120 44.396
46.770 4.600 35.664
46.780 4.490 32.236
46.810 4.420 42.256
46.830 4.430 30.480
46.840 4.360 39.586
46.850 4.850 39.856
46.910 4.490 40.591
46.920 4.160 25.215
46.930 4.920 44.994
46.940 4.780 39.049
46.950 4.090 21.990
46.960 4.510 43.978
46.970 4.630 27.087
47.010 3.920 40.494
47.030 4.960 44.282
47.040 4.340 31.251
47.050 4.660 40.583
47.060 4.510 28.059
47.120 4.600 40.304
47.270 4.970 28.742
47.280 4.550 40.220
47.290 4.670 33.717
47.300 4.430 42.497
47.310 4.570 33.340
47.320 4.030 30.351
47.330 4.550 40.857
47.340 4.160 31.776
47.350 4.270 28.591
47.360 4.400 38.825
47.380 4.390 40.914
47.400 4.290 33.522
47.410 4.450 36.261
47.420 4.220 34.665
47.430 4.490 33.528
47.440 4.520 26.984
47.460 4.160 39.660
47.470 4.350 29.196
47.500 4.410 31.477
47.510 4.020 24.833
47.520 4.140 32.253
47.530 4.860 36.787
47.550 4.480 36.961
47.560 4.870 35.485
47.570 4.280 40.891
47.580 4.750 27.171
47.590 4.460 29.216
47.600 4.380 29.575
47.610 4.080 37.665
47.620 4.660 32.731
47.630 4.400 27.453
47.650 4.770 28.965
47.710 4.840 36.284
47.740 4.500 34.081
47.810 4.240 33.587
47.820 4.050 44.467
47.830 4.330 36.877
47.840 4.950 39.910
47.850 4.590 39.403
47.870 4.120 28.929
47.920 4.090 39.112
47.930 4.640 40.239
47.940 4.800 17.599
47.950 4.370 33.638
47.960 4.960 29.859
47.970 4.480 35.675
47.990 4.580 22.768
48.010 4.220 29.871
48.020 4.490 40.565
48.030 4.980 39.923
48.070 4.970 34.831
48.260 4.770 21.963
48.280 4.510 25.792
48.320 4.560 26.125
48.330 4.060 26.443
48.340 4.220 14.196
48.450 4.440 37.613
48.470 4.230 37.436
48.480 4.130 17.480
48.500 4.160 36.720
48.510 3.940 33.886
48.520 3.870 13.824
48.540 4.730 43.102
48.550 3.870 36.503
48.560 4.210 22.976
48.570 4.520 15.035
48.590 4.830 42.157
48.600 3.900 27.423
48.610 4.160 40.051
48.620 4.690 25.781
48.700 4.040 44.968
49.230 4.430 38.059
49.260 4.590 31.031
49.310 4.610 31.586
49.320 4.890 35.593
49.440 4.380 38.275
49.480 4.690 41.762
49.550 4.280 22.335
49.560 4.120 26.240
49.580 4.140 31.472
49.590 4.390 39.060
49.600 4.840 30.864
49.610 4.250 42.008
49.640 4.420 32.199
49.660 4.320 40.485
49.670 4.780 31.968
49.700 4.300 37.926
49.730 4.440 37.198
49.750 4.940 13.616
49.760 4.060 31.104
49.770 4.710 30.700
49.780 4.880 39.375
49.820 4.110 40.474
49.860 4.430 33.355
49.870 4.190 42.380
49.880 4.890 41.535
49.890 4.130 33.148
49.910 4.870 18.623
51.740 4.860 35.139
51.780 4.580 30.392
51.800 4.200 30.698
51.810 4.610 30.117
51.820 4.870 44.428
51.830 4.350 42.501
51.840 4.560 37.842
51.870 4.270 39.495
51.880 4.020 35.194
51.890 4.100 42.927
51.900 4.680 24.800
51.950 4.190 42.248
51.960 4.810 28.872
51.990 4.760 37.794
52.110 4.720 44.446
52.120 4.430 29.104
52.130 4.120 38.545
52.140 4.570 28.168
52.150 4.730 34.041
52.160 3.930 38.930
52.170 4.100 42.368
52.180 4.600 17.585
52.210 4.510 29.906
52.250 4.970 33.220
52.270 4.360 41.511
52.280 4.910 34.686
52.540 4.190 29.047
52.550 4.290 23.550
52.560 4.970 26.825
52.570 4.370 36.988
52.580 4.010 31.278
52.590 3.970 41.727
52.600 4.150 38.311
52.610 4.300 38.259
52.630 4.550 26.902
52.640 4.910 37.021
52.650 4.770 34.864
52.670 4.320 26.562
52.680 4.360 32.578
52.690 4.710 44.546
52.700 4.820 26.219
52.710 4.400 23.949
52.780 4.420 38.926
52.790 4.840 25.891
53.080 4.890 25.795
53.090 4.430 42.112
53.100 4.360 33.550
53.110 4.520 33.113
53.140 4.710 39.157
53.270 4.860 33.452
53.330 4.540 34.576
53.430 4.640 27.534
53.440 4.280 34.157
53.480 4.760 32.660
53.500 4.250 42.367
53.510 4.870 26.269
53.600 4.560 42.349
53.620 4.630 40.348
53.700 4.530 43.931
53.780 4.480 35.856
53.790 4.340 43.879
53.840 4.370 44.004
53.860 4.090 41.398
53.870 4.570 35.300
53.880 4.340 40.144
53.920 4.830 39.150
54.210 4.840 44.589
119.720 4.970 16.237
119.740 4.670 32.498
119.760 4.730 37.494
119.780 4.410 41.845
119.800 4.210 32.025
119.820 4.090 39.965
119.870 4.730 40.193
119.880 4.330 40.650
119.890 4.350 28.813
119.900 4.440 33.828
119.920 4.660 40.855
119.930 4.250 27.863
119.940 4.360 37.194
119.960 4.680 31.521
119.980 4.470 23.288
119.990 4.650 17.867
120.000 4.700 42.009
120.010 4.190 42.154
120.020 4.360 34.929
120.080 4.230 41.603
120.090 4.220 33.663
120.110 4.310 44.005
120.210 4.220 30.653
120.230 4.840 29.092
120.250 4.330 36.782
120.300 4.880 36.433
120.310 4.640 43.235
120.360 4.200 31.799
120.370 4.710 25.526
120.440 4.460 29.850
120.930 4.960 42.224
120.980 4.550 37.620
121.010 4.500 41.501
121.020 4.470 37.074
121.030 4.470 26.166
121.050 4.560 36.674
121.060 4.120 34.093
121.070 4.610 27.960
121.080 4.270 32.937
121.090 4.400 28.896
121.100 4.610 38.495
121.110 4.240 26.857
121.120 4.320 29.449
121.130 4.530 27.560
121.140 4.050 36.533
121.160 4.700 34.736
121.170 4.650 28.809
121.220 4.310 40.628
121.230 4.420 26.206
121.240 4.800 38.806
121.250 4.370 26.150
121.260 4.400 14.563
121.270 4.610 28.185
121.290 4.960 35.020
121.300 4.570 34.414
121.310 4.160 34.948
121.320 4.200 43.779
121.330 4.410 32.108
121.340 4.450 33.290
121.350 4.410 34.469
121.370 4.250 39.115
121.380 4.350 39.960
121.410 3.800 39.616
121.420 4.010 39.909
121.430 4.060 34.801
121.440 4.080 43.387
121.450 4.740 20.053
121.460 3.950 37.956
121.470 4.340 29.882
121.480 4.050 28.159
121.490 4.370 24.580
121.510 4.620 44.183
121.530 4.120 38.695
121.540 4.210 41.055
121.550 4.680 22.580
121.560 4.460 24.353
121.570 4.390 22.973
121.590 4.210 36.484
121.600 4.650 22.338
121.630 4.940 15.667
121.640 4.920 25.634
121.650 4.500 42.501
121.660 4.500 35.793
121.680 4.790 36.871
121.690 4.660 42.222
121.710 4.550 31.517
121.750 4.270 28.562
121.760 4.320 33.158
121.770 4.420 37.154
121.810 4.950 24.138
121.830 4.560 43.189
121.840 4.400 40.140
121.850 4.020 36.001
121.870 4.790 38.590
121.910 4.150 41.175
121.930 4.170 43.881
121.950 4.860 42.011
122.050 4.830 42.579
122.090 4.650 38.887
122.120 4.560 23.449
122.140 4.770 42.946
122.150 4.510 21.669
122.180 4.420 35.791
122.220 4.610 32.349
122.240 4.550 39.763
122.260 4.810 44.761
122.280 4.400 36.685
122.300 4.880 12.996
122.310 4.650 41.549
122.400 4.580 37.071
122.410 4.480 20.819
122.430 4.380 36.775
122.460 4.590 26.613
122.470 4.400 22.014
122.490 4.840 39.385
122.510 4.680 7.572
122.520 4.850 42.186
122.660 4.790 31.681
122.670 4.090 44.725
122.720 4.920 20.249
122.750 4.580 32.575
122.760 4.580 31.825
122.770 4.980 33.215
122.790 4.500 38.220
122.800 4.670 27.535
122.810 4.640 34.207
122.830 4.560 37.061
122.840 4.200 30.411
122.860 4.180 34.698
122.870 4.120 34.598
122.880 4.310 43.732
122.910 4.400 35.605
122.920 4.270 25.017
122.930 4.790 34.598
122.940 4.500 33.894
122.950 4.330 42.541
122.960 4.270 26.907
122.970 4.060 31.042
123.000 4.200 32.934
123.020 4.470 39.726
123.050 4.280 44.777
123.120 4.810 41.233
123.140 4.740 37.554
123.150 4.280 41.063
123.250 4.590 32.022
123.280 4.260 41.708
123.340 4.110 29.845
123.350 4.280 39.050
123.360 4.610 42.452
123.370 4.450 40.005
123.380 4.900 41.096
123.570 4.680 41.754
123.600 4.560 35.674
123.620 4.060 29.849
123.770 4.430 26.228
123.780 4.500 32.930
123.790 4.600 34.363
123.810 4.570 29.079
123.820 4.510 19.888
123.830 4.480 35.787
123.850 4.370 43.123
123.860 4.490 41.184
123.880 4.520 27.620
123.890 4.060 33.467
123.900 4.540 37.912
123.910 4.800 36.253
123.920 4.780 21.988
123.930 4.350 22.391
123.950 4.430 38.662
123.960 4.680 34.657
123.980 4.730 28.139
124.000 4.630 37.692
124.010 4.310 43.950
124.020 4.820 37.423
124.040 4.820 36.521
124.050 4.880 44.813
124.060 4.580 16.895
124.070 4.700 17.866
124.110 4.230 25.829
124.120 4.380 43.651
124.150 4.170 39.847
124.160 4.460 34.035
124.170 4.050 44.463
124.190 4.150 37.415
124.200 4.580 30.286
124.220 4.490 35.307
124.230 3.980 41.130
124.290 4.910 35.571
124.310 4.390 44.648
124.340 4.430 39.655
124.350 4.090 34.884
124.360 4.610 35.053
124.390 4.800 36.761
124.450 4.680 40.571
124.490 4.700 26.607
124.500 4.500 38.218
124.510 4.690 28.881
124.520 4.390 18.323
124.530 4.490 38.235
124.550 4.560 41.591
124.570 4.430 28.416
124.610 4.490 36.463
124.620 4.240 40.314
124.630 4.380 34.506
124.660 4.410 34.057
124.670 4.430 42.104
124.680 4.720 34.440
124.690 4.760 42.843
124.810 4.720 20.874
124.890 4.100 36.804
124.900 4.430 43.650
124.910 4.920 24.906
124.930 4.650 37.921
124.940 4.270 42.676
124.970 4.940 39.134
124.980 3.850 42.583
124.990 4.270 30.995
125.000 4.090 33.618
125.010 3.800 27.434
125.020 3.750 37.769
125.030 4.280 32.495
125.040 4.640 44.730
125.050 3.960 39.419
125.060 4.160 26.436
125.100 4.950 43.420
125.150 4.890 22.613
125.210 4.530 44.904
125.220 4.340 40.610
125.240 4.860 28.790
125.250 4.870 17.838
125.260 4.330 41.963
125.270 4.700 26.945
125.300 4.520 21.176
125.310 4.230 29.337
125.320 4.310 36.829
125.330 4.040 28.441
125.340 4.660 28.038
125.350 4.260 37.210
125.360 4.600 29.491
125.370 4.340 27.657
125.380 4.390 42.401
125.390 4.480 44.450
125.490 4.720 40.286
125.500 4.690 33.008
125.540 4.360 33.937
125.550 3.990 38.470
125.560 4.320 40.008
125.580 4.460 22.111
125.590 4.630 33.440
125.600 4.210 32.724
125.610 4.220 38.374
125.960 4.660 31.544
125.970 4.750 28.010
126.030 4.660 17.506
126.040 4.230 41.784
126.050 4.290 37.751
126.070 4.560 31.126
126.080 4.490 19.756
126.100 4.600 39.904
126.110 4.510 40.202
126.130 4.980 25.575
126.150 4.600 38.318
126.160 3.930 42.659
126.170 4.850 44.928
126.180 4.770 37.942
126.200 3.950 39.135
126.220 4.450 41.593
126.240 4.690 35.579
126.270 4.720 35.324
126.360 4.740 36.523
126.380 4.180 32.637
126.410 4.110 36.781
126.450 4.530 26.343
126.470 4.350 42.426
126.490 4.420 25.711
126.500 4.950 28.631
126.510 4.430 40.098
126.520 4.190 32.831
126.530 4.520 39.864
126.540 4.550 38.311
126.550 4.560 28.947
126.570 4.760 32.315
126.580 4.380 38.613
126.590 4.750 32.130
126.610 4.750 38.631
126.630 4.410 36.114
126.640 4.150 33.149
126.680 4.640 36.014
126.690 4.510 36.514
126.700 4.520 22.518
126.710 4.070 31.384
126.720 4.380 36.020
126.770 4.150 37.826
126.780 4.180 43.582
126.790 4.350 33.300
126.800 4.560 26.872
126.830 4.240 35.839
126.840 4.530 44.036
126.850 4.180 37.060
126.860 4.210 33.323
126.880 4.200 43.304
126.920 4.620 34.686
126.930 4.650 40.700
126.940 4.780 25.763
127.070 4.340 36.308
127.090 4.810 35.269
127.100 4.770 37.000
127.160 4.880 37.819
127.230 4.800 40.047
127.250 4.680 12.186
127.280 4.520 32.425
127.290 4.540 33.520
127.310 4.260 30.246
127.350 4.990 26.939
127.360 4.280 41.599
127.370 4.230 37.299
127.400 4.060 31.344
127.410 4.260 42.051
127.420 4.940 30.058
127.460 4.230 34.071
127.530 4.610 41.041
127.560 4.880 36.834
127.600 4.930 42.679
127.610 4.470 33.216
127.620 4.670 18.694
127.630 4.080 40.365
127.640 4.070 28.488
127.650 4.250 38.358
127.660 4.700 40.419
127.680 4.930 16.461
127.690 4.120 33.231
127.750 4.850 32.441
127.780 4.860 43.331
127.850 4.970 33.686
127.860 4.810 9.731
127.890 4.850 31.922
127.910 4.140 41.630
127.920 4.470 26.500
127.930 4.800 33.538
127.960 4.960 34.391
128.010 4.810 40.794
128.020 4.650 36.380
128.030 4.410 27.117
128.040 4.530 37.461
128.100 4.920 38.787
128.120 4.690 35.355
128.130 4.560 35.342
128.140 4.510 28.961
128.210 4.380 44.110
128.220 4.900 39.256
128.230 4.600 43.422
128.240 4.230 37.695
128.270 4.710 39.286
128.290 4.960 44.234
128.330 4.640 40.572
128.490 3.630 26.874
128.530 4.730 44.294
128.540 4.880 24.306
128.550 4.060 36.187
128.560 4.600 30.245
128.580 4.620 19.301
128.610 4.800 20.487
128.720 4.730 36.420
128.730 4.910 36.264
128.740 4.450 31.231
128.770 4.220 30.873
128.790 4.690 28.039
128.800 4.060 35.190
128.830 4.900 38.123
128.860 4.860 43.115
128.890 4.330 35.793
128.900 4.880 40.691
128.920 4.980 37.655
128.930 4.460 30.322
128.940 4.150 36.829
128.960 4.200 30.673
128.970 4.520 31.017
128.980 4.180 30.108
128.990 4.600 30.070
129.000 4.030 34.585
129.010 4.700 30.922
129.020 4.660 22.749
129.030 4.680 32.013
129.040 4.660 42.371
129.080 4.780 43.658
129.110 4.940 32.335
129.330 4.070 35.003
129.340 4.730 42.352
129.350 4.360 42.466
129.370 4.600 22.776
129.390 4.800 44.967
129.440 4.380 35.648
129.470 4.450 41.841
129.480 4.920 34.699
129.550 4.780 38.671
129.570 4.190 36.236
129.580 4.800 36.088
129.590 4.870 39.151
129.600 4.380 32.334
129.610 4.610 40.180
129.630 4.150 32.725
129.690 4.460 34.326
129.730 4.330 27.658
130.370 4.770 13.447
130.380 4.850 44.025
130.390 4.290 43.335
131.470 4.340 41.692
131.600 4.430 40.676
131.730 4.800 37.223
131.790 4.460 41.794
131.800 4.650 41.808
131.950 4.140 43.568
132.000 4.490 38.893
132.090 4.920 38.356
132.500 4.780 36.439
132.510 4.340 29.199
132.520 4.040 35.773
132.530 4.690 34.846
132.540 4.280 35.706
132.620 4.960 31.232
132.700 4.560 33.221
132.750 4.640 42.284
132.780 4.320 36.074
132.800 4.620 35.246
132.810 4.090 44.678
132.820 4.230 36.319
132.830 4.450 40.599
132.840 4.410 22.042
132.850 4.150 43.915
132.860 4.320 38.381
132.870 4.050 35.473
132.880 4.410 44.260
132.890 4.300 36.018
132.900 4.430 32.925
132.950 4.360 41.643
133.060 4.760 28.309
133.120 4.970 36.725
133.130 4.890 28.149
133.140 4.870 28.182
133.150 4.270 36.454
133.160 4.270 44.792
133.170 4.710 28.987
133.200 4.780 41.359
133.220 4.750 38.342
133.240 4.740 31.140
133.250 4.420 38.494
133.260 4.240 37.858
133.520 4.830 44.620
133.530 4.560 42.877
133.540 4.560 44.691
133.550 4.420 19.445
133.560 4.330 38.453
133.570 4.380 42.975
133.580 4.140 34.622
133.600 4.540 32.428
133.610 4.160 41.187
133.630 4.470 20.862
133.640 4.350 36.444
133.650 4.480 39.722
133.700 4.200 28.385
133.730 4.030 40.724
133.740 4.560 42.669
133.750 4.670 26.167
133.760 4.540 31.250
133.770 4.260 35.380
133.790 4.190 41.233
133.800 4.210 35.181
133.810 4.610 28.161
133.820 4.510 39.399
133.900 4.110 32.140
133.910 3.960 38.073
133.930 4.870 38.098
133.940 4.740 39.951
133.990 4.320 44.894
134.000 4.260 36.480
134.010 4.070 44.608
134.080 4.700 28.171
134.140 4.640 31.989
134.150 4.190 26.134
134.170 4.290 36.867
134.210 4.500 29.951
134.220 4.870 31.685
134.230 4.480 27.442
134.250 4.020 38.664
134.280 4.450 42.163
134.300 4.880 20.863
134.320 4.550 31.585
134.350 4.020 42.970
134.360 4.220 41.524
134.370 4.490 42.606
134.400 4.390 34.049
134.410 4.520 23.012
134.440 4.660 36.566
134.480 4.770 11.363
134.490 4.290 42.952
134.500 4.610 33.367
134.520 4.470 44.958
134.540 4.670 29.103
134.550 4.820 38.095
134.560 4.270 35.103
134.570 4.760 37.447
134.580 4.110 36.294
134.640 4.750 24.450
134.650 4.560 32.458
134.660 4.460 28.281
134.680 4.380 37.590
134.700 4.340 33.660
134.710 4.220 29.704
134.740 4.940 38.767
134.780 4.450 42.266
134.790 4.660 19.477
134.800 4.360 34.866
134.810 4.230 23.048
134.820 4.740 38.863
134.830 4.030 39.941
134.840 4.320 42.834
134.890 4.970 42.847
134.920 4.820 23.952
135.040 4.300 43.954
135.060 4.410 40.624
135.070 4.270 41.533
135.090 4.360 35.683
135.140 4.760 37.278
135.390 4.790 42.445
135.440 4.720 41.019
135.480 4.860 31.667
135.490 4.830 40.084
135.500 4.060 33.583
135.510 4.530 28.549
135.530 4.350 36.735
135.540 4.870 29.415
135.580 4.900 41.341
135.620 4.910 41.540
135.650 3.830 40.070
135.670 4.160 38.254
135.690 4.480 41.022
135.710 4.390 31.145
135.720 4.450 43.985
135.740 4.960 42.939
135.770 4.330 31.234
135.800 4.110 35.874
135.820 4.670 26.458
135.830 3.900 36.636
135.840 4.340 34.799
135.900 4.300 32.108
135.910 4.360 31.977
135.980 4.030 30.436
135.990 4.800 33.123
136.010 4.560 31.299
136.020 4.860 22.494
136.030 4.800 28.127
136.040 4.700 29.559
136.060 4.240 40.039
136.070 4.250 40.725
136.130 4.940 34.877
136.410 4.770 31.632
136.420 4.300 35.835
136.430 4.720 41.206
136.440 4.190 38.009
136.460 4.210 30.679
136.480 4.710 43.417
136.570 4.830 34.519
136.650 4.320 34.723
136.750 4.160 43.918
136.790 4.470 35.161
136.810 4.930 42.434
136.830 4.670 36.492
136.910 4.260 38.115
136.920 4.660 41.642
136.930 4.710 44.954
137.050 4.200 33.922
137.080 4.870 37.237
137.090 4.270 39.291
137.100 4.250 30.877
137.110 4.740 40.239
137.130 4.420 33.225
137.150 4.500 32.414
137.170 4.560 31.642
137.180 4.160 42.757
137.190 4.280 36.989
137.220 4.370 38.475
137.300 4.960 31.098
137.480 4.860 41.850
137.540 4.750 34.333
137.560 4.950 43.436
137.570 4.810 43.931
137.610 4.730 43.506
137.620 4.230 41.086
137.650 4.110 39.647
137.670 4.390 33.034
137.680 4.120 36.529
137.690 4.090 25.137
137.700 4.220 37.259
137.720 4.700 44.410
137.730 4.540 20.808
137.740 4.760 42.309
137.840 4.470 29.009
137.850 4.920 21.128
137.860 4.620 25.501
137.870 4.320 41.581
137.900 4.920 42.094
137.910 4.030 36.544
137.920 4.750 29.111
137.930 4.190 30.071
137.950 4.220 42.112
137.970 4.010 39.084
137.980 4.750 15.100
138.010 4.280 41.799
138.030 4.290 38.178
138.060 4.400 38.488
138.070 4.050 35.888
138.080 4.390 40.436
138.090 4.180 35.251
138.110 4.570 31.295
138.130 4.670 34.268
138.150 4.810 10.805
138.160 4.100 35.674
138.180 4.840 34.936
138.190 4.800 31.247
138.200 4.020 37.910
138.230 4.020 39.465
138.250 4.400 42.521
138.290 4.330 41.173
138.300 4.090 43.758
138.310 4.460 34.589
138.320 4.340 24.966
138.330 3.910 44.819
138.340 4.660 28.689
138.350 4.970 39.090
138.370 4.190 27.179
138.400 4.780 20.552
138.420 4.240 36.769
138.430 4.270 38.015
138.440 4.380 44.204
138.450 4.120 41.525
138.490 4.770 38.854
138.510 4.450 28.037
138.520 4.410 33.858
138.570 4.430 40.642
160.230 4.710 34.408
160.410 4.910 37.677
184.740 4.470 33.218
184.820 4.240 34.974
184.830 4.350 40.087
184.850 4.300 36.670
184.860 4.670 42.207
184.870 4.610 41.751
184.880 4.630 36.831
184.890 4.870 19.432
185.200 4.650 42.535
185.220 4.550 31.033
185.240 4.410 39.143
185.250 4.290 36.264
185.270 4.390 33.065
185.280 4.880 37.978
185.300 4.340 26.055
185.310 4.280 43.726
185.320 4.330 35.728
185.330 4.630 37.781
185.340 4.490 32.709
185.350 4.130 24.233
185.360 4.580 23.633
185.370 4.140 34.960
185.380 4.170 28.979
185.410 4.390 37.026
185.430 4.690 21.547
185.440 3.820 37.506
185.470 4.760 44.657
185.510 4.360 32.056
185.520 4.700 24.372
185.560 4.660 36.124
185.630 3.950 43.233
185.670 4.210 44.991
185.680 4.230 31.963
185.710 4.170 44.089
185.720 4.140 26.360
185.730 4.250 43.636
185.740 4.530 40.065
185.770 3.890 28.497
185.780 4.080 31.045
185.790 4.520 44.799
185.800 4.290 32.844
185.810 4.650 43.051
185.820 4.780 42.626
185.830 4.560 38.708
185.840 4.340 27.863
185.850 3.940 43.359
185.870 4.520 33.612
185.880 4.880 33.219
185.890 4.330 37.313
185.900 4.320 40.122
185.910 4.770 25.875
185.930 4.980 33.020
185.950 4.690 42.969
185.960 4.440 34.047
185.970 4.770 43.339
185.980 4.320 43.495
185.990 4.680 37.994
186.000 4.640 17.030
186.050 4.270 33.892
186.090 4.790 34.143
186.100 4.690 33.558
186.110 4.780 29.332
186.120 4.230 39.147
186.160 4.300 37.928
186.190 4.860 42.748
186.350 4.710 39.977
186.360 4.560 21.006
186.450 4.750 42.605
186.480 4.620 21.505
186.500 4.980 21.902
186.510 4.100 37.965
186.550 4.610 36.754
186.570 4.930 31.355
186.580 4.260 44.799
186.590 4.210 39.741
186.760 4.290 44.826
187.030 4.700 21.994
187.040 4.180 39.948
187.060 4.150 40.383
187.100 4.310 40.656
187.120 4.810 34.315
187.150 4.460 42.437
187.170 4.590 30.206
187.520 4.820 23.350
187.550 4.470 43.995
187.570 4.230 28.071
187.780 4.520 32.510
187.830 4.370 40.332
187.900 4.750 44.278
187.930 4.550 32.858
187.940 4.050 42.547
187.960 4.370 38.614
187.990 4.640 37.650
188.000 4.920 34.955
188.010 4.680 23.851
188.260 4.100 36.567
188.520 4.370 40.253
188.690 4.210 36.941
188.710 4.240 42.439
188.730 4.250 43.583
188.740 4.840 30.944
188.770 4.470 38.228
188.780 4.430 36.982
188.790 4.300 27.279
188.800 4.440 35.130
188.820 4.850 20.381
188.830 4.540 36.657
188.840 4.320 43.977
188.850 4.410 41.996
188.860 4.270 38.996
188.910 4.760 31.419
188.920 4.500 42.654
188.950 4.330 40.144
188.960 4.430 31.049
188.970 4.280 37.159
188.980 4.280 43.714
188.990 4.680 32.946
189.000 4.130 42.906
189.020 4.550 28.927
189.030 4.900 44.293
189.040 4.220 30.946
189.050 4.140 41.361
189.060 4.430 37.195
189.070 4.800 44.012
189.090 4.510 34.084
189.130 4.970 42.155
189.180 4.600 29.323
189.190 4.590 36.810
189.210 3.950 40.075
189.220 4.230 44.223
189.230 4.740 37.608
189.240 4.840 31.725
189.250 4.580 29.726
189.260 4.340 30.294
189.270 4.120 33.534
189.280 4.710 42.767
189.290 4.580 38.819
189.300 4.470 42.752
189.440 4.710 31.931
189.460 4.490 43.097
189.470 4.220 34.496
189.480 4.480 43.622
189.510 4.520 37.693
189.540 4.470 29.465
189.570 4.520 22.490
189.630 4.640 34.504
189.640 4.490 28.169
189.650 4.860 40.391
189.780 4.540 31.751
189.790 4.400 34.271
189.800 4.030 41.894
189.810 4.380 38.669
189.820 4.530 27.696
189.830 4.750 22.192
189.840 4.270 44.574
189.860 4.530 44.046
189.880 4.520 44.200
189.890 4.230 33.190
189.910 4.960 36.575
189.930 4.790 25.874
189.940 4.250 31.870
189.960 4.580 25.685
189.970 4.470 28.985
190.010 4.750 43.710
190.030 4.730 29.707
190.090 4.930 34.908
190.100 4.140 31.205
190.110 4.640 22.640
190.120 4.240 40.490
190.150 4.620 35.829
190.160 4.610 25.153
190.170 3.990 35.679
190.190 4.040 40.148
190.200 4.080 36.818
190.210 4.190 25.565
190.220 4.400 30.414
190.230 4.160 31.867
190.240 4.120 31.251
190.250 4.400 33.851
190.260 3.990 38.565
190.270 4.450 40.838
190.280 4.590 40.192
190.290 4.530 40.762
190.320 4.890 36.848
190.330 4.280 42.346
190.350 4.300 41.224
190.360 4.320 34.506
190.370 4.510 27.363
190.380 4.270 37.951
190.400 4.870 26.854
190.410 3.970 34.088
190.430 4.650 25.228
190.440 4.430 36.886
190.450 4.280 37.432
190.470 3.990 43.103
190.480 4.640 32.441
190.490 4.270 40.823
190.510 4.140 34.179
190.520 4.290 33.625
190.530 4.830 18.341
190.540 4.370 36.010
190.560 4.590 28.200
190.590 4.500 37.271
190.660 4.100 29.908
190.680 4.380 36.840
190.690 4.420 29.441
190.710 4.330 43.868
190.720 4.380 27.903
190.740 4.380 37.199
190.790 4.850 44.457
190.820 4.510 42.467
190.830 4.930 10.647
190.840 4.580 33.492
190.850 4.980 38.433
242.930 4.530 12.591
242.940 4.910 25.783
243.170 4.740 36.553
243.180 4.900 32.926
243.190 4.820 43.179
243.350 4.980 9.323
243.360 4.810 13.987
243.370 4.970 37.800
243.450 4.090 10.767
243.460 4.620 10.064
243.470 4.610 42.375
243.530 4.460 30.850
243.740 4.170 38.871
243.770 3.980 14.598
243.780 4.330 26.549
243.790 4.520 44.139
243.810 4.450 28.161
251.960 4.140 35.175
251.970 4.920 34.561
251.980 4.060 36.662
251.990 4.710 28.386
252.000 4.260 40.906
252.020 4.370 40.770
252.040 4.480 26.561
252.050 4.500 37.701
252.060 4.420 31.876
252.070 4.290 26.195
252.090 4.560 42.186
252.140 4.210 30.794
252.150 4.800 43.396
252.170 4.520 36.937
252.180 4.280 39.434
252.190 4.460 23.894
252.200 4.390 21.352
252.210 4.760 26.115
252.220 4.630 34.794
252.240 4.190 31.124
252.260 4.390 37.827
252.270 4.320 36.220
252.280 4.880 28.007
252.290 4.920 26.987
252.310 4.940 27.881
252.320 4.410 44.694
252.330 4.750 42.812
252.340 3.880 31.667
252.350 3.810 38.074
252.380 4.700 32.447
252.410 3.820 40.053
252.420 4.140 40.195
252.440 4.500 29.583
252.500 4.450 44.438
252.510 4.700 44.463
252.520 4.870 38.186
252.540 4.980 42.810
252.550 4.000 32.482
252.560 4.100 32.601
252.570 4.330 28.138
252.580 4.150 33.912
252.590 4.690 26.814
254.610 4.750 43.141
270.190 4.600 30.591
270.200 4.270 38.752
270.210 4.640 30.626
270.220 4.250 39.832
270.230 4.450 41.006
270.320 4.460 44.651
270.330 4.940 17.189
270.340 4.830 16.513
270.360 4.760 21.301
270.370 4.430 36.740
270.380 4.700 34.949
270.390 4.530 43.776
270.400 4.080 34.081
270.410 4.440 39.283
270.440 4.520 28.702
270.480 4.730 24.110
270.490 4.760 41.120
270.500 4.510 27.944
270.630 4.640 40.446
270.650 4.540 43.069
270.720 4.190 42.897
270.730 4.330 43.252
270.750 4.760 44.377
270.770 4.320 40.506
270.780 4.760 34.177
270.800 4.540 23.660
270.820 4.140 41.831
270.830 4.940 44.195
270.860 4.430 16.093
270.870 4.430 43.186
270.920 4.700 33.791
270.930 4.130 28.461
270.940 4.160 36.053
270.950 4.630 39.306
271.000 4.570 36.166
271.060 4.780 40.743
271.070 4.940 21.107
271.100 4.210 34.881
271.110 4.820 42.746
271.120 4.490 37.055
271.130 4.480 31.973
271.140 4.630 29.720
271.150 4.200 33.319
271.160 4.560 31.246
271.180 4.890 32.298
271.190 4.230 32.390
271.200 4.300 32.603
271.210 4.370 30.846
271.220 4.290 35.430
271.230 4.250 40.771
271.250 4.580 36.123
271.260 4.130 35.811
271.270 4.430 33.409
271.280 4.240 37.941
271.300 4.250 31.837
271.310 4.470 34.976
271.330 4.030 25.812
271.340 4.160 37.943
271.350 4.870 41.808
271.360 4.680 26.881
271.370 4.310 43.654
271.380 4.100 29.476
271.390 4.010 26.386
271.400 4.720 39.396
271.420 4.800 27.225
271.440 4.660 36.976
271.460 4.100 29.986
271.470 3.850 38.921
271.500 4.940 39.055
271.530 4.020 30.413
271.540 4.020 37.757
271.550 4.480 29.910
271.560 4.190 33.786
271.570 4.550 25.063
271.580 4.380 36.269
271.610 4.660 40.601
271.620 4.280 43.329
271.630 4.190 18.592
271.640 4.240 33.889
271.650 4.360 43.957
271.660 4.300 33.700
271.680 4.750 34.580
271.860 4.730 28.223
271.890 4.820 43.764
271.900 3.900 32.589
271.910 4.050 42.093
271.930 4.450 38.913
271.950 4.480 20.463
271.960 4.280 40.578
271.980 4.240 37.663
272.000 4.760 43.454
272.020 4.840 9.442
272.050 4.530 34.998
272.080 4.490 41.871
272.090 4.810 38.328
272.100 4.460 36.792
272.120 4.350 36.853
272.150 4.070 31.017
272.160 4.710 39.844
272.170 4.800 16.776
272.180 4.390 19.270
272.190 4.420 33.153
272.210 4.820 33.241
272.220 4.320 34.640
272.230 4.430 41.854
272.240 4.410 34.187
272.630 4.920 30.052
272.640 4.420 36.190
272.660 4.110 32.421
272.700 4.650 37.084
272.710 4.000 35.335
272.720 4.020 37.386
272.730 3.960 37.059
272.740 4.100 33.250
272.750 4.470 17.137
272.760 4.260 37.154
272.780 4.380 37.964
272.810 4.410 44.388
272.820 4.410 35.976
272.830 4.260 25.899
272.840 4.300 35.508
272.850 4.490 33.261
272.860 4.290 20.033
272.870 4.830 23.712
272.970 4.780 31.267
273.120 4.800 24.568
273.130 4.720 42.886
273.170 4.750 32.655
273.210 4.320 44.308
273.230 4.510 29.462
273.250 4.110 38.674
273.260 3.940 39.596
273.310 4.350 33.711
273.320 4.150 41.857
273.340 4.070 35.909
273.350 4.540 22.822
273.360 4.630 41.281
273.460 4.470 42.997
273.470 4.280 28.397
273.480 4.180 32.015
273.490 4.780 27.112
273.500 4.340 35.235
273.510 4.530 29.296
273.520 4.960 20.321
273.530 4.130 33.208
273.540 4.390 34.522
273.580 4.070 39.974
273.590 4.620 36.986
273.620 4.610 41.852
273.630 4.620 43.834
273.650 4.690 36.543
273.750 4.640 43.457
273.780 4.520 35.058
273.820 4.540 37.430
273.850 4.670 30.997
273.960 4.160 41.783
274.690 4.870 41.941
274.700 4.500 25.659
274.720 4.890 20.347
274.760 4.940 34.877
274.770 4.120 34.733
274.780 4.650 33.659
274.790 4.930 39.188
274.800 4.390 30.997
274.810 4.200 27.769
274.820 4.620 33.196
274.830 4.530 33.491
274.840 4.820 25.810
274.850 4.840 32.796
274.860 4.150 33.153
274.870 4.310 32.608
274.880 4.280 44.234
274.890 4.030 32.576
274.900 4.800 21.908
274.910 4.250 43.556
274.980 4.020 37.339
274.990 4.550 42.191
275.010 4.580 32.935
275.050 4.760 38.821
275.060 4.380 34.208
275.070 4.650 35.311
275.080 4.230 38.004
275.090 4.410 40.670
275.100 4.260 31.192
275.110 4.360 39.171
275.150 4.960 32.789
275.170 4.090 31.504
275.180 4.330 20.745
275.210 4.130 31.648
275.240 4.430 42.932
275.250 4.900 30.947
275.280 3.940 40.930
275.290 4.090 42.568
275.300 4.000 38.495
275.330 4.250 32.184
275.340 4.020 23.594
275.350 4.090 37.543
275.360 3.850 17.816
275.370 4.230 38.842
275.390 4.310 33.272
275.410 4.270 38.222
275.470 4.680 42.091
275.500 4.470 29.336
275.510 4.030 43.561
275.520 4.780 32.496
275.540 4.370 34.620
275.580 4.420 43.092
275.590 4.620 32.556
275.600 4.670 36.219
275.620 4.480 27.797
275.640 4.380 21.259
275.660 4.490 37.801
275.680 4.650 40.439
275.690 4.410 44.304
275.780 4.780 26.480
275.790 4.140 35.271
275.800 4.470 38.341
275.810 4.240 40.631
275.850 4.240 42.467
275.910 4.970 19.780
275.920 4.940 31.070
275.970 4.930 42.354
292.450 4.760 35.895
292.500 4.770 26.350
292.540 4.300 23.858
293.340 4.180 31.386
293.350 4.300 23.692
293.360 4.330 38.427
293.370 4.840 26.573
293.410 4.890 34.295
298.490 4.440 21.062
298.950 4.730 26.352
300.090 4.900 32.810
301.460 4.410 39.546
303.260 4.950 41.173
303.430 4.750 42.850
303.660 4.580 41.499
304.250 4.750 41.775
343.450 4.540 44.893
343.460 4.240 38.476
343.500 4.460 41.415
343.510 4.710 28.211
343.520 4.410 34.462
343.530 4.530 20.260
343.580 4.870 5.043
344.190 4.780 41.819
344.320 4.570 20.074
344.330 4.600 24.900
344.340 4.940 26.971
344.400 4.980 9.255
344.420 4.550 9.703
344.440 4.820 11.654
344.450 4.140 29.746
344.460 4.440 24.996
344.520 4.760 21.925
344.560 4.950 31.438
344.570 4.250 31.652
344.600 3.990 38.108
344.670 4.960 37.665
348.870 4.870 37.933
348.900 4.080 32.899
348.910 4.220 40.287
348.920 4.630 36.020
348.930 4.490 22.636
348.940 4.180 42.946
348.960 4.090 32.659
348.970 4.410 40.234
348.980 4.040 40.271
349.010 3.870 32.281
349.020 4.170 42.520
349.040 4.370 32.889
349.070 4.240 34.489
349.080 4.400 38.299
349.090 4.180 36.441
349.100 4.130 36.690
349.120 4.530 27.132
349.130 4.160 34.384
349.140 4.880 42.031
349.160 4.450 39.390
349.170 4.510 38.785
349.180 4.260 38.424
349.190 4.260 39.160
349.200 4.280 44.204
349.210 4.240 34.611
349.230 4.400 31.765
349.250 4.800 30.819
349.270 4.850 30.428
349.280 4.680 32.140
349.290 4.030 37.313
349.300 4.730 34.187
349.400 4.650 31.426
349.440 4.560 28.851
349.450 4.410 38.193
349.460 4.290 37.075
349.490 4.340 25.014
349.520 3.810 34.860
349.530 4.380 41.321
349.540 4.110 44.491
349.550 4.470 34.827
349.560 4.490 29.039
349.570 4.110 41.522
349.590 4.480 40.450
349.620 4.200 35.447
349.720 4.450 7.164
349.730 4.580 39.309
349.760 4.750 39.927
349.880 4.910 38.594
349.930 4.630 42.892
350.010 4.010 37.533
350.020 4.620 26.411
350.040 4.080 35.566
350.050 4.870 19.637
350.060 4.380 42.899
350.140 4.310 32.357
350.150 4.350 30.566
350.170 4.100 37.342
350.190 4.080 34.409
350.200 4.530 25.853
350.220 4.870 36.116
350.230 4.150 37.997
350.240 4.750 31.747
350.290 4.510 31.726
350.300 4.980 44.370
350.320 4.950 43.146
350.330 4.370 35.967
350.360 4.360 38.654
350.380 4.230 38.095
350.400 4.920 24.246
350.410 4.180 25.346
350.440 4.470 34.396
350.450 3.930 33.639
350.470 4.320 36.503
350.490 4.600 44.304
352.290 4.550 40.534
352.300 4.540 37.712
352.310 4.180 32.072
352.320 3.970 40.944
352.330 4.190 44.322
352.350 4.390 29.874
352.360 4.120 32.399
352.370 3.880 41.356
352.380 3.750 30.661
352.400 4.430 38.275
352.410 3.940 42.475
352.420 4.230 16.616
352.430 4.210 36.736
352.440 3.920 29.282
352.450 4.130 31.802
352.480 4.140 15.217
352.490 4.210 42.858
352.500 4.500 34.353
352.510 3.950 37.021
352.520 4.520 28.399
352.530 4.480 42.840
352.550 4.400 42.519
352.560 4.090 37.889
352.570 3.950 38.122
352.590 4.580 40.323
352.620 4.050 26.244
352.670 4.270 40.862
352.680 3.840 32.077
352.690 3.930 34.495
352.700 4.420 42.013
352.710 4.560 21.114
352.720 4.060 34.614
352.730 4.270 28.885
352.740 4.120 43.247
352.750 4.710 32.115
352.760 4.260 40.169
352.770 4.170 16.393
352.790 4.170 30.770
352.800 4.140 21.575
352.860 4.270 36.863
352.900 3.990 22.432
352.920 3.790 40.103
352.930 4.270 43.476
352.940 4.280 38.046
352.950 4.430 36.452
353.010 4.090 33.153
353.020 4.530 35.921
353.040 4.010 28.017
353.060 4.430 34.639
353.080 4.560 29.980
353.090 3.980 44.532
353.110 4.230 35.031
353.120 4.900 32.636
353.160 4.570 27.734
353.170 4.260 34.039
353.220 4.280 35.942
353.240 4.420 29.214
353.270 4.310 31.344
353.280 4.600 38.417
353.330 4.390 26.287
353.750 4.340 43.593
353.760 4.520 38.128
353.770 4.570 35.157
353.780 4.200 37.362
353.790 4.280 40.456
353.820 4.590 43.107
353.830 4.210 41.812
353.840 4.730 21.407
353.850 4.560 30.940
353.870 4.450 44.739
353.880 4.880 24.610
353.890 4.080 33.338
353.900 4.460 18.679
353.920 4.420 32.303
353.930 3.970 40.812
353.960 4.580 38.345
353.980 4.960 25.791
354.000 4.150 40.044
354.020 4.500 34.214
354.030 4.430 34.634
354.040 4.200 39.590
354.050 4.620 43.896
354.080 4.620 35.903
354.090 4.660 38.762
354.100 4.730 30.596
354.120 4.290 37.819
354.130 4.520 30.843
354.140 4.320 28.800
354.150 4.270 26.377
354.160 3.970 44.266
354.170 4.350 29.942
354.190 4.370 38.635
354.210 4.490 38.932
354.250 4.580 43.488
354.260 4.200 39.305
354.280 4.600 40.187
354.320 4.940 41.610
354.330 4.180 41.613
354.340 4.640 31.757
354.350 4.180 42.635
354.360 4.770 28.848
354.390 4.670 27.370
354.410 4.450 35.804
354.420 4.600 41.103
354.430 4.870 38.378
354.440 4.270 37.800
354.450 4.980 33.027
354.460 3.970 34.012
354.470 4.790 15.306
354.490 4.280 24.912
354.500 3.830 32.797
354.540 4.420 37.610
354.570 4.200 26.973
354.600 4.370 36.543
354.640 4.460 34.779
354.650 4.700 19.930
354.690 4.320 31.787
354.700 4.070 35.046
354.710 4.630 31.892
354.720 4.310 42.160
354.730 4.170 37.304
354.740 4.090 41.453
354.750 4.160 44.787
354.760 3.970 38.156
354.780 4.180 36.122
354.800 4.200 32.223
354.810 4.120 42.096
354.820 4.880 38.638
354.830 4.200 41.852
354.840 4.220 41.260
354.850 4.360 40.417
354.870 4.170 31.411
354.880 4.490 41.954
354.900 4.770 39.491
354.910 4.040 34.387
354.920 4.800 38.138
354.930 4.620 21.749
354.940 4.420 24.405
354.960 4.690 40.363
356.890 3.820 33.987
356.900 4.030 28.421
356.910 4.290 40.486
356.950 4.600 27.096
356.970 4.510 35.773
356.980 4.940 39.118
356.990 4.910 33.364
357.000 4.130 24.539
357.010 4.150 43.042
357.020 4.540 36.423
357.030 4.770 17.167
357.040 4.600 34.174
357.050 4.300 33.015
357.060 4.230 22.593
357.070 4.660 29.375
357.080 4.780 36.312
357.140 4.170 41.695
357.150 4.160 40.358
357.160 4.520 37.818
357.230 4.620 44.163
357.240 4.730 33.113
357.300 4.620 41.681
357.310 4.150 35.558
357.320 4.560 39.553
357.350 4.540 44.077
357.360 4.660 39.422
357.370 4.490 37.448
357.380 4.070 41.910
357.400 4.670 44.006
357.420 4.450 33.445
357.430 4.840 44.301
357.450 4.520 38.673
357.470 4.420 37.455
357.490 4.370 42.314
357.510 4.760 20.588
357.520 4.590 42.455
357.530 4.080 40.186
357.540 4.490 40.105
357.560 4.010 44.516
357.570 4.230 29.003
357.590 4.190 35.189
357.600 4.130 43.403
357.610 4.610 15.545
357.620 4.070 33.276
357.630 4.330 41.192
357.640 4.560 22.372
357.660 4.440 31.120
357.690 4.080 31.341
357.700 4.230 36.575
357.710 3.830 39.563
357.720 4.420 32.502
357.730 3.910 43.507
357.740 4.930 27.043
357.750 4.040 43.743
357.760 4.540 22.181
357.770 4.000 31.535
357.800 4.150 36.214
357.810 4.010 26.527
357.820 4.230 41.212
357.840 4.150 36.755
357.850 4.150 31.062
357.860 4.030 37.488
357.890 4.380 38.845
357.900 4.200 34.315
357.910 4.300 33.441
357.920 4.460 36.882
357.930 4.670 26.706
357.950 4.520 28.874
357.970 4.650 33.026
357.980 4.620 36.638
358.000 4.150 42.840
358.010 4.030 35.368
358.020 4.000 35.726
358.040 4.260 43.367
358.050 4.170 35.988
358.060 4.790 40.636
358.080 4.130 21.940
358.130 4.800 24.844
358.150 4.850 42.929
358.160 3.970 34.336
358.170 4.470 27.308
358.180 4.230 35.177
358.190 4.060 39.568
358.200 4.190 40.686
358.210 4.430 43.645
358.220 4.560 42.854
358.230 4.790 25.822
358.240 4.300 34.805
358.280 4.150 37.289
358.290 3.820 19.988
358.300 4.910 34.974
358.320 4.210 43.547
358.330 4.350 38.933
358.340 4.420 35.270
358.350 4.240 25.425
358.370 4.270 39.235
358.380 4.440 44.244
358.390 4.190 29.764
358.400 4.290 40.138
358.410 4.410 29.846
358.420 4.340 40.032
358.430 4.660 37.659
358.440 4.250 40.057
358.450 4.330 38.830
358.470 4.210 38.348
358.480 4.640 37.845
358.500 4.630 32.077
358.520 4.050 21.728
358.530 4.150 44.337
358.550 4.510 32.491
358.560 4.170 39.868
358.590 4.840 32.301
358.600 4.270 39.738
358.610 4.210 33.869
358.620 4.060 28.278
358.630 4.160 37.191
358.640 4.910 29.676
358.650 4.520 40.209
358.670 4.460 37.073
358.680 3.920 33.151
358.690 4.080 40.840
358.700 4.320 34.077
358.710 4.050 40.300
358.720 4.100 31.710
358.740 4.360 31.328
358.760 4.490 33.542
358.780 4.160 41.031
358.790 4.690 32.269
358.800 4.550 34.844
358.810 4.030 41.093
358.820 3.990 30.739
358.830 4.490 39.986
358.840 4.120 34.050
358.850 4.220 33.827
358.860 4.210 39.497
358.870 4.380 28.399
358.940 4.390 42.252
358.950 3.940 41.075
358.970 4.140 43.942
358.980 4.400 40.824
358.990 4.190 35.847
359.000 4.440 30.274
359.020 4.560 42.201
359.030 4.120 35.351
359.040 4.670 35.471
359.050 4.260 34.471
359.060 4.300 34.853
359.070 4.840 29.350
359.100 4.270 32.822
359.110 4.740 28.009
359.120 4.520 33.541
359.130 4.900 31.335
359.140 4.960 38.175
359.150 4.530 24.247
359.160 4.130 44.956
359.180 4.490 40.835
359.200 4.390 30.945
359.210 4.700 30.906
359.220 4.640 21.585
359.240 4.050 39.246
359.250 4.240 37.179
359.260 4.840 35.631
359.290 4.590 30.102
359.300 4.450 38.419
359.310 4.580 44.021
359.320 4.620 27.263
359.360 4.580 23.553
359.370 4.890 42.808
359.400 4.580 36.981
359.410 4.560 43.678
359.440 4.390 33.890
359.570 3.880 35.549
359.580 4.020 42.368
359.590 4.380 36.274
359.610 4.590 33.526
359.620 4.150 34.803
359.630 4.440 38.312
359.700 4.550 43.557
359.710 4.200 33.959
359.720 4.380 36.812
359.730 4.470 35.034
359.770 4.430 41.685
359.800 4.370 27.121
359.820 4.170 29.979
359.830 4.110 39.812
359.840 4.480 44.838
359.950 4.400 35.250
359.970 4.690 33.026
359.990 4.890 38.789
360.050 4.670 40.659
360.060 4.890 38.892
360.090 4.530 38.173
360.160 4.850 37.783
360.180 4.700 35.830
360.200 4.980 17.352
360.230 4.690 32.407
360.250 4.760 25.666
360.270 4.660 34.798
360.320 4.650 37.577
360.330 4.470 35.564
360.340 4.280 43.203
360.350 4.490 42.947
360.380 4.410 27.547
360.390 4.100 37.357
360.400 4.720 37.381
360.410 4.130 40.053
360.420 4.660 24.739
360.440 4.330 33.848
360.450 4.630 25.739
360.460 4.440 42.721
360.500 4.410 29.057
360.550 4.540 32.299
361.000 4.190 15.489
361.010 4.210 21.372
361.040 3.910 20.027
361.050 3.930 25.168
361.060 4.360 19.716
361.070 4.050 36.920
361.080 4.030 29.869
361.090 4.460 36.743
361.110 4.620 40.013
361.130 4.130 44.665
361.160 4.290 27.813
361.170 4.170 39.713
361.320 4.060 21.707
361.330 4.210 17.083
361.340 3.760 15.360
361.360 4.160 23.097
361.380 4.520 33.357
361.400 4.140 39.082
361.420 3.830 24.699
361.440 3.830 32.634
361.450 4.180 29.447
361.470 4.080 10.777
361.480 4.070 28.760
361.490 4.820 24.538
361.500 4.080 29.807
361.520 4.410 34.065
361.530 4.300 35.248
361.540 4.500 38.758
361.550 4.000 41.702
361.570 4.290 41.873
361.580 4.080 22.132
361.630 4.440 34.679
361.910 4.440 31.712
361.950 4.310 44.112
361.980 4.470 42.302
361.990 4.230 44.722
362.000 4.360 31.973
362.020 4.290 43.919
362.070 4.150 41.606
362.080 4.410 31.053
362.090 4.390 41.475
362.110 4.710 42.077
362.150 4.620 33.084
362.270 4.980 34.764
362.360 4.660 41.337
362.460 4.360 43.341
362.500 4.350 37.145
362.540 4.460 32.765
362.550 4.890 24.004
362.570 4.200 37.491
362.580 4.270 17.412
362.590 4.200 11.364
362.610 3.950 20.818
362.620 4.230 41.724
362.630 4.910 40.005
362.640 4.240 32.823
362.650 3.730 24.660
362.700 4.120 37.645
362.710 4.830 34.710
362.720 4.610 26.915
362.740 4.280 29.744
362.750 4.260 38.452
362.760 4.480 31.384
362.770 4.170 41.198
362.780 3.950 33.642
362.790 4.150 32.137
362.800 3.740 44.217
362.810 4.080 40.161
362.860 4.660 35.662
362.870 4.220 38.381
362.880 4.500 41.896
362.900 4.190 40.374
362.920 4.550 39.668
362.960 4.030 35.037
362.970 3.820 34.034
363.010 4.260 31.838
363.020 4.490 37.985
363.040 4.720 42.153
363.060 4.650 35.136
363.110 4.450 17.492
363.150 3.960 42.418
363.180 4.060 30.787
363.190 4.250 32.582
363.200 4.800 44.566
363.260 4.330 20.285
363.310 4.200 28.224
363.340 4.540 37.870
363.350 4.910 18.796
363.360 4.420 35.583
363.370 4.060 36.706
363.410 4.260 27.993
363.430 4.240 27.507
363.440 4.400 28.435
363.450 4.340 38.244
363.460 4.890 29.690
363.470 4.230 40.563
363.490 4.140 38.951
363.500 4.440 37.677
363.520 4.290 42.497
363.550 4.370 38.124
363.560 4.350 28.349
363.570 3.870 33.445
363.580 4.530 27.182
363.610 4.600 40.815
363.620 4.400 25.495
363.630 4.510 41.581
363.640 4.480 25.214
363.660 4.180 41.224
363.670 4.160 22.312
363.680 4.650 35.026
363.690 4.400 33.067
363.700 4.570 30.769
363.710 4.370 15.979
363.720 4.150 40.179
363.730 4.450 31.370
363.740 4.230 35.368
363.760 4.320 28.941
363.770 4.530 24.688
363.810 4.230 42.890
363.820 4.240 36.862
363.850 4.240 28.284
363.860 4.480 40.726
363.870 4.040 32.476
363.880 4.100 31.044
363.900 4.180 37.121
363.940 3.950 43.374
363.950 4.220 39.007
363.970 4.710 17.874
363.990 4.240 42.805
364.000 4.500 28.930
364.010 4.680 22.467
364.030 4.670 37.070
364.050 4.450 18.995
364.070 4.070 43.676
364.080 4.160 34.732
364.100 4.630 35.383
364.130 4.290 44.787
364.150 4.120 36.575
364.160 3.900 34.650
364.210 4.690 40.364
364.220 4.200 33.657
364.250 4.120 39.117
364.260 4.480 20.633
364.270 3.910 44.367
364.310 4.950 28.241
364.350 4.650 43.736
364.360 4.750 26.061
364.370 3.830 34.995
364.380 4.350 41.143
364.390 3.920 42.025
364.430 4.490 29.747
364.450 4.560 36.149
364.460 4.730 38.006
364.480 4.710 34.810
364.510 4.670 19.371
364.530 4.470 17.842
364.540 4.160 34.908
364.550 4.360 12.644
364.560 4.430 36.108
364.580 3.940 19.477
364.590 4.260 39.642
364.600 4.110 35.477
364.610 4.490 36.146
364.640 4.850 38.807
364.650 4.600 31.224
364.670 3.760 39.722
364.680 4.400 39.943
364.720 4.230 30.895
364.730 4.000 41.265
364.740 4.120 39.913
364.750 3.950 41.062
364.760 4.370 36.174
364.780 4.660 28.296
364.790 4.590 36.052
364.800 4.060 38.544
364.810 4.170 32.524
364.820 4.630 35.697
364.840 4.620 31.623
364.850 4.630 39.656
364.860 4.920 22.104
364.870 4.740 40.741
364.880 4.310 44.161
364.890 4.580 32.075
364.900 4.340 37.556
364.920 4.610 34.298
364.930 4.760 38.525
364.940 4.440 38.936
364.950 4.560 36.551
364.960 4.360 27.592
364.990 4.680 40.088
365.000 4.150 39.950
365.010 4.180 40.544
365.020 4.280 35.986
365.060 4.500 44.014
365.070 4.620 32.273
365.080 4.440 37.553
365.100 4.160 40.612
365.110 4.200 33.069
365.120 3.850 31.001
365.130 4.240 39.470
365.140 4.210 40.294
365.150 4.190 34.428
365.180 4.560 32.493
365.190 4.480 32.366
365.200 4.290 34.942
365.210 3.940 32.941
365.260 4.330 44.534
365.270 4.200 29.854
365.290 4.290 32.213
365.300 4.220 34.585
365.310 4.830 32.281
365.340 4.770 34.592
365.360 4.680 37.121
365.370 4.350 28.896
365.380 4.820 23.320
365.390 4.360 44.075
365.400 4.200 43.232
365.440 4.680 16.572
365.470 4.350 41.449
365.490 4.780 33.419
365.520 3.710 34.941
365.530 4.320 38.646
365.540 4.490 27.888
365.550 4.090 41.257
365.560 4.230 36.687
365.580 4.540 44.522
365.590 4.510 41.159
365.610 4.440 33.326
365.620 4.250 31.495
365.630 4.660 20.144
365.680 4.760 21.014
365.690 4.350 30.883
365.710 4.940 37.805
365.730 4.390 39.582
365.740 4.150 38.589
365.770 4.720 32.184
365.860 4.490 26.947
365.890 4.440 44.291
365.900 4.510 43.954
365.910 4.910 37.673
365.920 4.070 31.659
365.930 4.340 44.825
365.940 4.380 28.104
365.950 4.480 41.501
365.960 4.200 27.631
365.970 4.510 31.634
365.980 4.310 42.107
365.990 4.200 20.730
366.010 4.690 28.451
366.040 4.660 38.321
366.050 4.650 32.499
366.060 4.720 42.987
366.090 4.650 43.785
366.100 4.600 41.621
366.110 4.380 38.049
366.130 4.280 40.689
366.140 4.200 30.758
366.160 4.500 37.566
366.170 4.060 39.233
366.180 4.110 31.782
366.200 4.100 42.761
366.210 4.300 32.175
366.220 4.120 40.304
366.240 4.820 40.396
366.260 4.360 23.664
366.300 4.180 34.761
366.310 4.700 35.847
366.320 4.730 26.185
366.330 4.180 41.434
366.350 4.390 35.955
366.360 4.190 40.077
366.370 4.300 39.983
366.380 4.090 37.873
366.390 4.390 41.492
366.440 4.860 40.065
366.460 4.070 37.639
366.470 4.390 29.917
366.480 4.430 24.381
366.490 4.490 29.957
366.500 4.200 34.578
366.510 4.400 32.798
366.530 4.510 34.885
366.540 4.510 26.400
366.550 4.310 36.031
366.590 4.250 20.989
366.600 4.300 39.327
366.610 4.100 29.551
366.620 4.640 32.912
366.630 4.060 30.011
366.660 3.990 40.718
366.670 4.870 42.837
366.690 4.850 25.677
366.700 4.200 42.087
366.720 4.310 40.853
366.800 4.270 39.548
366.810 4.670 22.832
366.830 4.870 21.413
366.840 4.310 38.139
366.850 4.180 31.708
366.860 4.260 28.629
366.870 4.410 35.996
366.880 4.240 30.422
366.890 4.720 30.317
366.900 4.220 34.276
366.910 4.540 43.594
366.920 4.660 30.352
366.930 4.220 40.602
366.940 4.850 22.159
366.950 4.550 38.432
366.960 4.190 27.846
366.970 4.310 41.104
367.010 4.210 15.253
367.020 4.630 39.230
367.070 4.560 40.981
367.110 4.590 12.976
367.240 4.690 41.409
367.250 4.640 19.657
367.260 4.350 39.694
367.280 4.230 36.119
367.290 4.530 37.749
367.300 4.460 35.098
367.320 4.690 32.379
367.330 4.460 41.020
367.340 4.930 31.254
367.350 4.490 29.657
367.360 4.480 32.831
367.370 4.450 25.054
367.380 4.560 33.752
367.390 4.620 31.733
367.410 4.660 39.757
367.430 4.510 43.635
367.440 4.700 24.687
367.470 4.250 39.455
367.480 4.350 44.236
367.490 4.890 41.098
367.510 4.810 42.508
367.520 4.510 31.112
367.550 4.580 34.165
367.560 4.210 33.893
367.570 4.550 41.193
367.600 4.080 43.709
367.610 4.180 29.148
367.620 4.220 38.312
367.640 4.830 34.409
367.680 4.520 39.057
367.710 4.020 35.164
367.720 4.120 35.455
367.740 4.160 30.812
367.750 4.720 38.974
367.760 4.520 42.467
367.770 4.120 28.543
367.780 4.460 42.849
367.790 4.400 18.383
367.810 4.500 35.537
367.820 4.850 33.993
367.830 4.030 27.248
367.840 4.910 33.293
367.870 4.430 39.769
367.880 4.400 33.323
367.900 4.590 40.892
367.910 4.420 13.321
367.920 4.800 30.115
367.930 4.550 40.831
370.220 4.260 19.182
370.240 4.610 41.988
370.270 4.430 21.099
370.280 4.300 31.033
370.290 4.390 36.217
370.300 4.490 32.872
370.310 4.670 27.745
370.320 4.250 39.583
370.330 4.180 30.682
370.340 4.040 39.954
370.350 4.120 43.882
370.360 4.450 28.848
370.370 4.090 44.184
370.400 4.470 40.072
370.430 4.380 39.705
370.440 4.320 40.398
370.450 4.150 35.276
370.460 3.880 38.333
370.470 3.930 35.636
370.480 4.770 5.721
370.500 4.120 34.606
370.510 4.210 39.912
370.520 3.960 38.077
370.530 4.420 39.876
370.540 4.150 36.737
370.550 4.750 30.313
370.560 4.330 27.244
370.590 4.040 32.904
370.630 4.350 15.840
370.650 4.330 16.868
370.670 4.050 34.108
370.680 3.990 43.454
370.690 4.330 30.122
370.710 4.700 42.902
426.970 4.370 35.615
427.030 4.470 41.981
427.130 4.760 42.315
427.140 4.670 31.798
427.170 4.400 35.969
427.210 4.550 23.267
427.240 4.260 42.063
427.250 4.210 35.254
427.260 4.290 27.182
427.270 4.200 31.050
427.280 4.620 24.832
427.290 4.530 27.900
427.300 4.610 20.380
427.310 4.540 37.883
427.320 4.330 39.530
427.330 4.770 42.946
427.340 4.530 33.061
427.350 4.340 37.930
427.360 4.310 26.618
427.410 4.610 26.680
427.430 4.980 28.102
427.490 4.570 29.426
427.500 4.340 39.493
427.510 4.530 42.146
427.560 4.360 37.081
427.600 4.510 36.667
427.620 3.990 33.945
427.640 4.630 30.937
427.650 4.730 42.616
427.680 4.510 27.294
427.690 4.530 29.780
427.700 4.450 42.764
427.740 4.340 35.247
427.760 4.450 41.289
427.790 4.340 38.954
427.800 4.690 22.858
427.810 4.700 27.927
427.830 4.960 10.517
427.870 4.600 27.884
428.170 4.180 35.815
428.180 4.110 39.430
428.190 4.630 44.339
428.210 4.830 39.457
428.220 4.510 34.867
428.230 4.520 30.835
428.250 4.420 20.893
428.260 4.240 32.838
428.270 4.810 33.698
428.290 4.770 17.691
428.300 4.510 27.031
428.320 4.610 44.066
428.390 4.190 37.215
428.400 4.600 29.952
428.510 4.530 35.557
428.590 4.580 31.315
428.640 4.650 41.472
428.660 4.060 31.633
428.670 4.350 31.209
428.690 4.230 30.509
428.700 4.020 34.671
428.710 4.330 29.748
428.740 4.480 20.455
428.770 4.490 33.668
428.800 4.290 27.041
428.810 4.550 32.005
428.820 4.690 44.318
428.840 4.470 44.218
428.860 4.520 28.232
428.930 4.240 39.733
428.940 4.560 42.976
428.950 3.970 36.237
428.960 4.010 32.523
428.980 4.500 37.649
428.990 4.720 38.162
429.010 4.630 40.621
429.020 4.860 34.356
429.050 3.920 32.505
429.060 4.520 34.457
429.070 4.070 44.694
429.090 4.500 29.996
429.160 4.380 35.461
429.170 4.080 42.091
429.180 4.590 35.159
429.210 4.500 42.140
429.230 4.190 38.064
429.280 4.910 25.366
429.290 4.150 34.412
429.300 4.180 39.166
429.310 4.350 40.207
429.340 4.070 41.451
429.350 4.320 40.061
429.390 4.830 43.623
429.470 4.410 37.629
429.480 4.790 26.551
429.530 4.640 32.478
429.650 4.940 17.329
429.660 4.990 39.215
429.670 4.790 38.739
429.680 4.890 38.067
429.710 4.770 39.331
429.850 4.920 38.720
430.160 4.710 27.928
430.200 4.500 43.368
430.210 4.400 32.088
430.220 4.710 42.773
430.290 4.860 35.527
430.300 4.510 32.848
430.410 4.900 42.813
430.450 4.670 33.123
430.550 4.540 29.506
430.580 4.300 30.598
430.590 4.490 27.515
430.600 4.140 40.029
430.610 4.900 30.913
430.620 4.870 28.616
430.660 4.950 31.381
430.690 4.920 44.560
430.710 4.500 37.847
430.720 4.920 24.694
430.730 4.960 37.475
430.810 4.860 30.331
430.840 4.490 33.026
430.890 4.400 31.910
430.910 4.660 22.618
430.920 4.350 39.860
430.930 4.880 29.086
430.970 4.720 41.065
431.000 4.820 40.347
431.050 4.830 27.062
431.060 4.350 44.242
431.130 4.520 23.039
431.150 4.260 24.435
431.180 4.930 15.751
431.200 4.980 34.948
431.210 4.450 25.388
431.240 4.110 41.960
431.250 4.040 34.693
431.260 4.340 37.441
431.280 4.580 23.206
431.290 4.570 39.275
431.300 4.510 37.101
431.400 4.070 38.415
431.410 4.830 43.164
431.480 4.470 29.605
431.490 4.830 17.533
431.520 4.720 39.865
431.530 4.530 44.046
431.540 4.070 42.539
431.550 4.720 42.715
431.560 4.550 30.381
431.700 4.700 36.756
431.740 4.950 40.635
431.780 4.730 42.597
431.810 4.670 40.349
431.880 4.190 25.709
431.940 4.710 43.762
431.950 4.070 41.089
431.970 4.390 38.011
432.000 4.410 32.737
432.200 4.940 27.327
432.220 4.470 44.301
432.270 4.980 31.968
432.280 4.280 39.324
432.290 4.950 23.657
432.300 4.860 42.964
432.320 4.830 34.284
432.380 4.990 22.200
432.440 4.420 41.536
432.590 4.180 42.945
432.600 4.580 39.983
432.630 4.570 42.291
432.790 4.480 31.282
432.830 4.430 33.888
432.860 4.300 42.948
432.870 4.790 36.679
432.890 4.230 30.646
432.920 4.990 23.525
432.940 4.320 36.345
432.970 4.310 39.743
432.990 3.880 38.026
433.010 4.450 42.456
433.020 4.140 43.164
433.040 4.650 29.517
433.050 4.110 39.178
433.060 4.120 36.754
433.070 4.170 39.430
433.080 4.420 19.124
433.090 4.260 40.399
433.100 3.870 36.204
433.120 4.420 31.590
433.130 4.600 38.223
433.150 4.350 31.010
433.160 4.130 28.499
433.170 4.350 33.775
433.180 4.490 24.597
433.190 4.470 41.102
433.200 4.400 40.991
433.210 3.880 28.639
433.220 4.060 30.287
433.240 4.460 24.707
433.250 4.060 34.544
433.280 4.170 36.703
433.300 4.730 39.856
433.360 4.770 34.202
433.420 4.880 23.360
433.440 4.560 30.109
433.450 4.360 35.616
433.460 4.570 44.672
433.490 4.580 37.159
433.510 4.750 14.202
433.520 4.550 41.162
433.530 4.260 43.532
433.640 4.240 28.676
433.650 4.620 37.531
433.680 4.100 43.790
433.690 4.720 41.210
433.700 4.580 42.582
433.710 4.440 30.155
433.720 4.020 34.884
433.770 4.580 27.786
433.780 4.970 43.700
433.810 4.380 41.348
433.860 4.970 19.814
433.870 4.550 19.530
433.880 4.490 28.226
433.890 4.180 29.189
433.900 4.410 25.357
433.920 4.750 26.376
433.960 4.920 27.351
434.010 4.340 40.171
434.060 4.630 35.116
434.070 4.160 27.557
434.090 4.660 14.682
434.210 4.790 42.867
434.280 4.380 42.785
434.310 4.400 31.046
434.320 4.000 44.118
434.330 4.570 42.746
434.350 4.450 26.750
434.360 4.810 37.013
434.390 4.530 44.440
434.410 4.260 37.648
434.450 4.810 38.358
434.470 4.920 42.926
434.490 4.180 37.494
434.500 4.370 31.529
434.570 4.800 34.705
434.590 4.710 27.040
434.600 4.630 35.457
434.620 4.720 28.048
434.680 4.470 38.341
434.690 4.790 36.083
434.710 4.550 42.026
434.750 4.650 35.242
434.760 4.040 41.135
434.770 4.920 30.615
434.790 4.640 21.318
434.870 4.140 27.738
434.880 4.480 35.353
434.890 4.320 43.791
434.920 4.960 28.275
434.930 4.770 30.272
434.940 4.470 29.977
434.950 4.760 32.731
434.960 4.100 29.344
434.970 4.260 38.230
434.980 4.450 35.158
435.000 4.190 34.661
435.010 4.460 43.074
435.030 4.430 43.086
435.040 4.820 27.688
435.050 4.260 36.835
435.060 4.930 44.673
435.100 4.850 23.848
435.130 4.370 34.629
435.140 4.560 31.607
435.230 4.480 42.532
435.260 4.540 30.137
435.320 4.910 31.578
435.340 4.600 44.250
435.370 4.340 31.626
435.390 4.310 39.570
435.400 4.730 29.067
435.430 4.370 30.633
435.510 4.490 22.799
435.520 4.480 22.594
435.530 3.840 34.700
435.540 4.490 42.350
435.550 4.510 40.845
435.610 4.110 44.066
435.640 4.900 35.868
435.650 4.880 32.211
435.660 4.650 44.529
435.680 4.030 42.400
435.690 4.250 40.109
435.700 4.530 31.417
435.760 4.170 25.017
435.800 4.840 35.093
435.840 4.430 36.612
436.390 4.090 25.011
436.400 4.670 30.687
436.420 4.510 31.801
436.440 4.590 27.449
436.480 4.660 40.601
436.490 4.780 31.152
436.520 4.240 40.943
436.570 4.350 32.585
436.580 4.910 24.932
436.600 4.910 38.695
436.610 4.790 31.634
436.620 4.460 39.884
436.630 4.030 36.094
436.650 4.200 33.338
436.660 4.820 36.293
436.670 4.130 30.252
436.680 4.940 40.334
436.700 4.300 38.035
436.720 4.700 32.446
436.790 4.690 34.980
436.800 4.310 40.974
436.910 4.570 38.909
436.960 4.690 39.842
436.990 4.670 33.520
437.060 4.360 38.201
437.070 4.040 34.608
437.080 4.400 30.033
437.090 4.220 35.465
437.100 4.810 43.976
437.160 4.190 39.669
437.250 4.990 29.036
437.260 4.680 38.489
437.270 4.890 44.454
437.640 4.610 21.233
437.700 4.580 40.053
438.590 4.400 40.396
438.610 4.670 38.269
438.680 4.370 38.388
439.210 4.340 38.374
439.230 4.730 41.869
439.240 4.630 38.067
439.280 4.820 41.638
439.300 4.230 41.805
439.310 4.550 40.579
439.380 4.700 4.057
439.400 4.410 24.973
439.560 4.490 43.182
439.570 4.430 44.445
439.590 4.140 33.973
439.600 4.670 36.249
439.610 4.510 21.189
439.630 4.290 30.631
439.640 4.300 34.522
439.650 4.280 21.466
439.660 3.990 29.458
439.670 4.760 37.767
439.680 4.240 21.439
439.690 4.470 27.597
439.700 4.970 20.579
439.710 4.420 33.895
439.720 4.850 23.119
439.740 4.760 27.163
439.750 4.910 15.671
439.780 4.290 42.571
439.790 4.260 37.676
439.850 4.150 29.212
439.880 4.440 37.657
439.890 4.580 30.591
439.920 4.000 27.708
439.930 4.240 30.847
439.970 4.710 43.095
440.050 4.770 41.776
440.360 4.710 35.073
440.370 4.740 19.812
440.380 4.800 44.798
440.410 4.740 31.923
440.420 4.770 43.490
440.430 4.410 33.535
440.440 4.710 32.214
440.520 4.850 41.134
440.530 4.060 40.779
440.540 4.660 37.512
440.550 4.840 31.785
440.590 4.580 44.048
440.600 4.920 30.171
440.620 4.590 38.273
440.630 4.780 42.136
440.670 4.670 31.842
440.750 4.810 36.144
440.770 4.560 35.873
440.830 4.260 36.215
440.840 4.530 38.748
440.850 4.900 28.139
440.900 4.360 44.221
440.910 4.310 27.980
440.920 4.600 33.659
440.930 4.960 30.647
440.980 4.850 33.996
441.180 4.650 39.046
441.200 4.300 27.954
441.240 4.800 44.054
441.250 4.600 36.774
441.270 4.510 41.987
441.280 4.770 25.085
441.330 4.680 39.455
441.420 4.440 39.883
441.450 4.670 39.016
441.460 4.940 21.571
441.470 4.880 37.063
441.580 4.620 38.492
441.600 4.060 44.464
441.610 4.250 35.147
441.620 3.980 33.293
441.630 4.080 33.850
441.640 4.930 41.477
441.660 4.390 30.400
441.670 4.280 26.176
441.720 4.250 40.532
441.730 4.730 43.170
441.740 4.170 38.744
441.750 4.400 40.319
441.770 4.870 22.900
441.780 4.510 23.448
442.200 4.790 27.057
442.370 4.830 32.377
442.510 4.810 35.576
442.530 4.240 31.748
442.550 4.600 38.615
442.580 4.930 31.994
442.640 4.540 36.473
442.650 4.790 36.437
442.690 4.590 29.333
442.720 4.870 21.110
442.770 4.840 29.158
442.790 4.520 43.924
443.050 4.310 41.082
443.100 4.320 35.797
443.120 4.400 43.959
443.180 4.650 32.745
443.200 4.740 42.565
443.240 4.450 30.328
443.280 4.060 33.754
443.390 4.450 44.263
443.410 4.470 42.157
443.450 4.130 33.482
443.460 4.480 35.622
443.520 4.580 34.001
443.530 4.960 23.271
443.550 4.730 35.948
443.560 4.770 39.272
443.590 4.860 43.299
443.600 4.220 32.590
443.620 4.380 44.378
443.630 4.970 29.758
443.660 4.310 31.188
443.670 4.900 32.714
443.680 4.750 20.228
443.710 4.960 36.694
443.730 4.630 41.883
443.780 4.560 42.809
443.800 4.450 34.829
443.810 4.090 36.858
443.820 4.620 42.549
443.830 4.220 40.347
443.850 4.870 35.385
443.870 4.180 40.834
443.880 4.590 41.427
443.890 4.710 33.300
443.900 4.580 42.451
443.920 4.960 24.158
443.930 4.590 23.329
443.940 4.430 41.550
443.950 4.360 27.918
443.960 4.420 43.384
443.970 4.890 29.527
443.980 4.360 40.108
444.000 4.870 40.217
444.010 4.270 43.597
444.050 4.240 39.120
444.080 4.370 18.126
444.090 4.540 44.389
444.870 4.610 38.295
444.890 3.960 36.819
444.900 4.290 38.779
444.920 4.440 39.512
444.930 3.870 36.830
444.950 4.090 32.691
444.970 4.690 27.208
444.980 4.440 21.081
445.000 4.670 37.030
445.010 4.930 44.684
445.020 4.220 37.138
445.030 4.400 42.073
445.040 4.220 32.767
445.050 4.180 27.504
445.070 4.450 37.672
445.130 4.500 38.761
445.140 4.270 35.334
445.190 4.600 29.404
445.210 4.470 41.610
445.220 4.760 19.721
445.230 4.580 23.704
445.240 4.500 20.780
445.270 4.710 21.450
445.290 4.400 32.197
445.310 4.260 28.401
445.330 4.440 34.372
445.350 4.790 30.417
445.370 4.580 34.409
445.460 4.960 38.360
445.480 4.800 29.715
445.490 4.770 21.312
445.540 4.220 37.318
445.550 4.680 33.341
445.570 4.680 40.910
445.580 4.350 31.873
445.590 4.760 25.314
445.610 4.600 36.594
445.620 4.930 38.316
445.650 4.850 17.132
445.660 4.050 37.740
445.670 4.150 42.007
445.680 4.030 23.815
445.690 4.360 43.402
445.700 4.500 25.690
445.720 4.260 19.986
445.750 4.360 24.293
445.780 4.710 40.225
445.820 3.980 35.367
445.830 4.380 37.425
445.850 4.040 43.188
445.870 4.110 26.019
445.890 4.500 29.112
445.990 4.240 25.725
446.000 4.050 31.638
446.010 4.040 29.310
446.020 4.560 14.379
446.030 4.020 41.039
446.040 4.330 39.013
446.050 4.000 42.582
446.060 4.540 42.512
446.070 4.820 22.820
446.080 4.110 23.662
446.090 4.600 27.461
446.100 4.180 34.431
446.120 4.110 32.436
446.130 4.350 36.769
446.140 4.350 31.679
446.150 4.410 44.563
446.160 4.350 42.059
446.170 4.860 35.617
446.700 4.750 18.435
446.710 4.420 44.055
446.720 4.400 17.563
446.730 4.250 25.338
446.750 4.980 37.787
446.800 4.740 41.639
446.850 4.240 32.048
446.860 4.560 23.406
446.870 4.600 29.776
447.000 4.510 44.259
447.010 4.740 17.160
447.020 4.100 34.792
447.030 4.730 42.693
447.040 4.280 30.720
447.050 4.380 38.093
447.070 4.070 40.688
447.090 3.900 29.162
447.230 4.180 35.241
447.240 4.190 32.917
447.280 4.290 28.754
447.310 4.750 34.177
447.320 4.190 44.706
447.360 4.840 35.244
447.470 4.630 38.091
447.480 4.530 31.773
447.670 4.170 33.792
447.730 4.820 41.522
447.750 4.360 40.150
447.770 4.450 19.613
447.850 4.540 31.556
447.860 4.030 40.448
447.870 4.560 32.087
447.880 4.160 36.567
447.900 4.030 41.593
447.910 4.440 39.706
447.940 4.930 40.488
447.970 4.900 39.228
447.980 4.650 35.636
448.000 4.250 36.386
448.010 4.280 41.023
448.020 4.360 36.563
448.030 4.070 35.921
448.040 4.240 33.873
448.070 4.520 27.106
448.080 4.030 43.392
448.100 4.630 12.846
448.130 4.960 33.495
448.180 4.650 34.921
448.190 4.970 40.373
448.200 4.540 37.684
448.230 4.650 32.739
448.270 4.660 39.422
448.310 4.160 43.047
448.370 4.510 27.784
448.380 4.220 36.748
448.400 4.650 36.205
448.420 4.740 44.127
448.430 4.700 28.365
448.440 4.620 32.399
448.450 4.100 41.728
448.460 4.280 39.740
448.520 4.180 42.629
448.530 4.160 39.736
448.560 4.220 39.674
448.620 4.660 44.999
448.650 4.050 32.103
448.660 4.680 35.240
448.750 3.970 35.537
448.760 4.460 42.372
448.770 4.380 37.208
448.780 4.060 30.291
448.800 4.840 40.150
448.830 4.550 39.213
448.950 4.320 33.202
449.040 3.920 44.938
449.060 4.200 39.581
449.080 4.750 37.239
449.100 4.440 37.257
449.180 3.880 38.244
449.190 4.060 39.310
449.210 4.540 37.514
449.220 4.820 37.771
449.280 4.730 35.631
449.380 4.890 41.647
449.400 4.150 42.345
449.460 4.710 34.915
449.470 4.840 27.278
449.490 4.500 29.490
449.500 4.160 39.106
449.540 3.790 37.005
449.580 4.660 39.243
449.600 4.600 42.366
449.610 4.100 31.100
449.620 4.260 40.045
449.630 4.090 41.065
449.640 4.510 27.829
449.660 4.640 38.378
449.680 4.720 42.870
449.690 3.850 35.044
449.700 4.590 15.648
449.710 4.220 37.992
449.720 4.340 27.504
449.750 4.670 31.174
449.760 4.240 21.510
449.770 4.770 29.713
449.780 4.580 22.519
449.790 4.740 28.349
449.800 4.420 36.824
449.820 4.250 29.953
449.830 4.350 31.641
449.840 4.970 20.902
450.560 4.620 41.971
450.570 4.800 23.568
450.580 4.550 36.783
450.590 4.060 34.911
450.600 4.380 27.517
450.610 4.610 39.679
450.640 4.780 43.478
450.650 4.450 35.737
450.690 4.210 37.959
450.700 4.980 40.722
450.730 4.830 39.379
450.840 4.640 44.983
450.870 4.570 26.196
450.910 4.260 28.201
450.920 4.690 43.494
450.930 4.800 39.239
451.270 4.170 44.210
451.290 4.400 33.174
451.320 4.670 37.359
451.330 4.810 36.387
451.430 4.620 26.063
451.440 4.610 36.531
451.460 4.160 33.175
451.470 4.540 34.074
451.520 4.830 27.704
451.530 4.400 25.319
451.540 4.350 43.715
451.560 4.820 37.332
453.900 4.510 36.423
453.930 4.920 41.647
453.940 4.930 39.250
453.980 4.440 36.472
453.990 4.250 35.662
454.030 4.710 42.358
454.040 4.950 40.366
454.100 4.800 36.451
454.200 4.230 31.326
454.220 4.800 25.437
454.230 4.720 44.923
454.250 4.060 39.069
454.260 4.370 43.279
454.270 4.570 34.018
454.290 4.170 36.905
454.300 4.200 32.554
454.310 4.180 36.148
454.330 4.990 36.055
454.340 4.500 35.448
454.360 4.660 23.685
454.380 4.600 24.284
454.390 4.830 29.854
454.410 4.150 32.241
454.420 4.530 43.998
454.430 4.740 35.157
454.440 4.510 37.469
454.490 4.600 39.906
454.550 4.660 32.494
454.570 4.170 19.558
455.120 4.970 26.995
455.130 4.470 36.455
455.140 4.210 36.313
455.160 4.350 31.873
455.220 4.520 43.408
455.250 4.280 33.314
455.260 4.670 29.380
455.270 4.360 44.188
455.280 4.150 37.808
455.320 4.810 40.356
455.330 4.750 25.938
455.340 4.110 31.394
455.350 4.940 17.628
455.360 4.400 39.777
455.410 4.680 16.962
455.420 4.620 36.881
455.430 4.210 44.072
455.440 4.030 29.507
455.470 3.890 33.089
455.480 4.400 34.584
455.510 4.230 36.364
455.520 4.190 34.566
455.530 4.640 43.930
455.550 4.470 23.754
455.560 4.420 39.455
455.580 4.450 28.686
455.610 4.970 44.752
455.640 4.500 39.311
455.650 4.710 23.495
455.660 4.600 39.229
455.670 4.390 44.469
455.710 4.670 42.240
455.780 4.490 43.550
455.790 4.400 32.526
455.820 4.640 41.280
455.830 4.600 26.446
455.850 4.030 32.426
455.860 4.070 25.588
455.870 4.320 33.780
455.880 3.940 31.940
455.890 4.080 38.054
455.910 4.510 33.328
455.920 4.180 35.797
455.930 4.230 39.954
455.940 4.430 38.978
455.950 3.930 37.860
455.960 4.000 37.021
455.970 4.330 38.764
455.990 4.090 38.400
456.010 3.980 31.685
456.020 4.370 33.458
456.030 4.680 44.208
456.060 4.040 44.144
456.070 4.320 32.968
456.080 4.450 44.403
456.090 4.210 43.947
456.110 4.300 34.552
456.120 4.120 37.722
456.140 4.680 9.667
456.150 4.110 32.976
456.160 4.170 22.630
456.170 4.040 36.428
456.180 4.390 40.430
456.200 3.960 28.523
456.210 3.820 37.045
456.220 4.560 36.174
456.230 4.160 26.509
456.240 4.330 44.073
456.250 4.930 30.952
456.280 4.410 36.903
456.290 4.260 35.009
456.320 3.820 24.103
456.330 4.720 42.402
456.360 4.870 31.417
456.420 4.450 23.984
456.440 4.400 41.314
456.460 4.310 40.011
456.470 4.450 41.883
456.480 4.670 41.329
456.520 3.920 32.804
456.540 4.290 44.108
456.580 4.430 25.637
456.590 3.940 21.536
456.600 3.990 39.104
456.620 4.070 26.849
456.630 3.980 13.933
456.640 4.440 44.867
456.650 4.090 39.285
456.670 4.390 17.195
456.700 4.670 37.877
456.710 4.400 37.283
456.750 4.450 38.974
456.770 4.660 22.375
456.780 4.320 42.303
456.790 4.410 18.270
456.810 4.410 36.568
456.830 4.490 24.815
456.850 4.510 41.085
456.860 4.490 36.258
456.910 4.680 14.547
456.920 4.390 36.264
456.930 4.770 24.289
456.940 4.890 26.920
456.950 4.330 33.601
456.960 4.760 19.692
456.980 4.540 29.439
456.990 4.060 37.198
457.000 3.940 30.371
457.010 4.210 30.279
457.020 4.280 40.717
457.050 4.540 22.054
457.060 4.910 43.260
457.070 4.440 39.210
457.080 4.180 42.750
457.090 4.230 30.601
457.120 4.570 32.409
457.130 4.630 42.654
457.150 4.510 41.626
457.160 4.050 39.334
457.170 4.050 42.235
457.180 4.100 43.069
457.190 4.200 33.521
457.210 4.340 36.906
457.240 4.270 37.086
457.250 4.420 40.301
457.290 4.400 32.993
457.310 4.080 38.387
457.320 4.380 11.160
457.330 4.040 26.340
457.340 4.570 29.562
457.350 4.830 42.360
457.370 4.320 36.029
457.380 4.750 32.971
457.420 4.770 34.512
457.440 4.660 34.475
457.450 4.470 33.916
457.460 4.150 28.292
457.480 4.630 35.927
457.530 4.650 30.620
457.540 4.750 39.179
457.610 4.300 31.113
457.630 4.440 36.820
457.640 4.760 37.139
457.660 4.160 37.451
457.700 4.630 38.538
457.720 4.310 37.574
457.760 4.790 26.401
457.770 4.710 37.622
457.830 4.360 42.179
457.840 4.410 40.038
457.850 4.630 39.795
457.860 4.790 29.310
457.890 4.800 37.346
457.900 3.970 43.185
457.910 4.790 40.006
457.960 4.940 21.437
457.970 4.560 26.697
457.990 4.860 37.130
458.020 4.400 31.105
458.030 4.120 37.528
458.040 4.840 42.714
458.050 4.360 40.072
458.060 4.700 36.640
458.070 4.290 36.943
458.080 4.390 40.731
458.090 4.050 33.508
458.100 4.050 37.423
458.110 4.380 21.452
458.120 4.610 43.947
458.150 4.630 40.715
458.170 4.370 36.297
458.180 3.960 30.447
458.190 4.870 14.235
458.200 4.550 32.054
458.240 4.900 42.239
458.250 4.660 39.611
458.270 4.670 38.254
458.310 4.480 31.150
458.320 4.270 36.165
458.350 4.220 41.308
458.360 4.600 38.058
458.370 4.460 29.511
458.380 4.590 28.479
458.390 4.360 25.750
458.400 4.310 37.286
458.410 4.190 39.619
458.420 4.170 44.742
458.430 4.290 29.990
458.440 4.830 19.505
458.470 4.720 35.858
458.500 4.760 19.777
458.510 4.720 30.959
458.520 4.440 35.504
458.530 4.520 36.130
458.550 4.720 26.415
458.560 4.370 43.004
458.570 4.410 29.579
458.590 4.460 32.354
458.630 4.800 27.083
458.640 4.590 44.666
458.650 4.430 40.086
458.710 4.820 36.137
458.720 4.490 21.976
458.740 4.370 43.738
458.750 4.200 44.099
458.760 4.420 28.139
458.770 4.130 37.012
458.780 4.750 38.770
458.800 4.100 42.861
458.810 4.120 37.523
458.820 4.120 39.098
458.830 4.090 27.933
458.880 4.270 34.906
458.890 4.420 24.590
458.900 4.460 31.668
458.910 4.280 38.001
458.940 4.610 40.190
458.950 4.720 41.473
458.960 4.690 37.206
458.980 4.510 37.342
459.000 4.360 34.669
459.020 4.890 36.246
459.030 4.790 39.924
459.040 4.530 32.589
459.090 4.640 44.228
459.120 4.060 40.941
459.130 4.350 26.949
459.140 4.820 13.414
459.150 4.310 35.810
459.160 3.960 33.881
459.200 4.650 38.216
459.210 4.100 29.677
459.220 4.360 36.957
459.240 4.490 30.199
459.250 4.790 44.188
459.260 4.550 41.765
459.280 4.250 36.119
459.330 4.220 32.323
459.380 4.760 27.120
459.430 4.860 42.520
459.450 4.840 10.350
459.500 4.190 26.821
459.520 4.690 30.453
459.530 4.240 40.209
459.540 4.570 43.913
459.560 4.760 42.586
459.630 4.230 34.181
459.640 4.560 30.214
459.650 4.510 33.882
459.660 4.320 36.692
459.670 4.420 24.900
459.680 4.720 30.004
459.690 3.850 30.072
459.700 4.300 25.157
459.720 4.510 41.904
459.780 4.920 44.427
459.800 4.810 43.277
459.820 4.740 36.648
459.830 4.740 22.860
459.850 4.350 44.998
459.860 4.410 31.811
459.870 4.650 34.731
459.890 4.210 38.160
459.910 4.620 41.706
460.230 4.720 36.133
460.310 4.650 27.171
460.330 4.130 24.137
460.360 4.020 35.010
460.500 4.170 33.461
460.530 4.530 44.803
460.560 4.430 39.304
460.570 4.310 29.947
460.580 4.210 34.988
460.590 4.500 31.468
460.610 4.900 33.240
460.620 4.630 35.482
460.640 4.950 34.161
460.700 4.630 35.533
460.760 4.730 34.728
460.790 4.360 22.963
460.820 4.040 30.386
460.830 4.560 38.287
460.850 4.570 37.252
460.880 4.590 41.439
460.890 4.480 41.446
461.010 4.100 41.322
461.020 4.510 43.034
461.030 4.980 34.109
461.040 4.960 17.454
461.050 4.830 12.492
461.090 4.990 41.999
461.130 4.190 38.895
461.150 4.240 27.772
461.170 4.860 44.602
461.180 4.810 32.150
461.270 4.620 39.454
461.370 4.450 30.687
461.400 4.280 28.365
461.410 4.760 26.738
461.420 4.950 34.078
463.190 4.450 29.854
463.200 4.360 30.950
463.220 4.710 44.454
463.230 4.210 37.850
463.240 3.840 43.522
463.260 4.380 39.010
463.820 4.500 33.290
463.840 4.220 33.027
463.880 4.430 40.659
463.890 4.650 32.186
463.960 4.620 37.372
463.970 4.100 36.921
463.980 4.510 35.511
464.010 3.960 38.759
464.020 4.610 33.958
464.030 4.550 27.730
464.040 4.300 29.308
464.050 4.320 31.516
464.060 4.370 35.548
464.070 4.360 43.050
464.120 4.760 20.602
464.170 4.690 24.765
464.180 4.160 31.250
464.190 4.310 37.567
464.200 4.800 29.507
464.210 4.830 13.801
464.220 4.810 24.813
464.280 4.580 43.235
464.290 4.330 34.580
464.300 4.260 27.758
464.310 4.030 23.357
464.340 4.430 34.423
464.350 4.390 39.015
464.380 4.390 42.718
464.400 4.410 24.032
464.410 4.460 31.221
464.420 4.580 35.142
464.430 4.070 41.645
464.440 4.370 30.542
464.450 4.490 24.982
464.460 4.520 43.334
464.480 4.300 31.622
464.490 4.360 36.848
464.500 4.440 19.376
464.530 4.990 35.859
464.540 4.190 30.378
464.550 4.730 19.671
464.580 4.240 40.753
464.600 4.370 43.149
464.610 4.230 42.921
464.620 4.090 40.941
464.630 4.880 37.200
464.650 4.390 33.958
464.780 4.250 19.703
464.790 4.840 34.808
464.800 4.410 32.852
464.810 4.430 37.944
464.910 4.170 42.346
464.920 4.200 27.600
464.930 4.130 36.205
464.950 4.670 22.996
464.960 4.460 41.028
464.970 4.950 42.929
464.990 4.670 26.261
465.020 4.370 35.464
465.030 4.630 28.896
465.040 3.890 32.819
465.050 4.790 30.908
465.060 4.120 35.750
465.070 4.100 35.624
465.270 4.590 43.378
465.280 4.430 38.657
465.300 4.660 37.819
468.180 4.320 44.888
468.190 4.300 43.135
468.240 3.850 43.789
468.250 4.630 22.000
468.280 4.650 29.369
468.290 4.820 33.389
468.310 4.760 35.689
468.340 4.350 37.899
468.350 4.570 42.673
468.360 4.760 21.186
468.370 4.230 31.574
468.380 4.490 27.760
468.400 4.440 37.275
468.480 4.060 42.708
468.490 4.640 27.318
468.500 4.900 41.123
468.590 4.540 31.208
469.200 4.890 43.384
473.460 4.980 42.746
530.530 4.060 38.232
530.540 4.690 26.049
530.550 4.560 38.231
530.650 4.470 42.761
530.660 4.870 19.118
530.680 4.560 38.553
530.690 4.430 36.856
530.700 4.480 35.696
530.780 4.440 25.516
530.860 4.720 23.587
530.920 4.740 16.462
530.930 4.360 36.011
530.960 4.710 44.263
530.980 4.930 26.416
531.000 4.260 37.577
531.120 4.740 28.366
531.160 4.380 20.550
531.170 4.760 41.146
531.190 4.570 33.262
531.200 4.140 30.613
531.210 4.260 32.207
531.220 3.930 40.776
531.240 4.320 31.845
531.260 4.230 38.279
531.270 4.160 39.778
531.310 4.630 30.729
531.320 4.000 19.293
531.330 4.340 30.031
531.340 4.330 38.115
531.400 4.630 16.430
531.410 4.150 25.244
531.440 4.520 29.767
531.470 4.500 34.818
531.480 4.130 41.913
531.490 4.820 43.745
531.500 4.900 11.105
531.580 4.810 30.883
531.590 4.670 39.050
531.600 4.810 32.615
531.610 4.850 17.749
531.620 4.400 43.301
531.640 3.890 29.319
531.660 4.870 31.793
531.670 4.180 43.895
531.680 4.470 34.323
531.720 4.810 30.888
531.740 4.570 41.577
531.750 4.310 43.696
531.760 4.720 38.903
531.770 4.690 30.241
531.780 4.570 22.889
531.840 4.750 44.345
531.860 4.950 35.836
531.880 4.520 42.196
531.890 4.160 44.905
531.920 4.980 36.209
531.930 4.290 30.527
531.940 4.650 33.734
531.950 4.270 38.994
532.150 4.110 41.932
532.190 4.400 26.494
532.240 4.530 25.018
532.330 4.890 43.085
532.340 4.960 33.498
532.360 4.180 36.871
532.370 4.250 37.261
532.390 4.380 30.410
532.400 4.470 42.443
532.490 4.400 33.434
532.520 4.560 40.631
532.540 4.580 29.544
532.550 4.160 35.823
532.560 4.800 33.701
532.570 4.160 43.920
532.590 4.350 40.484
532.600 4.770 43.083
532.630 4.820 21.909
532.640 4.770 25.358
532.650 4.550 29.732
532.660 4.430 37.004
532.680 4.420 35.395
532.690 4.380 39.412
532.710 4.810 7.269
532.860 4.900 36.085
532.890 4.960 26.294
532.900 4.550 44.591
532.930 4.920 34.342
532.960 4.770 20.471
532.970 4.920 32.509
532.980 4.100 38.972
533.000 4.470 27.595
533.010 4.320 34.782
533.020 4.280 36.299
533.030 4.230 36.877
533.040 4.430 39.828
533.060 4.600 39.106
533.070 4.850 24.355
533.090 4.720 43.951
533.110 4.290 34.082
533.130 4.820 29.650
533.150 4.860 44.050
533.180 4.960 33.404
533.450 4.340 42.287
533.460 4.930 28.350
533.470 4.380 28.531
533.480 4.560 39.690
533.500 4.390 36.127
533.540 4.710 37.212
533.560 4.450 34.301
533.570 3.860 39.600
533.600 4.380 37.272
533.620 4.240 37.189
533.640 4.610 44.340
533.660 4.970 27.710
533.670 4.820 34.755
533.720 4.830 34.750
533.740 4.290 34.860
533.760 4.690 35.532
533.780 4.970 28.242
533.800 4.470 40.190
533.810 3.980 44.798
533.820 4.760 31.025
533.840 4.730 41.893
533.900 4.520 42.499
533.910 4.150 37.427
533.920 4.390 33.978
533.930 4.600 26.605
533.950 4.490 39.093
534.000 4.660 23.562
534.010 4.040 36.143
534.020 4.250 30.849
534.030 4.860 19.513
534.050 4.330 41.185
534.060 4.240 41.539
534.070 4.450 25.361
534.090 4.360 29.429
534.100 4.850 35.298
534.110 4.050 35.722
534.120 4.510 31.085
534.130 4.110 40.424
534.140 4.230 28.358
534.150 4.370 27.717
534.160 4.840 23.260
534.170 4.090 39.710
534.190 4.460 35.871
534.200 4.430 22.127
534.210 4.000 31.576
534.250 4.790 35.639
534.290 4.490 37.527
534.300 4.140 21.548
534.320 4.440 31.347
534.330 4.550 25.781
534.340 4.150 37.101
534.350 4.110 37.382
534.400 4.190 24.249
534.430 4.090 29.700
534.440 4.380 29.875
534.460 4.500 28.732
534.510 4.500 32.019
534.520 4.300 42.178
534.530 4.290 26.481
534.550 4.860 16.846
534.560 4.260 42.883
534.570 4.600 30.197
534.580 4.110 31.054
534.620 4.390 38.585
534.630 4.440 32.686
534.650 4.350 37.838
534.670 4.390 21.809
534.680 4.280 39.759
534.730 4.360 42.753
534.740 4.780 30.384
534.750 4.490 39.153
534.850 4.970 40.613
534.870 4.770 41.158
534.880 4.500 23.155
534.890 3.980 40.424
534.940 4.170 34.520
534.950 4.660 41.568
534.970 4.680 30.793
534.980 4.380 42.481
534.990 4.150 37.343
535.020 4.160 31.839
535.030 4.490 28.423
535.040 4.490 21.267
535.070 4.500 36.558
535.080 4.220 41.490
535.090 4.730 40.852
535.120 4.190 30.650
535.130 4.820 44.070
535.140 4.390 26.137
535.150 4.110 30.053
535.190 4.670 25.666
535.210 4.640 38.755
535.280 4.970 13.251
535.300 4.600 41.492
535.320 4.880 34.325
535.340 4.790 38.452
535.350 4.160 38.042
535.370 4.700 36.250
535.410 4.560 39.158
535.420 4.260 23.517
535.430 4.270 29.074
535.440 4.710 26.323
535.450 4.310 39.236
535.460 4.340 38.190
535.510 3.980 43.078
535.520 4.280 35.025
535.530 4.620 38.494
535.540 4.340 33.020
535.580 4.810 27.682
535.600 4.390 33.788
535.610 4.590 37.337
535.620 4.310 35.215
535.660 3.850 37.659
535.670 4.300 31.671
535.680 4.470 44.269
535.690 4.190 38.519
535.700 4.240 42.203
535.710 4.150 43.837
535.730 4.670 23.727
535.740 4.020 37.080
535.750 4.460 29.130
535.760 4.750 33.179
535.770 4.300 37.294
535.780 4.240 25.832
535.800 4.180 39.194
535.820 4.480 25.311
535.850 4.260 38.906
535.880 4.800 38.040
535.900 4.750 34.924
535.930 4.620 24.665
535.960 4.570 40.970
535.970 4.590 36.253
535.980 4.890 22.318
535.990 4.250 36.371
536.000 4.110 36.650
536.010 4.560 31.227
536.070 4.840 28.211
536.200 4.810 44.614
536.480 4.340 37.841
536.490 4.810 37.301
536.500 4.990 15.555
536.510 4.660 38.214
536.520 4.900 29.585
536.540 4.670 32.284
536.550 4.520 30.757
536.560 4.440 36.486
536.570 4.930 39.584
536.580 4.630 40.901
536.590 4.750 43.548
536.660 4.780 34.940
536.720 4.900 30.618
536.740 4.420 40.947
537.540 4.470 38.037
537.960 4.580 41.147
537.990 4.620 41.924
538.000 4.400 40.970
538.030 4.940 41.920
538.050 4.760 41.400
538.060 4.400 30.610
538.080 4.270 27.672
538.090 4.100 29.256
538.540 4.680 22.045
538.570 4.430 34.206
538.590 4.610 37.002
538.600 4.170 32.620
538.610 4.570 26.663
538.630 4.590 39.030
538.640 4.240 30.015
538.650 4.380 36.780
538.660 4.050 30.087
538.670 4.940 26.491
538.680 3.990 24.149
538.690 4.280 29.922
538.710 4.210 29.582
538.720 4.440 35.001
538.730 4.490 40.056
538.810 4.230 39.500
538.830 3.900 40.894
538.860 4.000 27.849
538.870 4.230 33.590
538.880 4.030 44.781
538.930 4.640 37.723
538.940 4.600 25.551
538.950 4.040 31.526
538.970 4.680 40.007
538.980 4.800 44.465
538.990 4.800 40.011
539.070 4.220 43.297
539.090 4.880 33.642
539.120 4.260 31.826
539.130 4.520 39.506
539.140 4.750 42.068
539.150 4.820 31.838
539.160 4.770 31.936
539.180 4.780 31.632
539.190 4.690 39.694
539.200 4.260 43.695
539.220 4.590 13.262
539.230 4.500 33.058
539.250 4.110 37.764
539.260 4.810 27.898
539.270 4.780 29.373
539.280 4.990 37.518
539.300 4.560 33.113
539.320 4.690 21.919
539.330 4.300 37.282
539.340 4.350 27.423
539.350 4.600 30.193
539.360 4.340 34.342
539.370 4.450 42.865
539.380 4.280 28.350
539.390 4.070 40.406
539.410 4.220 26.497
539.420 4.550 30.628
539.430 4.860 35.322
539.440 4.070 32.886
539.450 4.080 44.757
539.460 4.280 30.794
539.480 4.480 31.514
539.500 4.300 30.586
539.510 4.540 40.097
539.530 4.880 35.429
539.600 4.900 27.946
539.620 4.870 13.219
539.660 4.540 43.623
539.700 4.500 35.618
539.740 4.290 31.259
539.750 4.740 22.859
539.770 4.560 22.929
539.790 4.630 27.657
539.800 4.390 34.065
539.820 4.880 40.701
540.170 4.870 44.005
540.190 4.740 41.025
540.200 4.260 33.851
540.210 4.310 35.928
540.220 4.310 23.671
540.230 4.320 39.705
540.240 4.720 23.584
540.280 4.230 35.455
540.290 4.000 41.508
540.300 4.610 35.501
540.330 4.930 34.471
540.400 4.540 40.131
540.410 4.800 29.993
540.430 4.570 32.068
540.470 4.350 33.579
540.490 4.390 37.160
540.500 4.210 31.940
540.510 4.000 43.145
540.520 4.470 25.092
540.530 4.570 44.956
540.550 4.840 38.800
540.560 4.380 42.738
540.570 4.020 43.520
540.580 4.300 38.487
540.590 4.140 35.486
540.620 4.120 31.198
540.630 4.190 37.694
540.650 4.430 37.791
540.670 4.530 35.176
540.690 4.440 38.468
540.700 4.570 38.266
540.710 4.910 18.502
540.720 4.160 39.924
540.730 4.590 25.653
540.740 3.980 39.459
540.750 4.100 34.936
540.760 4.490 40.247
540.770 3.790 44.984
540.780 4.100 40.955
540.790 4.620 43.533
540.800 4.320 39.629
540.820 4.820 38.201
540.830 4.300 37.996
540.840 4.830 25.929
540.870 4.660 43.855
540.920 4.160 26.934
540.940 4.820 33.892
540.950 4.140 40.059
540.980 4.750 37.590
540.990 4.230 40.225
541.000 4.900 37.444
541.020 4.780 35.910
541.030 4.760 29.586
541.060 4.570 40.445
541.080 4.280 30.701
541.090 4.130 41.481
541.110 4.990 41.399
541.120 4.670 21.923
541.140 4.410 35.841
543.370 4.200 42.806
543.380 4.440 31.569
543.390 4.050 36.307
543.400 4.130 34.725
543.420 4.230 31.126
543.450 4.790 43.372
543.550 4.660 29.969
543.700 4.940 35.284
543.740 4.630 39.382
543.750 4.230 42.674
543.820 4.120 39.231
543.830 4.630 40.164
543.960 4.820 35.225
544.000 4.040 39.664
544.010 4.420 37.741
544.030 4.200 33.540
544.070 4.680 34.061
544.080 4.650 15.929
544.090 4.410 31.007
544.110 4.470 30.004
544.140 4.650 39.118
544.150 4.410 30.842
544.170 4.490 29.797
544.180 4.600 43.201
544.190 4.250 40.278
544.200 4.220 44.346
544.230 4.390 24.020
544.250 4.600 16.356
544.260 4.300 38.847
544.270 4.520 33.934
544.320 4.460 40.523
544.330 4.320 36.480
544.600 4.790 28.331
544.630 4.560 24.679
544.640 4.510 22.400
544.650 4.140 17.411
544.700 4.590 38.567
544.750 4.140 43.133
544.760 3.990 29.901
544.770 4.630 35.651
544.780 4.370 39.698
544.790 4.110 21.169
544.800 4.180 40.274
544.810 4.550 30.605
544.820 3.810 23.390
544.840 4.470 21.991
544.850 4.220 34.319
544.860 4.490 39.368
544.880 4.950 42.910
544.890 4.560 41.669
544.900 4.590 35.703
544.920 4.730 35.830
544.930 4.220 42.523
544.970 4.570 20.184
545.020 4.050 43.041
545.030 4.030 31.757
545.040 4.610 28.840
545.050 4.480 36.334
545.060 4.740 25.742
545.080 4.840 32.534
545.090 4.990 19.872
545.100 4.560 20.221
545.110 4.180 39.460
545.130 4.160 38.502
545.140 4.060 38.307
545.170 4.150 43.768
545.200 4.590 33.969
545.210 4.840 39.834
545.220 4.660 41.114
545.230 4.970 32.682
545.310 4.380 41.066
545.320 4.010 39.025
545.330 4.910 25.790
545.340 4.730 43.136
545.380 4.350 33.121
545.390 4.830 29.407
545.400 4.470 44.952
545.410 4.550 42.197
545.420 4.870 29.716
545.450 4.740 31.090
545.460 3.920 27.975
545.470 4.100 40.592
545.480 4.330 36.170
545.580 4.050 37.272
545.590 4.730 28.360
545.750 4.430 37.131
545.760 4.420 43.741
545.900 4.590 31.724
545.950 4.520 39.133
546.000 4.420 32.075
546.040 4.580 37.129
546.060 4.360 31.248
546.070 4.670 44.767
546.110 4.540 39.131
546.130 4.280 43.258
546.160 4.390 40.770
546.180 4.420 39.988
546.210 3.970 42.977
546.230 4.280 28.107
546.240 4.190 38.210
546.250 4.060 23.029
546.270 4.020 28.287
546.370 4.210 36.497
546.380 4.350 36.626
546.390 4.350 33.536
546.400 4.430 44.903
546.430 4.520 20.809
546.480 4.580 19.282
546.530 4.410 43.904
546.550 4.490 38.021
546.560 4.980 40.402
546.590 4.560 42.603
546.600 4.360 36.255
546.690 4.680 37.273
546.710 4.590 25.819
547.100 4.920 36.951
547.130 4.690 44.009
547.180 4.320 25.216
547.190 4.190 35.096
547.200 4.230 40.577
547.210 4.550 41.888
547.220 4.620 38.444
547.230 4.600 36.764
547.270 4.930 43.059
547.350 4.270 20.005
549.620 4.680 28.073
549.650 4.800 38.156
549.700 4.130 37.964
549.710 4.520 37.674
549.760 4.320 41.488
549.790 4.530 35.856
549.800 4.130 37.305
549.810 4.260 28.426
549.820 4.280 34.879
549.860 3.810 37.247
549.870 4.250 22.497
549.890 4.220 43.810
549.900 4.190 43.369
550.030 4.440 37.382
550.040 4.600 19.663
550.050 4.360 41.864
550.100 4.920 29.078
550.110 4.860 42.590
550.200 4.290 39.168
550.210 4.920 39.698
550.230 4.510 41.219
550.240 4.120 42.461
550.250 4.220 35.891
550.300 4.650 29.302
550.700 3.990 34.489
550.850 4.800 44.288
550.860 4.270 40.292
550.880 4.780 44.581
550.910 4.850 20.351
550.920 4.380 25.953
550.930 4.260 44.947
550.940 4.720 8.040
551.030 4.830 19.241
551.040 4.380 29.998
551.050 4.780 32.572
551.060 4.680 36.911
551.100 4.700 34.385
551.130 4.080 40.672
551.140 4.480 34.981
551.150 4.610 34.130
551.160 4.040 41.336
551.190 4.410 37.834
551.200 4.760 37.415
551.230 4.390 38.124
551.250 4.490 42.545
551.270 4.720 43.955
551.300 4.820 42.520
551.310 4.170 37.574
551.320 4.210 40.429
551.330 4.570 33.274
551.340 4.300 35.804
551.350 4.630 27.001
551.400 4.640 40.693
551.410 3.960 28.572
551.440 4.340 26.816
551.450 4.640 38.828
551.460 4.690 30.733
551.470 4.230 33.819
551.490 4.440 43.589
551.500 4.600 27.015
551.520 4.560 40.735
551.540 4.730 31.341
551.670 4.590 26.149
551.680 4.540 27.658
551.840 4.960 21.034
551.850 4.570 39.936
551.860 4.480 28.998
551.890 4.290 34.785
551.940 4.700 28.180
551.970 4.350 17.177
551.980 4.600 33.058
551.990 4.830 36.667
552.000 4.060 24.108
552.010 4.460 28.317
552.040 4.390 32.883
552.050 4.030 26.042
552.060 4.510 39.770
552.080 4.300 41.799
552.090 4.570 39.484
552.110 4.500 32.624
552.120 4.840 30.707
552.130 4.650 43.207
552.140 4.740 32.278
552.150 4.760 26.494
552.170 4.740 36.164
552.200 4.670 38.189
552.210 4.410 26.320
552.230 4.750 40.022
552.240 4.610 41.522
552.250 4.490 23.757
552.260 4.610 31.678
552.270 4.300 27.016
552.280 4.020 30.435
552.290 4.500 36.882
552.300 4.820 38.588
552.320 4.920 36.599
552.340 4.760 22.723
552.350 4.950 20.927
552.370 4.730 24.876
552.380 4.220 38.769
552.420 4.500 11.452
552.450 4.440 26.069
552.500 4.090 29.137
552.510 4.830 38.992
552.530 4.290 39.314
552.640 4.470 40.002
552.720 4.350 42.390
552.730 4.110 35.909
552.750 4.520 36.770
552.760 4.830 35.586
552.780 4.300 31.639
552.810 4.230 33.305
552.820 4.610 34.513
552.830 4.430 40.007
552.860 4.910 27.928
552.960 4.840 11.138
552.990 4.550 42.766
553.010 4.970 22.386
553.020 4.340 28.678
553.040 4.520 27.734
553.060 4.730 18.119
553.070 4.440 38.933
553.100 4.600 41.726
553.320 4.720 42.761
553.330 4.250 41.554
553.340 4.610 43.022
553.400 4.340 36.235
553.490 4.920 33.946
553.560 4.850 22.477
553.570 4.420 38.642
553.580 4.450 34.845
553.610 4.160 43.982
553.630 4.570 23.339
553.650 4.280 43.102
553.700 4.300 36.864
553.710 4.740 22.331
553.720 4.200 33.228
553.730 4.330 30.589
553.760 4.490 23.020
553.790 4.420 34.201
553.800 4.410 37.789
553.970 4.150 35.200
553.980 4.210 27.441
554.170 4.370 36.003
554.210 4.510 41.322
554.230 4.170 34.347
554.260 4.580 15.910
554.270 4.620 41.755
554.280 4.150 32.009
554.290 4.150 35.486
554.300 4.840 44.659
554.310 4.950 39.525
554.320 4.570 34.453
554.330 4.660 27.356
554.820 4.290 42.976
554.840 4.780 39.055
554.890 4.820 38.567
555.130 4.210 36.121
555.180 4.290 35.346
555.230 4.120 38.230
555.250 4.340 34.581
555.270 4.480 35.166
555.280 4.350 43.990
555.290 4.160 35.169
555.300 4.950 21.670
555.310 4.170 25.992
555.340 4.990 24.536
555.360 4.100 41.347
555.370 4.490 44.449
555.410 4.790 41.850
555.470 4.140 30.916
555.580 4.080 44.732
555.620 4.340 38.523
555.670 4.830 44.306
555.730 4.840 35.828
556.090 4.310 43.987
556.100 4.620 44.543
556.170 4.920 42.900
556.180 4.800 34.206
556.220 4.790 23.836
556.270 4.990 41.613
556.310 4.530 43.734
556.400 4.630 28.788
556.420 4.730 22.796
556.470 4.050 33.242
556.480 4.440 29.961
556.490 4.670 15.954
556.550 4.550 27.581
556.670 4.780 27.421
556.710 4.820 26.975
557.120 4.410 44.914
557.210 4.950 42.879
557.270 4.410 39.737
557.280 4.310 42.462
557.290 4.230 44.804
557.300 4.430 36.975
557.310 4.740 39.814
557.320 4.390 39.949
557.380 4.740 18.976
557.390 4.640 36.940
609.400 4.230 40.488
609.420 4.120 42.075
609.430 4.910 34.266
609.450 4.090 42.780
609.460 3.940 35.508
609.480 4.520 36.823
609.530 4.060 22.271
609.540 4.510 44.944
609.560 4.490 40.777
609.710 4.640 43.206
609.720 4.600 27.574
609.730 4.380 35.513
609.750 4.290 38.063
609.760 4.770 32.861
609.770 4.510 35.319
609.830 4.700 38.305
609.840 4.220 25.620
609.850 4.130 37.328
609.860 4.070 44.709
609.870 4.990 13.667
609.880 4.570 41.492
609.890 4.750 37.579
609.900 4.560 36.567
609.940 4.590 39.894
609.960 4.240 37.391
609.980 4.360 9.840
609.990 4.090 24.981
610.010 4.150 37.409
610.020 4.350 39.015
610.030 4.260 32.112
610.060 4.360 32.783
610.070 4.250 44.152
610.080 4.100 39.911
610.090 4.670 31.873
610.100 4.910 30.374
610.140 4.620 35.458
610.150 4.260 39.113
610.170 4.370 44.016
610.180 4.080 33.180
610.190 4.220 33.207
610.210 4.900 38.136
610.220 4.820 35.150
610.240 4.910 29.675
610.260 4.790 16.179
610.270 4.580 36.386
610.280 4.010 18.846
610.300 4.430 32.988
610.310 4.130 40.557
610.320 4.710 44.981
610.330 4.220 36.357
610.340 4.780 32.697
610.360 4.440 34.526
610.380 4.690 31.498
610.400 4.320 43.772
610.410 4.650 37.221
610.420 4.760 38.344
610.440 4.860 38.378
610.460 3.960 38.674
610.470 4.320 42.814
610.490 4.710 36.883
610.500 4.970 44.189
610.510 4.750 42.339
610.520 4.030 33.666
610.530 4.940 43.372
610.540 4.070 27.068
610.550 3.980 38.511
610.560 4.390 38.931
610.580 4.170 40.891
610.590 4.200 38.225
610.600 4.390 36.339
610.630 4.170 37.534
610.640 4.810 27.461
610.650 4.260 38.117
610.660 4.350 26.524
610.670 4.740 25.873
610.680 4.340 34.417
610.690 4.450 27.187
610.740 4.640 25.026
610.750 4.930 41.419
610.820 4.400 29.872
610.830 4.090 34.290
610.850 4.420 22.326
610.860 4.710 33.157
610.870 4.620 25.367
610.880 4.620 34.070
610.920 4.900 29.988
610.980 4.860 41.245
610.990 4.950 19.461
611.000 4.860 36.041
611.010 4.420 40.357
611.030 4.340 42.857
611.040 4.550 35.170
611.050 4.580 38.767
611.060 4.620 43.619
611.100 4.830 35.443
611.180 4.630 25.025
611.190 4.540 38.169
611.210 4.870 38.511
611.970 4.810 26.453
612.060 4.050 34.695
612.070 4.960 21.615
612.080 4.730 27.431
612.090 4.790 33.395
612.220 4.560 34.211
612.230 4.350 42.919
612.250 4.770 39.380
612.260 4.270 28.148
612.270 4.400 24.918
612.280 4.520 34.310
612.290 4.530 26.143
612.310 4.770 34.288
612.320 4.950 37.124
612.340 4.490 43.675
612.360 4.420 38.314
612.370 4.470 32.198
612.380 4.870 19.809
612.390 4.580 40.745
612.400 4.440 37.766
612.410 4.650 41.934
612.420 4.490 18.140
612.450 4.530 43.309
612.460 4.530 29.148
612.480 4.810 38.272
612.490 4.700 39.873
612.520 4.410 30.451
655.170 4.840 34.473
655.280 4.830 33.284
655.380 4.790 40.108
655.390 4.390 40.101
655.440 4.620 43.607
655.460 4.810 27.927
655.470 4.610 37.690
655.510 4.490 20.982
655.560 4.300 41.689
655.570 4.610 43.050
655.580 4.700 31.291
655.600 4.610 29.622
655.620 4.350 35.755
655.630 4.610 44.729
655.640 4.600 31.853
655.650 4.790 39.559
655.680 4.820 19.363
655.690 4.770 39.711
655.700 4.660 31.122
655.720 4.220 43.692
655.730 4.670 38.312
655.800 4.350 36.126
655.810 4.490 36.080
655.840 4.570 38.303
655.850 4.130 39.255
655.860 4.820 26.317
655.890 4.280 44.808
655.900 4.100 22.842
655.940 3.910 33.279
655.950 4.120 31.570
655.960 4.720 23.779
655.970 4.210 39.301
655.990 4.890 32.602
656.010 4.590 41.247
656.100 4.890 38.908
656.150 4.380 42.270
656.160 4.660 41.861
656.170 4.840 43.326
656.190 4.250 42.318
656.300 4.230 39.390
656.310 4.720 34.194
656.430 4.460 34.194
656.500 4.370 21.037
656.510 4.850 23.393
656.520 4.470 34.115
656.550 4.890 41.506
656.560 4.810 19.058
656.580 4.070 34.708
656.600 4.280 25.139
656.630 4.710 40.521
656.650 4.870 27.967
656.660 4.830 40.086
656.670 4.890 7.445
656.680 4.190 27.498
656.690 4.330 19.466
656.700 4.070 32.935
656.710 4.330 44.050
656.730 4.960 24.357
656.750 4.370 41.928
656.760 4.540 14.325
656.780 4.890 17.980
656.790 4.360 40.909
656.800 4.180 23.108
656.810 4.680 31.297
656.820 4.350 39.773
656.830 4.590 29.242
656.840 4.730 36.611
656.860 3.940 39.282
656.880 4.480 31.698
657.070 4.880 16.186
657.130 4.960 27.685
657.160 4.400 41.036
657.170 4.400 39.260
657.180 4.350 34.608
657.190 4.680 24.660
657.230 4.860 17.648
657.240 4.130 28.418
657.280 4.450 34.545
657.290 4.310 40.357
657.350 4.710 26.974
657.360 4.540 42.601
657.430 4.680 25.913
657.450 4.250 32.136
657.460 4.540 26.923
657.500 4.970 43.495
657.510 4.740 21.715
657.530 4.620 31.376
657.540 4.840 41.131
657.570 4.950 21.396
657.640 4.310 33.664
657.660 4.090 43.325
657.670 4.520 42.126
657.680 4.250 41.621
657.690 4.370 34.051
657.700 4.400 37.840
657.710 4.360 28.746
657.730 4.640 28.018
659.800 4.840 24.332
659.820 4.610 35.524
659.830 4.790 38.551
659.860 4.430 34.463
659.890 4.510 38.320
659.900 4.580 41.148
659.990 4.330 34.981
660.050 4.720 41.891
660.080 4.680 37.211
660.100 4.080 40.893
660.120 4.610 42.825
660.130 4.120 40.238
660.140 4.220 44.708
660.150 4.870 17.202
660.170 4.810 41.654
660.200 4.770 36.433
660.210 4.030 38.957
660.260 4.490 41.681
660.270 4.390 29.435
660.300 4.600 33.227
660.310 4.580 38.512
660.320 4.190 34.139
660.330 4.360 38.073
660.350 4.610 29.570
660.360 4.000 25.891
660.380 4.210 33.537
660.390 4.450 31.803
660.430 4.930 28.668
660.470 4.240 41.878
660.480 4.700 40.603
660.490 4.730 30.158
660.510 4.470 34.600
660.530 4.750 37.393
660.540 4.820 25.335
660.550 4.260 41.167
660.570 4.740 32.722
660.580 4.530 31.578
660.600 4.050 30.572
660.630 4.410 34.992
660.640 4.310 37.137
660.650 4.260 38.283
660.680 4.530 28.653
660.890 4.630 34.252
660.920 4.300 41.567
660.930 4.480 27.401
660.950 4.460 33.864
660.960 4.480 42.635
660.980 4.370 41.938
660.990 4.420 24.709
661.000 4.010 31.491
661.010 4.300 39.306
661.060 3.960 34.985
661.070 4.800 39.049
661.080 4.110 33.297
661.120 4.530 42.420
661.150 4.970 43.164
661.160 4.300 32.647
661.180 4.160 43.805
661.190 4.680 33.259
661.200 4.580 40.957
661.220 4.490 42.182
661.250 4.640 29.032
661.260 4.240 43.842
666.850 4.410 39.968
666.860 4.840 33.503
666.880 3.940 25.998
666.890 4.760 37.701
666.900 4.340 41.637
666.940 4.590 44.739
666.950 4.880 19.354
667.100 4.720 41.091
667.110 3.890 31.512
667.130 4.920 14.922
667.140 4.090 40.739
667.150 4.400 27.541
667.160 4.300 30.487
667.220 3.920 26.530
669.530 4.810 36.845
669.560 4.350 40.545
669.590 4.430 37.904
669.640 4.580 32.769
669.660 4.810 34.405
669.670 4.960 28.277
669.730 4.510 39.405
669.760 4.500 39.525
669.790 4.280 41.722
669.800 4.460 20.442
669.810 4.150 31.652
669.820 4.290 35.067
669.830 4.120 30.128
669.840 4.600 15.251
669.850 4.800 33.478
669.860 4.360 4.078
669.920 4.070 39.810
669.940 4.160 40.280
670.030 4.730 26.863
670.090 4.880 39.465
670.160 4.470 29.935
670.270 4.410 37.685
670.280 4.120 39.342
670.310 4.520 27.995
670.320 4.160 38.677
670.330 4.780 39.209
670.390 4.410 41.020
670.420 4.320 39.424
670.490 4.750 35.381
670.510 4.510 25.164
670.530 4.540 36.466
670.540 4.390 31.906
670.550 4.640 37.689
670.560 4.540 38.655
670.570 4.510 39.403
670.590 4.060 32.570
670.600 4.650 35.891
670.620 3.930 37.132
670.630 4.350 38.467
670.640 4.090 36.200
670.650 4.620 21.792
670.660 4.760 26.257
670.670 4.560 19.739
670.680 4.530 44.681
670.690 4.880 28.215
675.710 4.770 41.936
675.720 4.670 36.803
675.730 4.640 43.981
675.750 4.080 40.218
675.770 4.570 35.169
675.820 4.810 32.411
675.880 3.970 36.034
675.900 4.260 20.018
675.930 4.290 39.088
675.940 4.380 31.274
675.950 4.970 31.057
675.960 4.700 40.861
676.000 4.470 34.998
676.010 4.850 38.024
676.030 4.440 36.794
676.040 4.940 40.160
676.050 4.410 22.825
676.070 4.020 29.170
676.080 4.250 38.479
676.100 4.370 32.748
676.120 4.450 30.050
676.140 4.630 15.488
676.200 4.380 33.912
676.210 4.940 18.658
676.220 4.950 26.467
676.240 4.180 38.741
676.250 4.290 28.813
676.260 4.760 43.785
676.280 4.560 44.269
676.290 4.880 34.436
676.300 4.440 41.169
676.310 4.320 31.910
676.320 4.070 43.404
676.330 4.090 37.353
676.340 4.320 34.553
676.350 4.580 36.107
676.360 4.640 37.920
676.380 4.500 24.302
676.390 4.600 37.191
676.400 4.750 26.452
676.410 4.230 37.366
676.420 4.840 38.212
676.430 4.450 32.169
676.460 4.140 31.394
676.480 4.310 39.633
676.490 4.170 29.038
676.500 4.350 40.972
676.510 4.560 32.355
676.530 4.400 31.574
676.540 4.650 14.399
676.570 4.900 32.525
676.580 4.320 37.816
676.600 4.580 37.944
676.610 4.580 42.488
676.620 4.630 41.550
676.630 4.070 41.040
676.640 4.480 44.739
676.650 4.210 28.921
676.660 4.010 32.481
676.670 4.360 28.550
676.680 4.300 44.599
676.690 4.290 36.310
676.700 3.920 29.793
676.710 3.930 37.722
676.720 4.320 34.646
676.740 4.620 32.433
676.780 4.710 38.025
676.800 4.880 15.196
676.810 4.130 38.653
676.840 4.700 41.089
676.950 4.720 42.982
676.970 4.560 33.057
676.980 4.300 35.617
676.990 4.260 35.214
677.010 4.460 42.612
677.060 4.360 32.439
677.070 4.360 23.448
677.090 4.250 39.413
677.120 4.410 34.198
677.130 4.030 33.875
677.150 4.080 37.688
677.160 4.570 33.802
677.170 4.200 38.096
677.180 4.850 35.931
677.190 4.830 29.778
677.200 4.990 25.305
677.220 4.380 33.019
677.240 3.740 32.229
677.260 4.930 34.290
677.280 4.190 34.573
677.290 4.190 31.807
677.300 4.500 39.017
677.330 4.860 10.981
677.340 4.690 32.090
677.360 4.490 44.283
677.370 4.770 26.267
677.380 4.420 36.767
677.420 4.770 26.837
677.430 4.850 21.301
677.440 4.680 31.375
677.450 4.480 41.296
677.460 4.360 40.249
677.470 4.180 35.768
677.480 4.360 32.193
677.490 4.550 41.110
677.500 4.180 38.360
677.510 4.570 25.038
677.520 4.290 42.231
677.530 4.400 43.648
677.540 4.670 14.065
677.550 4.250 31.205
677.580 4.480 30.631
677.600 4.540 31.473
677.610 4.160 32.470
677.620 4.300 34.984
677.630 4.300 34.251
677.650 4.640 42.750
677.690 4.020 41.676
677.720 4.300 40.924
678.250 4.760 18.879
678.260 4.750 34.962
678.290 4.320 33.888
678.300 3.990 36.535
678.310 4.710 24.060
678.350 3.830 23.030
678.370 3.870 28.475
678.390 4.720 36.911
678.400 4.160 36.331
678.410 4.040 22.665
678.420 4.800 27.006
678.430 3.940 33.937
678.440 4.100 24.591
678.450 4.430 43.425
678.470 4.220 39.158
678.480 4.460 31.099
678.520 4.160 36.923
678.530 4.490 35.315
678.540 4.290 22.799
678.550 4.060 43.160
678.570 4.640 40.148
678.580 4.150 31.617
678.590 4.120 43.395
678.600 4.000 41.856
678.620 4.210 35.713
678.650 4.710 30.601
678.700 4.030 36.899
678.790 4.520 36.356
678.830 4.310 39.200
678.840 4.210 36.075
678.850 4.570 35.370
678.880 4.700 41.660
678.910 4.430 42.724
678.930 4.330 36.171
678.960 4.860 22.300
678.970 4.400 31.079
678.980 4.670 38.410
678.990 4.820 33.995
679.000 4.660 31.024
679.010 4.640 33.707
679.020 4.580 35.536
679.120 4.440 40.635
679.160 4.140 30.847
679.180 4.480 31.738
679.190 4.590 32.140
679.270 4.510 35.213
679.280 4.630 30.433
679.410 4.720 34.765
679.420 4.730 43.482
679.430 4.480 35.301
679.440 4.540 42.616
679.450 4.760 26.518
679.460 4.760 28.087
679.930 4.290 42.700
679.940 4.510 26.367
679.950 4.910 34.427
679.960 4.420 35.302
679.980 4.470 41.064
680.030 4.610 40.819
680.050 4.230 40.678
680.060 4.620 40.977
680.210 4.820 28.432
680.220 4.420 40.453
680.230 4.640 42.107
680.240 4.750 27.021
680.260 4.860 42.608
680.270 4.120 27.801
680.280 4.260 26.913
680.290 4.610 32.589
680.310 4.360 41.330
680.330 4.320 44.133
680.340 4.430 38.682
680.350 4.380 34.909
680.370 4.380 40.351
680.380 4.440 34.391
680.390 4.080 35.983
680.400 4.310 41.608
680.410 4.430 27.196
680.440 4.210 29.822
680.450 4.250 38.981
680.460 4.550 22.041
680.470 4.890 15.084
680.480 4.180 36.726
680.490 4.270 33.025
680.510 4.660 38.270
680.540 4.420 36.232
680.550 4.430 42.512
680.560 4.310 36.097
680.570 4.330 27.216
680.580 4.460 33.726
680.590 4.790 31.956
680.600 4.380 37.368
680.630 4.170 39.635
680.640 4.590 33.508
680.660 4.170 35.264
680.670 4.560 30.447
680.690 4.110 44.263
680.700 4.370 29.225
680.710 4.460 36.076
680.720 4.740 24.375
680.770 4.610 36.264
680.780 3.920 32.933
680.790 4.370 32.164
680.800 3.940 31.441
680.810 4.780 37.542
680.830 4.400 31.764
680.860 4.270 35.858
680.870 4.470 34.186
680.880 4.390 22.052
680.890 4.030 40.864
680.900 4.350 30.677
680.940 4.630 42.725
680.960 4.560 29.603
680.980 4.350 43.478
680.990 4.630 39.276
681.000 4.220 39.078
681.020 4.120 41.243
681.030 4.820 36.917
681.040 4.550 27.316
681.050 4.490 37.461
681.100 4.700 42.431
681.110 4.510 21.180
681.140 4.080 27.131
681.170 4.590 31.566
681.200 4.160 37.357
681.210 4.550 38.043
681.260 4.400 24.219
681.290 4.600 27.573
682.330 3.950 37.851
682.340 3.910 25.549
682.360 4.060 40.477
682.370 4.310 40.064
682.380 4.890 33.185
682.410 4.030 33.203
682.430 4.590 40.382
682.440 4.900 43.549
682.450 4.490 43.813
682.460 4.060 27.328
682.470 4.360 31.579
682.490 4.020 36.515
682.500 4.680 21.210
682.740 4.150 39.865
682.760 4.450 39.555
682.780 4.650 35.884
682.830 4.160 29.937
682.840 4.010 21.730
682.850 3.810 35.090
682.900 4.630 39.794
682.910 4.770 37.604
682.960 4.400 41.228
683.000 4.700 31.168
683.070 4.670 34.101
683.110 4.690 42.135
683.160 4.530 34.399
683.170 4.090 28.240
683.180 4.250 33.942
683.210 4.210 34.919
683.220 4.090 35.429
683.230 4.210 41.399
683.260 4.640 39.889
683.290 4.130 40.777
683.310 4.640 26.490
683.320 4.450 38.105
683.330 3.690 32.121
683.340 4.700 40.550
683.460 4.880 38.241
683.470 4.230 29.595
683.490 4.370 23.771
683.500 4.280 37.079
683.530 4.720 44.581
683.540 4.350 25.100
683.580 4.350 43.723
683.650 4.800 37.130
683.660 4.490 30.760
683.680 4.500 17.387
683.700 4.500 36.877
683.710 3.820 31.474
683.720 3.930 26.604
683.740 4.210 39.730
683.750 3.720 37.783
683.760 3.980 37.519
683.780 4.590 42.533
683.790 3.980 27.025
683.800 4.100 44.190
683.970 4.330 30.139
683.990 4.420 38.339
684.000 4.070 34.133
684.010 4.320 36.244
684.030 3.990 41.917
684.040 4.400 31.065
684.060 4.540 22.306
684.120 4.250 41.827
684.190 4.820 37.259
684.240 4.950 34.924
684.270 4.340 19.656
684.300 4.230 32.621
684.310 4.640 38.858
684.320 4.130 34.301
684.340 4.500 39.485
684.350 4.310 29.218
684.360 4.280 44.773
684.370 4.070 43.777
684.390 4.130 41.705
684.400 3.890 21.550
684.430 4.150 43.416
684.440 4.990 37.630
684.450 4.180 31.811
684.460 4.190 35.861
684.470 4.150 19.496
684.480 4.110 37.051
684.490 4.620 34.424
684.500 4.510 35.972
684.550 4.690 40.957
684.700 4.070 39.335
684.710 4.660 27.426
684.720 4.230 31.917
684.800 4.230 24.002
684.840 4.940 40.365
684.860 4.280 39.711
684.880 4.490 39.078
684.890 4.500 35.094
684.900 4.360 13.510
684.980 4.780 36.293
685.000 4.480 41.291
685.070 4.480 37.797
685.090 4.180 34.429
685.100 4.190 44.862
685.110 4.850 39.425
685.120 3.930 29.801
685.130 4.210 24.208
685.290 4.550 38.868
685.300 4.870 36.505
685.370 4.670 39.855
685.380 4.480 36.812
685.390 4.960 42.029
685.410 4.270 27.964
685.420 4.910 42.842
685.430 4.200 35.490
685.460 4.140 33.697
685.510 4.720 35.535
685.520 4.430 41.210
685.530 4.970 38.275
685.580 4.530 42.996
685.600 4.590 37.140
685.610 4.100 37.657
685.620 4.320 34.571
685.700 4.940 36.500
685.770 4.840 30.522
685.800 4.200 28.191
685.810 4.510 30.280
685.830 4.250 31.220
685.840 4.150 42.912
685.850 4.410 25.049
685.860 4.810 26.713
686.050 4.280 25.128
686.060 4.630 39.170
686.080 4.780 33.689
686.140 4.560 43.300
686.150 4.440 34.365
686.180 4.790 42.776
686.200 4.690 33.423
686.210 4.530 35.830
686.250 4.530 35.921
686.260 4.320 27.957
686.270 4.490 37.655
686.290 4.430 33.873
686.300 4.790 30.671
686.320 4.200 33.848
686.330 4.020 37.762
686.340 4.430 40.222
686.360 4.370 44.587
686.390 4.120 33.324
686.430 4.530 37.787
686.440 4.060 37.489
686.450 4.930 31.629
686.460 4.750 32.681
686.480 4.340 27.728
686.490 4.440 42.534
686.500 4.420 29.856
686.540 4.860 27.041
686.550 4.370 30.002
686.580 4.500 21.449
686.600 4.880 2.132
686.610 4.810 36.968
686.620 4.520 39.958
686.630 4.650 40.526
686.680 4.290 18.204
686.740 4.650 35.835
686.750 4.850 44.900
686.790 4.070 39.939
686.830 4.850 38.007
686.840 4.210 42.160
686.910 4.680 41.185
687.010 4.990 32.614
687.030 4.650 36.166
687.050 4.320 43.342
687.090 4.280 41.709
687.100 3.820 39.753
687.110 4.180 35.431
687.120 4.810 33.996
687.140 4.170 28.513
687.150 4.210 44.063
687.160 4.400 31.745
687.170 4.690 33.436
687.180 4.850 37.177
687.190 4.410 31.938
687.210 4.200 35.131
687.230 4.500 16.719
687.240 4.680 41.598
687.250 4.710 31.554
687.260 4.740 28.884
687.280 4.790 39.641
687.310 4.530 23.654
687.320 4.020 26.758
687.330 4.130 44.539
687.340 4.080 34.197
687.360 4.830 31.919
687.370 4.740 43.674
687.390 4.040 34.833
687.430 4.420 28.119
689.250 4.520 25.517
689.260 3.900 38.900
689.270 3.720 17.797
689.290 4.330 37.220
689.300 4.010 43.276
689.330 4.790 33.448
689.350 4.320 42.977
689.360 4.710 38.562
689.370 4.780 40.800
689.380 4.570 22.957
689.400 4.640 25.753
689.440 4.550 42.185
689.470 3.990 33.980
689.480 4.160 39.205
689.550 4.170 40.947
689.560 4.740 30.651
689.570 4.090 40.446
689.590 4.420 34.687
689.600 4.100 42.385
689.610 4.840 29.869
689.620 4.420 37.654
689.650 4.550 20.811
689.890 4.850 32.880
690.330 4.900 32.517
690.340 4.960 33.438
690.540 4.750 38.741
690.610 4.600 23.098
690.710 4.300 36.173
690.720 4.450 42.493
690.730 4.800 15.289
690.740 4.340 13.620
690.750 4.360 43.697
690.790 4.160 11.189
690.810 4.170 7.379
690.980 4.530 36.685
