# time(ns) distance (A) angle (deg)
3.270 4.770 87.058
3.330 4.950 77.888
3.340 4.970 85.078
3.390 5.310 68.688
3.400 4.900 84.865
3.460 5.450 67.032
3.520 4.960 81.034
3.770 4.610 89.040
3.820 3.890 72.628
3.870 4.040 70.471
3.910 4.650 86.162
4.000 4.960 84.627
4.130 4.330 89.524
4.190 5.970 64.228
4.220 4.190 81.002
4.240 4.400 68.307
4.250 4.180 81.324
4.270 4.180 89.497
4.280 3.800 88.420
4.350 4.840 87.746
4.390 5.000 81.041
4.440 4.680 82.249
4.490 5.390 56.164
4.530 4.300 89.858
4.640 4.610 86.987
4.670 4.730 40.955
4.680 4.750 68.227
4.700 4.330 89.010
4.710 5.310 56.107
4.720 5.040 84.598
4.780 4.620 84.749
4.800 4.490 72.653
4.960 4.760 80.657
5.190 4.400 84.469
5.200 5.020 82.869
5.220 5.030 82.438
5.230 4.270 80.708
5.270 3.850 85.134
5.480 5.910 76.484
5.510 5.830 85.930
5.520 5.850 80.026
5.600 5.170 68.912
5.620 5.530 86.584
5.670 5.910 80.841
5.680 5.880 74.293
5.710 5.990 72.382
5.720 5.880 71.124
5.790 5.100 86.906
5.930 5.160 80.987
6.000 4.940 89.021
6.040 5.400 67.172
6.050 4.820 89.186
6.110 4.240 88.877
6.150 4.580 66.736
6.160 4.580 85.124
6.300 4.820 87.611
6.380 4.990 83.627
6.490 4.520 54.232
6.580 4.220 72.456
6.590 4.560 60.975
6.600 4.450 62.554
6.610 4.460 88.805
6.620 4.230 54.934
6.630 4.340 54.149
6.640 4.290 74.957
6.650 4.090 54.650
6.660 3.990 64.137
6.670 3.790 79.724
6.680 4.450 55.681
6.690 4.510 57.429
6.700 4.620 78.066
6.710 3.970 66.127
6.720 4.170 77.751
6.740 4.040 43.939
6.750 4.690 88.255
7.100 5.060 83.098
7.150 4.100 89.401
7.160 4.390 76.511
7.420 5.480 69.811
7.520 4.430 89.362
7.850 5.910 47.859
8.250 5.280 87.954
8.280 5.380 87.620
8.330 4.890 83.272
8.390 4.660 80.428
8.980 5.970 80.435
8.990 5.230 76.841
9.040 5.290 57.787
9.060 5.150 69.863
9.080 4.450 83.280
9.100 4.190 84.045
9.120 4.440 76.155
9.150 4.430 77.382
9.190 3.920 59.592
9.250 5.170 61.194
9.260 4.820 88.522
9.290 4.030 85.126
9.320 3.990 87.319
9.360 4.480 84.074
9.420 4.130 82.739
9.430 3.720 74.845
9.470 3.890 89.049
9.500 4.260 80.414
9.530 5.150 85.419
9.540 5.090 89.928
9.600 4.730 89.177
9.620 4.380 83.174
9.630 3.860 83.369
9.650 4.620 87.824
9.670 5.450 84.768
9.680 4.680 84.232
9.880 5.570 84.043
9.930 4.090 77.931
9.940 3.850 81.010
9.950 4.250 85.888
9.980 4.560 77.005
10.020 4.030 76.168
10.040 4.240 88.260
10.070 4.260 85.053
10.090 3.770 86.760
10.130 5.390 70.638
10.140 4.930 83.418
10.150 4.320 79.957
10.180 4.000 88.704
10.220 4.460 87.685
10.280 3.820 83.947
10.320 4.440 75.417
10.350 5.550 59.774
10.400 4.290 77.922
10.410 4.160 83.802
10.440 4.150 76.606
10.460 4.090 81.883
10.490 4.570 82.359
10.510 5.390 39.707
10.560 4.790 61.826
10.600 4.230 79.179
10.650 4.930 84.227
10.690 5.360 83.820
10.700 5.040 85.183
10.760 5.080 71.194
10.810 4.000 87.521
10.840 4.260 82.281
10.860 4.390 89.959
10.890 4.020 80.798
10.940 4.960 88.412
11.040 4.130 89.071
11.080 4.130 76.991
11.110 3.810 81.028
11.140 4.870 87.278
11.150 4.670 81.085
11.160 5.220 68.735
11.250 4.060 83.433
11.280 5.310 65.645
11.310 4.900 87.528
11.440 4.060 87.684
11.450 4.220 80.226
11.510 4.380 84.597
11.530 4.300 70.541
11.570 4.250 78.201
11.580 4.920 78.184
11.620 3.910 84.131
11.630 4.670 79.665
11.660 4.070 89.685
11.670 4.070 86.021
11.720 4.340 89.151
11.750 4.100 83.548
11.760 5.120 75.147
11.770 4.680 52.243
12.840 4.310 79.714
12.850 5.690 79.209
12.870 5.600 86.916
12.920 5.360 89.411
13.230 5.150 60.187
13.390 4.730 86.994
13.560 4.090 87.069
13.600 4.960 87.009
13.620 4.920 74.472
13.640 4.370 76.415
13.670 5.350 80.209
13.700 4.810 87.426
13.710 5.420 88.617
13.780 4.260 70.705
13.790 3.940 66.976
13.810 4.420 48.810
13.820 4.550 69.256
13.840 4.150 49.030
13.850 4.530 78.337
13.890 4.190 86.233
13.900 4.180 57.578
13.910 4.110 58.207
13.920 4.260 63.986
13.930 4.860 67.970
13.940 4.350 46.722
13.950 3.980 50.831
13.960 3.930 85.245
13.970 4.240 63.697
13.980 4.560 21.853
13.990 4.330 69.572
14.000 4.220 73.749
14.010 4.960 53.965
14.020 4.540 79.042
14.030 3.950 51.227
14.040 4.220 39.666
14.050 4.330 38.406
14.060 3.810 67.315
14.070 4.750 71.532
14.080 4.110 49.491
14.100 4.500 42.713
14.110 4.620 85.963
14.210 4.050 81.189
14.350 4.240 50.505
14.360 4.080 86.340
14.460 4.430 88.123
14.600 4.090 82.850
14.640 4.390 87.593
14.650 4.460 68.353
14.660 4.750 84.095
14.680 4.280 88.528
14.710 4.840 62.576
14.770 4.640 88.272
14.880 5.130 75.640
14.960 4.670 79.955
14.970 4.680 84.320
15.100 3.870 75.138
15.130 4.150 85.049
15.140 4.350 76.575
15.150 4.920 54.942
15.160 5.460 89.371
15.180 4.370 86.510
15.220 4.840 84.658
15.320 4.350 85.877
15.340 4.520 89.480
15.370 4.770 71.342
15.380 4.390 89.272
15.600 4.840 87.984
15.610 4.300 80.377
15.740 5.440 84.978
15.770 4.380 76.834
15.780 4.300 83.878
15.980 4.570 87.739
16.140 4.550 88.831
16.150 3.900 89.581
16.260 5.050 88.344
16.280 4.660 79.760
16.290 5.870 76.427
16.320 4.850 82.764
16.330 4.200 79.723
16.350 4.380 83.388
16.400 4.280 81.350
16.460 4.460 89.823
16.470 4.910 83.938
16.480 5.020 57.428
16.490 5.210 73.552
16.540 4.100 71.696
16.600 4.310 85.074
16.640 4.430 78.417
16.650 4.190 59.462
16.670 4.430 85.434
16.720 4.010 84.747
16.730 4.330 84.283
16.740 4.130 83.799
16.750 4.740 83.694
16.760 4.220 80.651
16.770 4.580 33.947
16.780 4.400 66.379
16.820 3.890 89.315
16.870 5.880 79.762
16.930 4.900 88.597
16.940 5.230 86.457
16.990 4.510 62.676
17.040 4.880 55.687
17.080 5.790 76.192
17.090 5.900 77.593
17.100 5.650 87.665
17.130 5.880 78.649
17.220 5.800 75.061
17.330 4.330 87.862
17.400 4.760 84.548
17.450 4.420 84.180
17.470 5.520 78.972
17.540 4.410 85.192
17.570 5.190 88.262
17.580 5.290 87.959
17.620 4.200 71.472
17.630 4.360 83.121
17.690 5.620 86.001
17.700 5.730 84.763
17.780 5.870 79.432
17.990 4.800 83.521
18.010 5.510 83.511
18.040 5.200 89.064
18.100 4.400 86.071
18.130 4.430 78.835
18.140 3.950 76.850
18.150 4.170 89.417
18.160 4.850 85.743
18.260 4.450 82.533
18.290 4.560 89.181
18.300 4.010 83.263
18.340 4.350 79.716
18.370 5.340 78.016
18.470 4.110 84.922
18.520 4.080 84.246
18.590 4.590 82.393
18.640 5.900 63.051
18.650 5.570 76.232
18.660 4.950 89.549
18.700 4.350 84.660
18.710 4.860 87.695
18.720 5.690 82.325
18.780 4.200 86.912
18.790 4.600 85.748
18.900 5.130 87.731
18.910 4.510 85.555
18.930 3.920 84.043
18.980 4.120 89.761
19.000 4.110 89.626
19.020 4.920 59.139
19.030 4.880 80.258
19.050 5.140 84.247
19.110 5.560 79.916
19.120 5.160 73.345
19.130 5.370 75.487
19.140 4.830 86.122
19.410 4.640 88.502
19.450 4.580 85.962
19.460 4.870 81.617
19.500 4.470 87.275
19.510 4.750 72.085
19.550 4.810 72.302
19.560 4.680 82.150
19.570 4.360 78.978
19.580 5.040 58.665
19.640 5.050 78.480
19.650 4.910 82.596
19.700 5.330 83.890
19.780 5.640 51.308
19.850 4.640 66.176
19.860 4.700 81.880
19.920 4.650 63.703
19.930 4.620 64.464
19.950 4.860 60.635
19.960 4.200 85.654
19.970 4.620 87.226
20.020 5.030 76.822
20.160 4.600 83.335
20.200 3.680 76.119
20.210 4.450 61.339
20.220 4.270 76.710
20.240 4.940 89.687
20.260 4.450 87.438
20.270 4.100 79.257
20.380 5.070 63.006
20.400 5.330 77.770
20.430 5.270 86.427
20.480 5.420 74.639
20.500 4.870 78.743
20.550 4.340 89.442
20.560 4.300 83.084
20.570 5.580 79.112
20.590 5.060 81.852
20.620 4.770 89.162
20.630 4.970 78.768
20.740 5.460 83.411
20.760 4.780 78.097
20.780 4.780 75.481
20.790 5.810 82.064
20.810 5.460 87.190
21.030 4.840 81.319
21.040 4.470 81.711
21.080 4.670 84.357
21.090 4.560 89.891
21.220 4.210 86.594
21.270 4.740 69.628
21.340 4.790 81.720
21.360 4.800 67.068
21.490 4.530 86.327
21.530 3.700 83.162
21.550 3.990 77.227
21.560 3.910 79.854
21.570 3.700 87.449
21.600 4.140 80.069
21.610 3.990 84.502
21.770 4.400 88.511
21.840 5.780 84.504
24.680 5.950 68.494
24.840 4.470 86.006
24.850 4.830 89.117
24.900 4.270 82.283
24.910 4.310 83.514
24.990 4.930 62.026
25.000 5.210 61.353
25.010 5.360 70.832
25.020 4.850 83.080
25.070 3.630 87.829
25.110 4.410 86.814
25.140 4.470 87.653
25.180 5.050 84.701
25.250 4.470 64.280
25.280 4.530 76.509
25.290 4.600 87.437
25.400 5.180 85.376
25.410 4.260 88.029
25.430 4.500 81.412
25.440 4.930 77.877
25.460 4.320 79.741
25.470 4.190 88.794
25.490 4.870 82.822
25.600 4.620 88.748
25.630 4.390 86.029
25.660 4.040 78.411
25.680 4.930 86.434
25.690 5.200 89.389
25.710 4.750 80.841
25.720 4.030 88.916
25.730 4.610 65.264
25.740 5.680 69.820
25.750 5.020 83.553
25.820 5.910 79.635
25.880 4.550 87.218
25.920 4.670 76.628
25.930 4.200 85.518
25.940 4.220 79.831
25.970 3.810 76.608
25.980 5.410 68.913
26.000 4.680 66.804
26.150 6.000 82.634
26.200 3.710 82.255
26.220 4.110 83.969
26.230 4.580 80.450
26.240 4.960 72.059
26.250 4.730 81.544
26.300 4.260 80.223
26.310 4.160 85.135
26.320 4.700 77.020
26.330 4.360 86.275
26.340 3.820 89.792
26.350 3.750 85.482
26.370 3.820 89.983
26.400 4.080 79.308
26.480 5.560 80.698
42.410 5.940 21.890
42.420 5.920 36.791
48.200 5.710 74.712
48.290 5.180 87.411
48.320 4.250 85.648
48.350 5.220 76.576
48.390 4.430 86.070
48.430 4.580 83.474
48.440 4.180 87.435
48.500 4.470 76.980
48.570 5.290 73.758
48.580 4.370 84.132
48.640 4.330 86.792
48.720 4.370 78.254
48.750 4.860 88.326
48.850 4.680 88.808
48.890 4.520 81.512
48.900 4.960 85.105
48.930 3.670 83.262
48.970 5.970 75.915
48.990 3.960 88.243
49.000 4.310 80.865
49.070 4.240 83.471
49.130 4.680 75.070
49.140 4.630 84.833
49.170 3.630 85.342
49.190 4.700 82.303
49.260 4.870 88.950
49.320 4.580 73.416
49.330 6.000 68.923
49.400 4.190 88.876
49.410 4.180 72.936
49.420 3.900 83.353
49.570 5.760 82.857
49.580 4.000 87.244
49.620 5.160 89.034
49.630 4.370 84.946
49.640 5.150 87.613
49.650 5.200 75.286
49.670 4.450 86.238
49.700 5.110 79.920
49.720 4.140 75.039
49.730 4.210 82.290
49.780 5.160 82.709
49.820 3.990 72.275
49.830 4.680 77.234
49.860 3.620 86.710
49.950 4.210 84.822
49.960 4.050 83.027
49.980 5.140 89.456
50.020 5.170 71.238
50.250 5.120 77.669
50.540 4.580 85.584
50.550 4.460 76.987
50.570 4.800 80.369
50.620 4.410 89.858
50.670 4.410 80.433
50.690 4.990 87.915
50.700 4.390 79.999
50.710 5.710 81.132
50.720 4.560 72.024
50.730 4.120 88.711
50.740 4.630 80.011
50.750 4.470 81.320
50.760 5.330 69.863
50.780 5.410 79.053
50.810 4.530 62.372
50.820 4.210 87.235
50.850 4.150 60.620
50.890 5.080 75.024
50.900 4.640 75.553
50.910 4.920 87.438
50.930 4.090 87.560
50.960 4.990 89.392
50.970 4.090 78.642
51.010 4.750 84.059
51.030 4.400 83.455
51.090 4.760 83.284
51.120 4.820 81.063
51.140 4.910 80.033
51.150 4.480 78.332
51.300 5.060 78.602
51.320 4.770 72.386
51.430 5.330 84.394
51.440 5.180 80.864
51.450 5.900 60.385
51.460 4.070 89.022
51.520 4.660 89.840
51.540 4.070 78.034
51.710 5.200 85.583
51.810 4.280 82.856
51.890 4.560 62.418
51.900 4.940 72.829
51.910 4.360 83.332
51.920 4.100 77.723
52.040 5.070 71.153
52.060 4.910 78.137
52.280 4.250 69.877
52.510 4.090 88.750
52.590 4.010 89.411
52.610 4.020 87.959
52.720 4.710 84.509
52.730 3.960 86.370
52.740 4.310 88.856
52.770 4.460 84.160
52.900 4.570 84.869
52.920 5.010 62.305
52.940 4.780 89.137
52.950 4.190 85.793
52.960 5.500 89.595
52.970 4.080 85.758
52.980 5.060 73.840
53.030 4.410 87.504
53.050 4.830 78.198
53.060 5.000 85.752
53.110 5.800 73.143
53.120 5.360 73.363
53.130 4.140 76.964
53.140 4.180 85.290
53.170 4.510 59.877
53.180 4.170 78.561
53.220 5.340 67.472
53.310 4.910 85.572
53.320 4.350 88.522
53.450 3.950 84.522
53.490 3.840 88.680
53.520 5.420 82.261
53.560 4.840 71.574
53.600 4.470 74.685
53.610 4.420 77.365
53.780 4.390 86.125
53.810 5.200 87.873
53.850 4.430 71.752
53.870 4.430 80.451
53.900 4.190 89.426
53.940 5.120 62.812
53.970 4.040 78.788
53.990 4.510 82.760
54.060 4.260 84.709
54.080 4.440 85.333
54.100 4.400 85.477
54.150 4.380 87.596
54.170 4.820 84.391
54.190 4.710 82.225
54.330 4.290 87.194
54.420 4.990 79.657
54.460 5.730 80.405
54.470 5.880 82.563
54.480 5.920 83.772
54.550 4.390 86.719
54.580 4.270 84.341
54.610 3.600 85.040
54.630 4.060 75.674
54.660 4.040 89.907
54.680 4.710 73.329
54.690 4.980 79.264
54.980 5.000 84.204
55.000 5.270 83.668
55.460 6.000 70.627
55.490 5.300 84.415
55.870 5.960 74.360
56.120 5.920 77.825
56.240 5.640 45.833
56.290 5.080 89.712
56.370 4.330 85.881
56.380 5.060 83.871
56.430 4.260 85.805
56.440 4.100 85.915
56.550 4.720 89.830
56.760 4.510 84.446
56.780 4.320 85.861
56.790 4.810 74.439
56.860 4.360 69.699
56.990 5.550 88.536
57.150 5.380 86.094
57.160 5.230 87.634
57.170 4.650 77.508
57.180 5.040 89.450
57.220 4.770 79.314
57.260 4.650 81.199
57.290 4.220 70.567
57.300 4.240 63.441
57.380 4.270 88.191
57.390 4.900 77.171
57.400 4.390 81.014
57.420 4.060 82.748
57.480 5.330 75.076
57.520 4.630 72.328
57.550 4.400 81.154
57.570 4.930 82.551
57.600 4.960 74.807
57.620 4.350 87.899
57.650 4.580 73.600
57.690 4.610 82.783
57.720 4.830 83.951
57.730 4.990 87.234
58.120 5.930 63.807
58.130 5.230 88.954
58.150 5.490 88.274
58.180 5.990 89.913
58.190 4.390 81.466
58.220 4.850 69.776
58.240 5.400 72.759
58.250 4.350 89.854
58.270 5.140 79.477
58.350 3.750 85.744
58.390 4.770 84.463
58.530 4.040 85.347
58.610 4.360 85.874
58.670 4.560 72.108
58.770 4.200 85.565
58.830 4.480 79.075
58.860 4.240 81.685
58.870 5.650 80.195
58.900 3.600 86.774
58.910 5.040 87.593
58.920 5.100 61.450
58.950 5.330 81.300
58.970 5.140 88.652
58.980 4.520 87.913
58.990 4.470 75.377
59.000 4.840 83.743
59.010 4.540 85.706
59.020 4.400 82.606
59.050 5.080 84.250
59.090 4.550 73.514
59.120 4.670 86.365
59.130 4.350 77.147
59.160 4.290 74.614
59.210 5.240 80.980
59.250 4.510 78.253
59.260 4.120 81.251
59.280 4.680 82.981
59.300 4.430 70.471
59.330 4.380 83.011
59.340 4.780 77.748
59.350 4.160 86.507
59.400 3.780 88.468
59.430 4.720 89.767
59.440 4.770 70.626
59.450 4.170 73.612
59.500 4.380 73.807
59.510 4.670 82.188
59.560 4.310 86.063
59.570 3.750 87.615
59.610 4.440 82.670
59.630 4.570 80.318
59.690 4.640 84.149
59.710 4.600 79.160
59.780 4.810 75.954
59.930 5.810 86.822
59.960 5.290 80.884
60.000 4.850 68.679
60.030 4.200 81.825
60.040 4.400 87.979
60.060 4.550 89.276
60.190 4.040 75.596
60.200 4.220 76.162
60.250 4.080 77.233
60.280 4.320 87.600
60.300 4.860 89.145
60.390 3.960 75.534
60.400 4.520 70.553
60.420 4.430 72.815
60.520 4.760 87.562
60.560 5.240 75.813
60.620 5.180 85.976
60.710 3.670 87.479
60.750 4.340 85.079
60.760 4.140 83.151
60.770 4.380 87.878
60.800 4.320 86.699
60.850 3.860 89.112
60.900 4.290 83.608
60.920 4.220 83.343
60.950 4.350 78.979
60.990 3.990 89.029
61.020 4.420 74.202
61.040 4.900 87.041
61.060 5.410 85.356
61.170 4.400 79.062
61.180 4.110 87.660
61.220 4.490 75.058
61.330 4.540 83.952
61.360 4.880 68.548
61.480 5.720 78.235
61.540 4.150 89.880
61.600 4.570 80.101
61.620 4.590 82.433
61.630 5.130 87.758
61.640 3.990 81.385
61.710 4.120 78.355
61.720 3.860 78.662
61.730 4.320 66.770
61.780 4.350 72.214
61.810 4.620 77.877
61.900 4.390 81.860
61.920 5.150 83.674
61.940 4.500 87.142
61.950 4.980 88.814
62.020 3.910 83.636
62.050 5.000 72.803
62.100 4.220 88.875
62.110 4.300 83.842
62.200 3.900 89.725
62.210 4.130 79.615
62.230 4.400 71.182
62.240 4.540 77.569
62.270 4.370 89.139
62.280 4.610 73.840
62.290 3.860 86.746
62.370 3.800 89.844
62.380 4.490 89.435
62.460 4.410 88.549
62.480 4.510 65.903
62.490 4.460 80.163
62.510 4.060 81.157
62.520 4.280 84.046
62.630 4.410 89.934
62.650 4.290 78.968
62.690 3.980 78.214
62.700 5.040 77.614
62.750 4.170 86.404
62.800 4.340 79.195
62.820 4.630 80.227
62.900 5.020 82.666
63.100 5.710 65.089
63.120 5.500 80.042
63.180 5.360 32.087
63.270 4.770 80.462
63.310 4.750 89.058
63.800 5.980 78.441
63.810 5.120 72.454
63.820 5.510 83.016
63.840 5.000 70.424
63.850 4.400 87.885
63.860 5.500 69.632
63.870 5.180 85.584
63.880 5.380 87.756
63.890 3.830 83.470
63.920 5.260 74.683
63.970 4.930 89.011
63.990 4.890 88.522
64.050 4.280 89.052
64.110 3.900 85.050
64.120 3.980 75.437
64.150 4.370 88.510
64.180 4.100 81.414
64.270 4.850 83.295
64.290 4.710 81.133
64.330 4.140 87.000
64.340 4.890 85.482
64.360 4.550 83.621
64.380 4.870 85.910
64.400 4.470 84.189
64.410 4.070 86.726
64.530 3.920 83.028
64.610 4.840 75.383
64.700 4.030 84.018
64.750 5.150 82.399
64.780 4.660 75.421
64.790 4.960 82.381
64.810 5.070 75.736
64.890 5.110 79.157
64.930 4.830 65.323
64.960 4.650 70.463
64.980 4.000 81.393
65.030 4.150 78.710
65.040 4.430 89.766
65.110 4.170 74.991
65.140 4.680 85.980
65.200 4.330 83.754
65.250 4.030 89.149
65.270 4.390 81.646
65.280 4.300 87.229
65.370 4.920 82.107
65.410 4.110 89.185
65.420 4.070 87.465
65.430 4.160 76.682
65.460 4.390 88.057
65.490 5.120 75.319
65.510 4.330 61.757
65.950 4.900 88.174
65.960 4.270 81.371
65.970 3.920 81.072
65.990 3.730 84.321
66.000 4.460 79.923
66.140 4.690 79.468
66.260 4.700 83.268
66.270 4.200 64.350
66.280 4.360 88.034
66.300 4.450 86.252
66.440 5.380 82.418
66.520 5.620 79.835
66.550 5.000 86.987
66.570 4.380 82.029
66.590 4.490 85.531
66.610 4.610 89.285
66.620 4.600 84.960
66.650 4.610 61.535
66.660 5.740 75.061
66.670 4.220 83.136
66.680 4.590 72.845
66.710 3.920 83.513
66.740 4.080 89.482
66.760 3.800 80.132
66.770 4.690 82.894
66.780 4.330 88.507
66.800 5.750 72.638
66.810 4.850 85.179
66.830 4.560 80.649
66.840 3.960 84.789
66.850 4.200 89.312
67.000 4.600 87.894
67.060 5.000 85.227
67.080 3.770 72.316
67.090 4.260 82.150
67.150 4.700 82.414
67.160 5.250 82.199
67.260 4.250 88.736
67.270 4.000 89.112
67.310 5.970 75.119
67.850 4.220 75.209
67.860 4.300 81.634
67.950 5.240 83.579
67.980 4.590 84.806
68.010 4.050 85.407
68.060 3.880 86.341
68.110 3.970 82.332
68.140 4.180 80.098
68.200 4.210 79.285
68.250 4.120 85.560
68.340 4.620 78.706
68.400 4.400 87.445
68.410 4.350 89.810
68.460 3.930 88.003
68.480 4.980 89.483
68.500 4.630 89.387
68.640 4.020 89.652
68.710 5.630 80.033
68.730 4.250 82.708
68.780 4.160 88.099
68.830 4.320 83.692
68.860 4.410 83.328
68.930 5.380 74.619
68.940 5.150 66.526
68.990 4.110 86.370
69.000 4.110 74.129
69.040 5.320 88.223
69.090 4.470 77.492
69.150 5.270 81.917
69.170 4.670 84.640
69.540 5.830 78.117
69.610 4.670 83.518
69.660 4.660 82.152
69.670 3.820 86.803
69.680 4.840 88.734
69.690 4.440 87.835
69.720 3.920 86.298
69.730 4.320 84.207
69.760 4.720 84.666
69.790 4.820 88.718
69.800 5.790 85.307
69.820 5.170 81.589
69.860 4.930 69.230
69.870 3.900 87.025
69.900 5.140 86.779
69.980 3.590 86.531
69.990 5.110 73.890
70.010 4.530 87.019
70.030 4.710 81.290
70.050 4.010 87.788
70.060 4.250 77.583
70.070 4.710 87.880
70.090 5.450 81.119
70.160 4.810 88.223
70.190 4.800 77.593
70.200 5.770 69.786
70.210 4.920 87.357
70.220 5.530 83.760
70.250 5.300 81.715
70.290 4.610 81.987
70.350 5.050 57.674
70.370 5.490 78.824
70.380 4.590 81.818
70.390 4.350 73.372
70.440 4.620 82.802
70.450 5.110 64.916
70.460 4.030 65.906
70.470 3.920 62.069
70.500 4.590 84.496
70.530 4.280 78.824
70.560 4.640 85.854
70.570 4.090 79.270
70.590 4.400 74.502
70.600 5.080 57.295
70.630 4.310 73.573
70.670 5.290 55.023
70.680 4.370 75.149
70.710 3.870 84.037
70.760 4.030 89.829
70.770 4.310 74.762
70.800 5.100 79.211
70.960 5.150 42.274
71.050 4.580 80.207
71.180 4.390 87.190
71.260 5.010 87.426
71.320 5.250 85.884
71.330 4.260 85.133
71.360 4.430 66.492
71.420 4.900 81.436
71.440 5.680 76.215
71.470 5.160 85.060
71.780 4.390 89.504
71.810 4.380 83.385
71.820 4.050 69.266
71.880 4.770 73.764
71.900 5.680 83.341
71.910 4.070 81.773
71.930 4.930 70.099
72.050 5.410 86.327
72.100 3.980 83.485
72.120 3.970 87.637
72.140 3.960 80.444
72.430 4.540 88.113
72.440 4.370 81.746
72.450 4.920 79.779
72.470 5.070 84.914
72.500 5.760 77.967
72.630 5.090 72.941
72.650 4.600 89.707
72.770 4.360 88.686
72.900 5.730 79.604
72.940 5.960 86.612
73.050 5.530 84.138
73.190 4.300 89.385
73.260 4.220 64.283
73.280 4.810 86.891
73.290 4.690 77.645
73.410 4.520 85.524
73.420 4.330 88.532
73.430 4.440 81.114
73.480 4.500 71.215
73.490 4.120 89.856
73.500 4.970 79.389
73.510 5.690 70.094
73.540 5.900 61.684
73.560 4.220 87.699
73.610 4.680 69.225
73.620 4.370 88.630
73.960 4.490 83.634
73.980 4.040 74.277
74.640 4.740 71.894
74.670 4.820 59.929
74.730 5.580 78.515
74.740 5.530 87.741
74.800 4.550 87.587
74.830 4.970 86.690
74.840 4.350 86.137
80.610 5.910 44.601
80.620 5.190 52.715
80.640 5.520 36.259
80.680 5.310 41.150
80.760 5.460 42.295
80.890 5.830 27.068
101.310 5.070 87.075
101.420 4.670 88.741
101.500 4.880 86.865
101.530 5.000 85.240
101.570 5.730 69.372
101.580 5.750 88.361
101.590 5.350 72.970
101.600 5.370 69.527
101.610 5.460 68.281
101.670 5.790 82.692
101.720 4.460 88.587
101.740 5.960 80.137
101.750 4.820 88.647
101.790 5.680 73.164
101.820 4.530 88.817
101.890 4.310 70.448
102.000 5.750 76.103
102.020 4.730 83.368
102.030 4.920 71.731
102.040 5.090 76.296
102.070 4.570 87.852
102.080 4.310 80.070
102.120 4.300 81.176
102.130 4.150 72.673
102.150 4.950 83.400
102.190 5.700 58.915
102.200 4.620 65.306
102.210 4.220 88.016
102.220 4.680 85.115
102.230 5.500 70.157
102.260 5.290 89.786
102.270 5.210 77.381
102.290 4.420 85.252
102.300 4.320 69.709
102.360 3.870 72.724
102.380 4.490 87.663
102.390 4.100 69.653
102.420 4.280 87.948
102.430 5.100 72.917
102.440 5.680 61.184
102.450 4.980 72.255
102.470 4.110 78.063
102.490 4.830 81.864
102.500 5.050 59.846
102.530 4.300 68.103
102.540 5.260 60.058
102.570 4.140 87.327
102.590 4.630 89.221
102.620 4.890 82.587
102.630 4.990 87.892
102.690 4.280 83.288
102.700 3.880 87.844
102.710 3.870 85.290
102.740 4.340 63.811
102.770 5.070 76.406
102.800 4.050 77.407
102.830 4.580 84.288
102.840 4.220 89.146
102.860 5.470 79.879
102.980 4.540 73.636
103.030 4.670 88.662
103.040 4.370 84.830
103.070 4.350 83.457
103.160 4.990 89.187
103.230 4.140 82.971
103.240 3.780 87.367
103.260 3.890 84.545
103.270 5.960 86.537
103.380 4.230 81.444
103.410 4.590 89.348
103.430 5.200 82.537
103.500 4.410 72.879
103.520 5.440 87.345
103.540 4.050 84.573
103.560 5.230 71.583
103.570 4.250 85.526
103.590 4.250 88.216
103.600 4.570 80.388
103.660 3.960 76.862
103.700 3.770 87.518
103.710 4.750 86.157
103.770 4.040 70.774
103.830 4.050 84.094
103.840 4.720 87.995
103.880 4.470 78.741
103.990 4.740 72.834
104.050 4.170 88.159
104.090 4.660 83.235
104.110 4.660 82.153
104.120 4.840 78.027
104.160 4.770 49.343
104.170 4.420 83.244
104.200 4.230 79.309
104.220 4.850 86.577
104.250 4.490 86.793
104.260 4.990 80.551
104.280 5.500 80.818
104.970 5.300 69.116
105.000 5.400 74.583
105.010 4.440 88.307
105.040 5.370 89.677
105.060 4.780 84.719
105.070 4.490 73.477
105.090 5.100 84.784
105.140 4.230 81.604
105.160 4.220 85.401
105.170 4.290 77.053
105.180 4.840 89.525
105.190 4.430 73.533
105.290 4.540 87.908
105.350 4.370 64.583
105.360 4.430 85.370
105.410 4.420 83.823
105.510 4.280 88.009
105.560 5.170 87.771
105.630 4.090 87.464
105.670 4.510 85.465
105.750 4.410 89.281
105.770 4.890 89.501
105.880 4.930 89.507
105.960 4.170 83.429
106.010 4.470 84.532
106.030 5.510 71.450
106.090 4.910 88.671
106.110 5.350 86.629
106.140 4.520 85.747
106.230 3.900 80.506
106.330 4.390 79.642
106.340 4.230 89.448
106.350 4.590 83.188
106.370 4.250 77.594
106.380 4.130 88.732
106.390 5.880 80.106
106.410 4.270 74.602
106.450 4.470 86.030
106.490 4.620 88.102
106.520 5.900 77.517
106.530 4.620 73.570
106.610 4.030 88.560
106.630 4.180 74.698
106.640 3.950 88.624
106.760 4.840 75.865
106.770 3.840 85.771
106.820 5.020 81.677
106.950 4.210 82.402
106.980 5.750 80.114
106.990 5.850 66.636
107.020 4.840 75.894
107.040 4.180 82.197
107.050 4.160 89.106
107.080 4.550 78.901
107.120 5.000 79.397
107.130 4.970 72.638
107.140 5.100 74.090
107.160 4.030 86.622
107.240 5.180 76.934
107.260 5.700 79.171
107.300 5.690 70.480
107.380 5.860 81.030
107.390 5.510 82.644
107.410 5.950 75.248
108.840 5.630 74.504
108.870 5.590 85.206
108.930 5.310 69.043
108.950 5.840 76.614
108.960 5.580 84.874
108.970 5.950 83.231
113.130 3.940 85.490
113.170 4.150 75.780
113.190 4.040 79.681
113.210 4.540 72.669
113.220 4.400 87.363
113.230 3.990 74.742
113.250 3.900 84.598
113.310 5.840 81.084
113.730 4.880 79.990
113.750 5.030 82.353
113.840 4.410 89.852
113.950 5.260 71.317
114.320 4.960 88.241
114.440 5.090 87.055
114.470 4.890 83.899
114.550 4.790 84.561
114.590 4.480 69.259
114.710 5.300 82.379
114.800 5.060 83.627
114.810 5.050 87.255
114.830 5.790 86.639
114.910 4.860 85.860
114.930 4.870 86.669
114.940 4.880 84.673
114.990 4.830 83.067
115.010 4.260 84.314
115.050 4.190 87.731
115.160 4.330 89.945
115.220 4.170 89.201
115.270 4.120 79.541
115.310 5.280 88.620
115.560 5.480 83.756
115.570 4.510 74.500
115.580 4.790 75.837
115.590 4.470 66.907
115.600 5.850 78.948
115.630 4.720 89.282
115.640 4.830 72.611
115.710 4.800 63.751
115.740 4.620 85.814
115.750 4.020 88.417
115.860 5.230 87.814
116.040 4.980 68.129
116.050 4.800 89.251
116.250 5.120 87.200
116.260 4.730 75.956
116.300 5.620 88.127
116.310 4.520 72.503
116.320 5.030 80.504
116.340 4.850 89.358
116.360 5.440 85.948
116.400 4.490 82.254
116.440 5.870 89.383
116.450 4.970 50.455
116.460 4.800 63.287
116.470 4.580 88.430
116.480 4.460 88.177
116.520 5.080 86.109
116.810 5.970 69.634
116.960 5.920 28.382
117.120 5.670 39.073
117.130 5.870 27.110
117.160 5.880 89.743
117.210 5.620 80.800
117.220 5.100 86.431
117.270 5.430 84.131
117.410 5.180 85.999
117.460 5.660 88.309
117.520 5.890 49.502
117.530 5.830 43.114
118.030 5.080 88.375
118.060 5.250 87.211
120.250 5.610 84.329
120.260 5.140 75.924
120.270 4.390 77.166
120.320 4.000 88.449
120.330 4.140 76.663
120.430 3.980 78.007
120.480 4.640 73.246
120.510 4.500 69.014
120.520 5.510 70.239
120.540 4.330 81.735
120.560 4.260 84.804
120.570 5.480 86.106
120.630 4.230 68.047
120.650 4.360 84.270
120.710 4.480 85.943
120.720 3.970 85.271
120.770 4.110 72.584
120.780 4.430 76.487
120.790 5.980 65.289
120.800 5.470 76.145
120.860 4.650 86.564
120.900 4.830 86.616
120.910 4.060 79.215
120.930 4.580 86.640
120.940 4.270 75.832
120.980 4.280 79.165
121.180 3.960 87.757
121.200 4.720 84.095
121.220 5.230 81.874
121.270 4.500 86.883
121.350 4.430 82.590
121.370 4.410 88.836
121.400 3.930 87.508
121.410 4.290 89.663
121.430 4.000 66.324
121.440 4.330 85.517
121.450 4.450 75.414
121.490 5.360 65.533
121.530 4.350 88.070
121.550 4.590 68.342
121.610 4.670 88.476
121.660 4.120 83.494
121.700 4.230 88.299
121.710 4.730 86.585
121.730 3.970 87.600
121.760 4.500 86.810
121.790 5.630 80.194
121.820 4.610 78.134
121.980 5.960 69.690
122.270 4.730 82.806
122.330 4.480 75.074
122.340 4.410 84.878
122.350 4.420 88.017
122.410 4.470 80.440
122.480 4.750 79.706
122.490 4.290 85.101
122.520 5.050 87.895
122.540 4.290 79.796
122.560 5.470 72.341
122.570 4.900 81.338
122.600 5.450 80.780
122.670 4.640 89.901
122.690 4.620 86.283
123.030 3.880 83.484
123.040 4.260 87.310
123.140 4.720 83.112
123.150 4.960 26.518
123.160 4.810 35.428
123.170 4.640 67.865
123.180 5.980 39.554
123.190 5.210 66.264
123.200 4.470 61.677
123.210 4.930 54.676
123.350 5.670 82.985
123.500 4.260 86.810
123.520 4.700 89.294
123.550 4.880 86.979
123.560 4.130 89.052
123.610 3.950 87.813
123.700 4.600 85.625
123.710 4.320 69.778
123.840 4.520 78.311
123.850 4.670 86.838
123.860 5.960 48.728
123.890 5.520 83.138
123.920 4.630 75.921
123.940 5.450 66.326
123.950 5.290 77.661
123.970 5.780 79.989
123.980 4.920 70.980
123.990 4.690 74.315
124.000 4.530 82.323
124.070 4.660 82.182
124.120 5.000 86.779
124.160 4.160 89.431
124.180 4.080 74.333
124.260 4.810 89.797
124.270 4.900 78.789
124.280 4.100 89.110
124.340 4.720 89.135
124.350 4.720 75.067
124.360 4.450 68.316
124.380 4.090 83.984
124.390 4.150 79.662
124.410 4.240 85.148
124.450 5.070 72.122
124.540 4.070 88.032
124.550 4.520 82.668
124.600 4.460 74.141
124.610 4.720 78.998
124.620 4.320 77.581
124.630 4.050 86.916
124.670 4.700 84.023
124.830 4.420 84.413
124.850 4.370 84.649
124.860 4.150 89.136
125.050 4.540 68.970
125.150 4.620 89.368
125.220 4.710 82.927
125.250 4.690 82.844
125.260 4.980 86.010
125.300 4.080 78.153
125.310 4.590 88.836
125.340 4.440 85.921
125.350 4.850 85.531
125.370 4.550 88.072
125.410 4.490 76.307
125.440 4.150 83.335
125.480 4.240 67.923
125.490 3.910 88.281
125.500 4.130 80.222
125.510 4.790 68.107
125.520 4.500 86.025
125.530 4.790 71.032
125.550 4.840 74.456
125.560 4.850 85.124
125.570 4.520 87.698
125.600 4.860 78.903
125.610 4.830 81.186
125.620 4.430 86.738
125.720 4.450 78.238
125.760 4.760 57.587
125.770 4.560 86.968
125.780 4.700 50.432
125.800 4.210 80.912
125.820 4.290 82.642
125.850 4.340 82.285
125.860 4.930 87.610
125.890 4.230 89.291
125.980 4.630 66.177
126.030 5.540 70.773
126.050 4.950 74.627
126.090 4.660 70.575
126.100 4.490 84.636
126.110 4.500 83.638
126.150 5.880 46.466
126.160 4.380 83.314
126.220 5.730 73.581
126.310 5.060 85.557
126.320 3.800 82.861
126.330 4.770 80.135
126.350 4.710 83.537
126.380 4.620 89.645
126.440 5.190 59.882
126.450 5.270 89.394
126.460 5.490 69.015
126.470 5.120 87.670
126.480 4.250 84.162
126.500 5.300 83.807
126.510 4.620 84.205
126.520 4.470 89.096
126.530 4.800 76.678
126.540 3.870 84.343
126.560 4.300 88.684
126.580 5.270 86.228
126.660 4.540 74.024
126.680 5.370 74.503
126.690 4.770 88.038
126.810 4.960 75.912
126.840 4.640 68.830
126.850 5.130 87.993
126.860 4.460 74.472
126.920 5.210 66.206
126.930 4.900 87.337
126.940 5.600 74.472
126.990 4.080 88.887
127.030 4.920 89.281
127.050 4.850 84.113
127.070 5.070 87.054
127.080 5.880 69.344
127.190 4.390 83.370
127.240 3.850 89.200
127.250 4.420 85.528
127.270 5.470 89.011
127.290 4.290 83.016
127.320 4.880 83.446
127.330 5.200 72.812
127.350 5.380 76.299
127.410 5.070 88.512
127.450 5.180 77.158
127.470 4.710 87.882
127.510 4.990 85.378
127.540 4.120 74.587
127.550 3.830 85.165
127.820 3.810 82.153
127.830 3.990 77.096
127.850 4.080 87.469
127.860 3.940 75.239
127.900 4.110 85.106
127.910 3.990 86.436
127.960 4.710 87.191
127.970 5.170 67.820
127.980 5.490 82.677
128.030 4.220 77.701
128.060 5.180 86.706
128.090 4.560 76.317
128.120 4.160 53.684
128.140 4.520 80.592
128.160 4.690 82.465
128.220 4.650 83.878
128.240 4.080 88.186
128.270 4.570 80.464
128.330 4.890 70.502
128.360 4.630 77.064
128.370 4.980 88.392
128.380 4.660 71.011
128.390 4.110 78.983
128.400 5.200 78.409
128.410 5.120 83.402
128.470 4.700 85.649
128.480 4.970 89.002
128.490 3.980 86.267
128.510 3.930 79.545
128.540 4.310 89.223
128.570 4.670 57.511
128.600 4.430 73.629
128.620 4.380 86.180
128.630 3.940 77.863
128.640 4.040 77.480
128.650 5.090 81.850
128.740 5.650 80.621
128.800 4.070 88.574
128.810 4.740 31.777
128.830 4.200 74.221
128.950 4.580 71.409
129.010 4.570 88.376
129.050 4.310 82.145
129.080 3.980 89.416
129.190 3.920 88.229
129.200 3.990 68.858
129.210 4.020 77.152
129.220 4.270 80.343
129.260 4.040 75.071
129.280 4.110 83.756
129.290 4.040 81.919
129.300 4.410 74.415
129.310 4.230 75.652
129.320 4.120 89.993
129.330 4.110 55.678
129.340 4.430 38.210
129.350 4.150 78.178
129.360 4.820 64.075
129.370 4.560 78.337
129.380 4.400 79.270
129.400 4.300 75.789
129.410 4.200 73.442
129.420 5.460 50.454
129.460 3.790 76.671
129.480 3.810 86.073
129.490 3.710 81.888
129.500 4.120 75.412
129.510 4.500 77.510
129.520 3.770 87.229
129.530 3.980 73.107
129.550 4.000 79.216
129.560 4.440 88.953
129.570 3.810 88.586
129.580 4.000 88.628
129.590 4.460 82.966
129.600 4.690 82.437
129.630 4.290 87.279
129.660 4.480 75.980
129.680 4.100 82.656
129.710 4.460 73.811
129.720 4.180 82.696
129.730 4.460 85.845
129.750 4.770 72.029
129.780 4.030 66.549
129.790 3.950 89.862
129.800 4.300 79.583
129.810 4.240 84.559
129.820 3.990 83.419
129.830 4.450 84.941
129.860 3.830 81.053
129.870 4.310 85.829
129.880 4.690 89.004
129.900 4.250 89.966
129.910 3.800 86.262
129.980 3.940 79.674
129.990 4.440 64.450
130.000 4.080 85.887
130.030 3.700 86.205
130.050 4.230 83.918
130.070 4.410 80.856
130.090 4.060 85.200
130.100 4.770 84.793
130.130 5.070 85.897
130.140 4.320 77.703
130.150 5.240 76.120
130.160 5.010 74.138
130.170 5.020 66.562
130.180 4.180 78.108
130.190 4.550 86.522
130.200 4.550 46.585
130.220 4.650 84.411
130.240 5.180 81.843
130.250 4.210 70.351
130.270 4.410 77.459
130.280 4.260 82.181
130.330 5.200 72.918
130.780 5.700 45.708
130.830 5.160 50.644
130.840 5.450 52.320
130.850 5.320 74.151
130.860 4.410 72.830
130.870 4.550 82.065
130.890 5.380 78.105
130.900 4.980 71.866
130.920 4.440 88.353
131.000 4.520 75.601
131.010 5.300 80.495
131.020 4.030 86.668
131.030 4.270 89.483
131.050 4.940 71.339
131.070 5.570 61.520
131.210 3.980 74.140
131.220 4.480 85.267
131.230 4.590 89.962
131.240 4.630 82.872
131.310 4.340 68.686
131.400 5.330 60.001
131.580 5.060 83.039
131.600 5.020 77.179
131.630 4.530 88.583
131.650 4.840 70.715
131.670 4.550 87.631
131.680 4.730 82.269
131.720 4.900 88.318
131.770 4.640 80.016
131.820 3.920 89.144
131.830 4.200 77.761
131.870 3.920 72.390
131.930 3.880 88.829
131.960 4.440 86.811
131.970 4.660 79.059
132.000 5.030 82.512
132.020 4.070 88.906
132.120 5.120 84.350
132.750 5.410 63.368
132.890 5.770 83.151
132.920 4.700 84.337
132.930 4.520 82.945
132.960 4.260 81.917
132.980 4.220 82.793
133.000 4.690 87.835
133.020 4.710 83.330
133.040 4.210 89.828
133.060 5.180 88.947
133.120 4.140 72.130
133.140 3.930 80.862
133.150 3.940 77.454
133.170 4.130 86.554
133.190 3.900 86.583
133.220 3.900 76.093
133.240 4.040 88.201
133.280 4.560 82.406
133.320 4.170 89.439
133.330 4.470 66.458
133.340 4.410 76.602
133.350 4.060 84.807
133.360 4.530 87.137
133.370 4.750 83.393
133.410 4.360 79.909
133.420 4.710 65.740
133.520 4.780 79.352
133.820 5.380 78.093
133.840 4.290 88.002
133.850 4.630 87.690
133.860 5.190 88.929
133.870 4.330 87.207
133.880 5.100 70.076
133.890 5.470 81.897
133.900 4.000 89.666
133.920 4.320 87.041
133.930 3.900 84.964
133.950 4.630 84.690
133.960 4.190 85.007
133.990 4.510 88.425
134.010 4.220 88.665
134.020 4.700 87.707
134.070 4.350 89.164
134.100 4.480 83.862
134.110 4.610 85.852
134.150 4.750 50.624
134.180 4.460 89.756
134.190 5.940 82.658
134.220 4.500 70.770
134.230 5.150 72.051
134.270 4.880 79.578
134.280 4.450 64.876
134.290 4.240 80.209
134.320 5.310 85.478
134.330 4.020 86.405
134.680 4.680 57.322
134.700 5.060 87.807
134.730 4.180 82.960
134.750 3.890 87.041
134.830 4.280 65.950
134.850 4.220 77.985
134.860 4.150 65.002
134.870 3.960 86.487
134.880 3.930 89.767
134.910 4.430 76.517
134.920 3.960 88.062
134.960 4.080 86.197
135.010 4.960 72.048
135.070 5.280 86.361
135.120 5.960 64.078
135.140 5.610 85.964
135.290 5.710 89.850
135.300 5.570 79.422
135.590 4.280 77.745
135.610 4.360 88.836
135.620 3.680 84.887
135.630 3.990 86.968
135.640 4.230 72.156
135.650 4.520 73.606
135.680 3.870 83.724
135.700 3.790 89.849
135.740 3.650 84.296
135.770 4.590 87.161
135.780 4.190 77.501
135.820 4.000 82.632
135.860 4.260 87.651
135.920 4.120 72.589
135.930 4.890 83.289
135.940 4.290 88.227
135.950 4.730 89.514
135.960 4.130 86.820
136.010 4.310 82.553
136.040 4.500 70.543
136.060 4.070 84.665
136.110 3.980 81.072
136.120 4.130 86.895
136.150 4.300 85.774
136.190 4.230 82.378
136.220 4.520 84.874
136.240 4.510 81.301
136.250 3.750 73.356
136.260 4.090 87.612
136.270 4.070 81.527
136.350 4.160 84.328
136.370 3.810 89.803
136.380 4.250 81.933
136.520 5.840 83.737
136.620 5.960 81.643
136.630 5.940 83.859
136.880 5.670 80.098
137.120 4.160 88.648
137.150 4.950 89.740
137.190 4.100 71.326
137.210 3.880 89.493
137.220 4.070 83.025
137.230 4.550 57.676
137.240 4.650 78.543
137.250 4.250 80.065
137.310 4.690 88.063
137.330 4.500 86.618
137.340 4.700 78.964
137.410 4.610 87.179
137.440 3.700 84.908
137.520 4.890 72.890
137.550 4.370 76.815
137.570 4.510 72.452
138.590 5.580 81.862
138.600 5.680 64.189
138.620 5.150 83.399
138.640 4.430 81.474
138.650 5.420 83.939
138.660 5.940 71.461
138.680 5.330 56.557
138.840 4.870 81.132
138.890 5.420 78.619
138.900 5.140 84.850
138.910 5.330 60.856
138.920 5.010 81.475
141.960 5.920 69.194
142.540 5.310 87.549
142.550 5.680 62.308
142.600 5.920 76.222
142.630 5.580 67.793
142.680 5.410 77.662
142.690 4.660 81.916
142.710 5.500 89.260
142.760 5.620 78.942
142.800 5.250 79.257
142.810 5.570 65.582
144.670 5.930 79.450
144.720 4.660 78.218
144.770 5.380 70.503
144.820 5.040 57.772
144.840 5.230 78.148
144.850 4.460 79.309
144.880 4.400 83.544
144.890 4.160 83.042
144.920 4.810 78.760
144.950 4.610 81.536
144.960 5.590 71.576
144.990 4.300 80.302
145.040 5.040 66.204
145.100 5.520 67.485
145.160 4.800 89.870
145.180 4.420 89.231
145.190 4.910 83.796
145.210 4.100 83.893
145.220 4.440 77.577
145.230 4.830 76.814
145.240 4.000 80.804
145.340 4.390 83.484
145.400 4.430 72.153
145.500 4.980 80.984
145.670 4.480 84.484
145.680 4.400 79.311
145.720 3.900 85.067
145.730 4.460 74.975
145.740 4.830 86.610
145.750 4.520 89.158
145.780 4.990 83.103
145.850 4.370 81.953
145.860 4.850 81.765
145.880 4.910 77.776
145.940 4.680 87.679
146.340 5.820 79.103
146.420 4.260 80.481
146.450 4.440 81.189
146.460 4.690 85.187
146.470 4.190 85.532
146.550 4.290 88.603
146.570 5.340 85.749
146.590 4.360 77.844
146.780 4.660 83.602
146.880 5.390 89.185
146.910 5.470 84.453
146.920 4.970 83.926
146.940 4.060 73.437
147.130 4.720 84.773
147.580 4.110 75.705
147.610 4.330 79.992
147.640 4.450 86.341
147.730 4.630 84.859
147.740 4.400 88.480
147.760 5.240 87.575
147.830 4.860 79.712
147.850 5.110 85.119
147.870 4.580 79.180
147.880 4.460 80.649
147.890 5.150 87.509
147.910 4.790 73.210
147.920 4.420 87.244
147.960 4.050 79.122
147.970 4.050 79.199
148.000 4.760 85.088
148.030 4.920 70.975
148.050 5.540 79.657
148.140 4.940 86.888
148.160 4.900 86.904
148.200 4.600 87.807
148.230 4.910 75.407
148.290 5.140 88.550
148.320 4.930 83.595
148.380 4.230 66.380
148.390 5.000 70.821
148.440 4.690 86.853
148.580 5.160 78.735
148.590 5.890 86.353
148.650 5.410 89.440
148.700 4.670 87.862
148.730 4.900 89.832
148.740 4.780 75.941
148.840 5.360 87.043
148.860 5.010 84.320
148.880 5.090 84.935
148.920 5.950 63.809
149.010 4.800 85.595
149.020 4.930 88.315
149.110 4.650 83.764
149.120 4.690 86.348
149.130 5.190 65.582
149.170 4.590 89.218
149.190 4.350 79.795
149.220 4.410 80.637
149.230 4.760 71.687
149.240 4.330 70.235
149.250 4.490 72.723
149.360 4.710 69.152
149.370 4.570 81.651
149.400 4.800 88.030
149.420 4.030 89.255
149.440 4.070 80.282
149.510 4.950 89.708
149.550 4.420 86.777
149.560 4.220 89.804
149.570 4.280 77.550
149.590 5.170 57.847
149.610 4.520 76.571
149.640 5.960 79.280
149.660 4.700 77.209
149.680 4.440 87.696
149.760 4.600 89.012
149.770 4.890 87.980
149.820 4.120 89.839
149.830 4.320 89.172
149.880 4.860 64.105
149.910 4.960 66.718
149.950 5.870 84.780
149.960 5.280 76.984
149.970 4.570 88.954
149.990 4.950 60.642
150.000 4.770 71.022
150.020 4.960 46.918
150.030 4.930 67.960
150.040 4.900 51.241
150.050 4.360 71.725
150.060 5.720 73.024
150.070 4.620 80.426
150.080 4.970 80.029
150.090 4.600 69.274
150.100 4.580 84.913
150.110 4.970 63.420
150.140 5.290 50.419
150.160 5.570 86.012
150.180 4.280 83.769
150.200 5.220 72.878
150.210 5.230 77.307
150.220 4.760 70.007
150.240 5.220 88.462
150.300 4.490 70.671
150.340 4.700 84.658
150.350 4.320 88.304
150.360 4.110 80.831
150.370 4.760 72.772
150.390 4.180 71.050
150.400 4.960 35.192
150.410 4.450 82.471
150.420 4.790 78.550
150.450 4.440 60.930
150.460 4.140 80.237
150.470 4.420 83.554
150.480 5.040 87.559
150.520 4.200 86.549
150.600 4.190 86.541
150.610 4.640 68.461
150.630 4.660 57.686
150.650 4.440 87.836
150.670 4.310 85.465
150.690 4.880 52.539
150.700 4.410 48.639
150.710 4.090 64.193
150.720 4.470 60.129
150.730 4.880 72.487
150.750 4.430 53.392
150.770 4.710 50.279
150.780 4.510 72.077
150.790 4.230 74.643
150.800 4.100 76.367
150.810 4.630 54.686
150.820 4.640 78.881
150.830 4.940 77.349
150.840 5.030 76.017
150.850 4.580 66.503
150.860 4.490 63.637
150.870 5.160 52.653
150.880 4.860 49.170
150.890 5.680 79.555
150.900 4.900 61.540
150.910 4.690 68.929
150.930 4.280 72.194
150.940 5.260 70.187
150.950 4.360 86.183
150.960 5.180 13.475
150.970 4.150 68.473
151.000 4.620 51.467
151.010 4.670 70.786
151.030 4.260 87.757
151.040 5.300 68.945
151.050 4.500 89.862
151.060 4.370 75.550
151.070 5.190 61.020
151.080 5.210 74.438
151.090 4.490 81.646
151.100 4.960 65.174
151.110 4.850 43.703
151.120 4.110 58.704
151.130 4.910 65.415
151.140 4.440 87.649
151.150 4.610 51.110
151.160 4.560 85.966
151.170 4.430 75.891
151.180 4.930 65.584
151.190 4.290 80.970
151.240 4.670 75.728
151.250 4.820 62.265
151.260 4.840 20.087
151.270 3.980 86.222
151.320 4.410 81.379
151.330 5.180 88.128
151.340 4.550 64.266
151.360 5.130 58.988
151.370 4.780 47.887
151.380 4.790 80.304
151.390 5.020 74.445
151.400 5.190 83.150
151.450 4.800 87.357
151.470 4.580 89.122
151.490 5.220 89.758
151.550 4.570 80.680
151.560 4.340 84.638
151.580 4.660 78.997
151.590 4.430 50.547
151.600 4.920 55.241
151.610 4.530 67.275
151.620 4.640 43.073
151.630 4.550 43.182
151.640 4.670 46.502
151.650 5.340 88.073
151.660 4.620 70.989
151.680 4.640 57.058
151.690 4.710 88.179
151.700 4.950 76.861
151.720 4.900 61.970
151.740 4.630 66.098
151.750 5.110 14.976
151.760 5.110 56.655
151.770 5.040 36.060
151.780 4.290 84.862
151.790 4.220 55.260
151.810 4.320 87.689
151.830 4.250 65.365
151.840 4.850 73.056
151.850 4.370 60.147
151.900 4.840 69.406
151.920 5.240 52.286
151.930 5.040 86.860
151.940 4.170 73.982
151.960 4.660 88.592
151.980 4.120 83.095
152.010 4.910 68.145
152.020 4.550 89.748
152.110 4.620 85.009
152.200 4.740 85.959
152.360 4.130 85.024
152.390 4.520 70.520
152.410 5.210 82.367
152.460 4.340 80.213
152.480 4.840 55.449
152.510 5.690 78.024
152.560 6.000 69.738
152.630 4.480 76.227
152.680 4.410 83.818
152.730 5.340 78.189
152.790 4.570 81.941
152.810 4.150 86.800
152.820 4.260 68.908
152.870 4.640 82.919
152.880 4.530 86.604
152.890 4.960 81.257
152.910 4.130 78.930
152.920 4.490 86.582
152.940 4.190 74.433
152.960 4.400 88.744
152.980 3.790 76.005
152.990 4.680 77.415
153.010 4.160 88.133
153.040 4.680 85.036
153.050 4.620 84.103
153.070 4.620 72.208
153.090 5.200 72.088
153.110 5.150 79.088
153.140 5.310 65.408
153.170 4.590 80.404
153.180 4.250 70.212
153.190 5.100 72.603
153.200 4.080 77.889
153.210 4.400 83.439
153.220 4.210 65.693
153.260 4.800 78.905
153.280 5.140 86.418
153.300 4.980 86.886
153.310 4.660 88.153
153.330 4.780 78.531
153.340 4.800 62.230
153.360 4.530 84.251
153.370 5.140 71.641
153.390 4.850 80.797
153.420 4.340 88.284
153.460 4.570 88.638
153.470 4.470 71.523
153.550 5.220 89.441
153.590 4.120 84.531
153.600 4.730 53.862
153.620 4.930 58.840
153.630 4.520 88.451
153.650 4.760 77.102
153.660 4.430 87.507
153.690 4.410 89.869
153.700 4.280 73.992
153.710 4.050 85.266
153.730 4.400 87.129
153.760 4.330 81.434
153.770 4.590 62.644
153.780 4.180 81.920
153.790 4.310 74.970
153.800 4.630 74.162
153.820 4.610 80.903
153.830 4.940 63.535
153.840 5.260 61.250
153.850 4.130 87.065
153.860 4.460 78.551
153.920 4.410 71.777
153.930 4.570 74.430
153.940 4.890 41.348
153.970 5.860 35.434
155.790 4.600 88.001
155.960 4.120 78.676
156.090 4.300 82.647
156.150 4.690 83.808
156.320 5.190 82.764
156.330 5.940 76.384
156.340 5.480 86.240
156.350 4.570 84.798
156.360 5.340 85.909
156.370 5.100 82.287
156.380 5.470 84.903
156.390 5.120 74.192
156.420 5.320 72.769
156.430 5.550 81.494
156.440 5.550 86.585
156.560 4.390 86.391
156.580 4.720 71.493
156.590 4.700 74.188
156.630 4.590 78.214
156.750 4.200 77.369
156.900 4.830 89.585
156.990 3.930 70.574
157.040 5.230 79.881
157.070 4.830 89.446
157.080 4.780 88.778
157.090 4.690 84.333
157.110 5.190 87.594
157.190 5.660 82.470
157.570 4.390 73.452
157.580 5.100 47.161
157.650 5.360 66.923
157.730 4.380 85.607
157.780 4.000 87.662
157.890 4.690 82.106
157.970 5.750 87.368
157.990 5.700 78.199
158.090 5.110 81.346
158.100 4.620 86.038
158.110 4.240 84.279
158.120 4.310 51.371
158.130 4.430 88.180
158.140 4.620 84.773
158.150 5.030 85.448
158.210 4.350 86.497
158.220 5.180 88.107
158.230 4.780 65.344
158.240 4.940 75.323
158.250 4.710 62.491
158.270 4.170 89.732
158.300 4.640 84.783
158.310 4.500 78.876
158.510 4.680 84.049
158.600 5.800 88.267
158.690 4.650 87.845
158.720 5.390 85.818
158.730 5.020 84.417
158.820 5.320 89.069
158.830 5.560 73.593
158.910 4.330 81.459
158.980 4.480 81.396
159.050 4.960 89.760
159.080 4.920 70.883
159.090 5.020 85.614
159.130 4.850 87.011
159.190 4.450 87.232
159.200 4.750 83.826
159.220 4.850 84.206
159.240 5.120 77.962
159.250 4.510 77.847
159.270 4.690 62.438
159.340 4.200 84.808
159.370 5.470 83.615
159.380 5.240 77.943
159.500 5.020 89.680
159.540 4.610 89.332
159.550 5.220 50.330
159.560 5.300 55.839
159.570 5.370 70.311
159.590 4.580 86.069
159.600 4.470 79.186
159.610 5.330 55.608
159.750 4.620 83.296
159.780 5.410 79.699
159.800 5.930 81.555
159.820 4.590 72.331
159.840 4.950 82.804
159.950 4.990 88.136
160.000 4.440 79.680
160.050 5.020 86.182
160.070 4.630 87.190
160.080 4.930 77.743
160.100 5.220 87.260
160.110 4.900 78.957
160.150 4.530 73.622
160.220 4.830 63.619
160.230 5.030 65.017
160.340 4.500 88.658
160.360 4.770 59.882
160.370 5.390 69.436
160.500 4.890 81.369
160.520 4.820 87.497
160.530 4.420 88.397
160.580 5.280 79.968
160.620 5.760 82.034
160.640 5.690 78.153
160.650 5.190 80.666
160.670 4.980 77.433
160.700 5.510 58.862
160.710 4.170 88.670
160.740 4.990 88.687
160.760 5.360 82.332
160.790 5.830 60.901
160.820 6.000 83.828
160.910 5.770 69.391
161.310 4.690 81.787
161.320 5.010 64.475
161.360 4.300 88.395
161.370 4.500 88.086
161.390 4.530 86.148
161.400 4.160 77.816
161.410 4.620 58.354
161.420 5.100 68.095
161.430 4.610 79.169
161.440 4.990 62.302
161.450 4.410 79.383
161.510 4.110 86.069
161.520 4.230 77.463
161.530 4.450 67.025
161.570 4.540 84.949
161.600 4.580 70.284
161.620 4.070 86.698
161.630 4.330 86.367
161.640 4.350 76.069
161.650 4.340 84.731
161.660 3.950 76.287
161.670 4.680 80.587
161.690 4.640 59.331
161.700 4.530 87.505
161.730 5.030 64.258
161.750 4.750 72.983
161.760 4.660 76.796
161.780 4.540 69.504
161.790 4.810 65.021
161.800 4.140 80.554
161.810 4.610 50.660
161.820 4.410 58.294
161.830 4.570 71.426
161.840 4.610 65.493
161.850 4.420 85.138
161.860 4.600 74.391
161.870 4.280 86.169
161.890 3.950 82.235
161.900 4.180 80.566
161.910 4.270 80.641
161.940 4.240 72.719
161.960 4.410 73.889
161.970 4.280 76.511
161.990 4.760 68.622
162.000 4.370 75.918
162.010 4.440 65.495
162.020 4.340 74.865
162.030 4.240 87.402
162.050 4.370 87.029
162.060 4.210 68.834
162.070 4.030 75.985
162.090 4.670 78.394
162.130 4.340 80.711
162.150 4.050 87.975
162.160 4.760 77.999
162.170 4.610 82.357
162.210 3.880 83.616
162.240 4.000 75.844
162.250 4.420 85.869
162.260 3.860 76.629
162.270 4.360 87.130
162.290 4.390 78.757
162.320 4.810 80.605
162.330 4.460 73.246
162.340 5.210 60.886
162.350 4.960 86.706
162.360 4.390 80.228
162.370 4.390 64.432
162.380 4.450 81.688
162.400 4.180 82.309
162.420 4.300 88.975
162.450 4.890 77.136
162.550 3.830 84.616
162.570 4.410 74.361
162.610 3.770 78.543
162.630 4.140 87.835
162.660 4.120 84.648
162.670 4.080 87.129
162.690 4.040 81.010
162.700 3.940 72.954
162.710 4.690 84.102
162.720 4.520 69.527
162.760 4.390 84.310
162.770 4.300 85.964
162.790 4.540 88.137
162.810 4.020 89.368
162.920 4.490 66.580
162.950 4.390 67.418
162.960 4.080 76.163
163.020 4.270 86.836
163.080 3.890 85.958
163.110 4.930 63.191
163.130 4.240 83.789
163.140 4.510 84.136
163.170 4.560 75.708
163.190 4.570 84.461
163.230 5.140 76.908
163.240 5.730 65.528
163.260 4.780 75.305
163.320 4.360 82.799
163.330 4.440 82.444
163.490 4.070 89.943
163.500 4.050 87.583
163.590 5.170 60.508
163.630 4.280 84.564
163.640 4.280 86.584
163.680 4.530 87.142
163.750 4.190 81.946
163.760 4.370 84.242
163.770 4.080 86.686
163.780 4.210 89.417
163.800 4.510 82.182
163.810 4.870 72.429
163.820 4.430 84.948
163.830 4.260 86.819
163.840 4.450 83.137
163.850 4.100 88.959
163.860 5.250 83.241
163.880 3.850 86.639
163.910 4.180 79.663
163.930 4.740 85.565
163.950 4.460 89.552
163.960 4.130 83.877
164.010 4.430 67.494
164.090 4.430 88.235
164.100 4.190 87.334
164.150 4.170 73.098
164.170 4.320 88.431
164.320 4.780 75.624
164.330 4.920 50.821
164.340 4.780 72.557
164.370 4.100 80.446
164.500 4.430 89.874
164.530 5.070 84.143
164.690 4.550 81.590
164.710 5.040 85.879
164.740 5.610 62.942
164.780 4.110 83.320
164.790 3.930 72.186
164.830 4.600 84.685
164.920 4.810 87.750
164.950 4.450 80.775
164.960 4.970 60.598
164.970 4.910 55.255
164.980 4.800 60.277
164.990 5.070 62.562
165.000 5.470 63.787
165.010 4.700 48.303
165.140 4.340 76.405
165.290 4.070 80.438
165.300 5.010 62.304
165.330 4.570 85.532
165.360 4.980 63.543
165.370 5.040 82.665
165.380 5.200 69.989
165.570 4.610 57.637
165.680 4.780 74.201
165.690 4.450 84.992
165.710 4.890 85.315
165.720 4.370 81.483
165.890 4.710 89.729
166.010 5.220 33.490
166.020 4.430 80.766
174.150 4.990 84.856
174.810 5.430 74.521
174.830 5.280 83.201
174.840 4.960 78.211
174.850 5.520 67.998
174.860 5.470 74.001
174.880 5.710 77.762
224.460 5.820 69.542
225.110 5.380 88.680
225.150 4.860 77.369
225.630 5.770 84.254
225.660 4.720 70.024
228.040 5.830 73.736
231.480 5.590 76.795
231.490 4.540 78.573
231.500 4.970 74.235
231.510 5.160 67.403
231.540 4.610 76.925
231.550 4.840 76.114
231.560 4.520 59.157
231.600 5.050 62.295
231.610 5.250 58.444
231.620 5.910 79.772
231.630 4.780 87.417
231.640 4.260 75.510
231.650 3.840 77.762
231.660 4.290 77.511
231.670 3.850 67.225
231.710 4.860 82.085
231.720 4.700 84.050
231.730 5.280 53.567
231.740 5.000 77.106
231.830 4.810 72.754
231.840 5.110 77.133
231.850 4.670 69.355
231.880 4.280 76.089
231.980 4.810 67.331
232.040 4.500 79.379
244.180 5.830 89.721
244.190 4.540 84.063
244.200 4.700 85.895
246.200 5.970 70.904
249.190 5.440 30.526
249.210 5.390 53.582
249.230 5.650 22.664
249.360 5.840 21.186
249.370 4.920 54.300
249.380 5.040 12.980
249.390 4.780 64.148
249.400 4.510 48.130
249.420 5.180 76.819
249.430 5.740 74.723
249.440 5.720 87.772
249.450 5.810 24.711
249.460 5.750 32.798
249.480 4.840 45.037
249.490 5.220 62.666
249.530 4.490 71.729
249.540 5.520 68.713
249.550 5.930 87.858
249.560 5.920 89.915
249.570 5.200 75.605
249.600 5.000 65.360
249.620 4.600 74.975
249.660 5.800 83.200
249.670 5.520 84.870
249.690 4.640 82.545
249.700 5.350 86.829
249.710 4.090 51.883
249.730 4.860 68.309
249.740 4.180 55.871
249.750 4.670 61.812
249.770 4.320 60.575
249.780 4.690 74.890
249.790 4.390 82.228
249.800 4.340 81.941
249.810 4.790 50.169
249.830 4.320 72.404
249.840 4.140 70.166
249.850 4.690 81.041
249.860 4.120 79.284
249.870 3.960 70.538
249.880 4.250 53.238
249.890 4.260 64.317
249.900 4.450 51.328
249.910 4.250 60.017
249.920 4.080 61.308
249.960 4.150 70.281
249.970 4.150 69.819
249.980 4.350 64.566
249.990 3.990 78.761
250.000 4.660 62.957
250.010 4.010 64.687
250.020 4.430 52.735
250.030 4.630 73.665
250.040 3.940 59.353
250.110 5.150 77.222
250.120 4.310 76.820
250.130 4.640 81.876
250.150 4.230 74.660
250.160 4.330 68.270
250.170 4.160 61.478
250.180 4.150 59.152
250.200 4.930 78.815
250.210 4.930 89.494
250.240 5.020 42.951
250.250 4.620 67.688
250.260 4.040 60.606
250.270 4.150 68.751
250.280 4.140 52.585
250.290 4.300 61.216
250.300 4.810 77.915
250.310 5.100 41.127
250.320 5.250 39.704
250.330 4.180 70.487
250.340 4.900 51.752
250.350 4.530 62.480
250.360 4.070 46.234
250.370 5.080 64.151
250.380 4.460 77.569
250.390 4.250 74.469
250.400 4.100 59.595
250.410 4.510 63.041
250.420 4.250 79.264
250.440 4.120 43.074
250.450 3.640 83.580
250.460 4.710 89.996
250.470 4.820 56.574
250.480 5.240 80.087
250.490 4.690 78.945
250.500 4.800 77.916
250.510 4.610 64.881
250.520 5.560 73.907
250.530 4.130 78.273
250.540 5.010 81.997
250.560 5.260 74.725
250.580 5.170 88.594
250.600 4.320 69.214
250.630 4.920 80.012
250.650 4.370 64.958
250.660 4.490 69.591
250.670 4.800 75.844
250.680 4.640 80.595
250.690 4.600 74.758
250.860 4.960 67.657
250.870 4.730 83.164
250.880 4.760 79.604
250.890 4.770 76.955
250.900 4.690 76.675
250.910 4.960 89.685
250.920 4.470 73.041
250.940 5.380 89.770
250.960 5.510 66.752
250.970 4.530 47.030
250.990 5.960 81.404
251.020 4.400 41.947
251.030 4.380 41.634
251.040 4.550 64.566
251.050 4.760 56.844
251.060 4.590 66.262
251.070 4.590 44.687
251.080 4.300 52.759
251.090 4.170 50.055
251.100 4.140 77.606
251.110 4.280 62.569
251.120 4.040 59.620
251.130 4.630 72.538
251.140 4.140 64.794
251.150 4.420 49.545
251.160 4.200 64.796
251.170 4.350 49.061
251.180 4.230 70.553
251.190 5.280 34.941
251.200 4.660 77.383
251.210 5.050 43.960
251.220 4.550 36.009
251.230 4.310 66.391
251.250 4.670 42.997
251.260 4.700 21.815
251.270 4.290 61.018
251.280 5.120 61.472
251.290 4.610 43.861
251.300 4.530 31.298
251.310 4.490 80.302
251.330 5.380 85.509
251.340 4.320 78.244
251.350 4.310 75.763
251.370 4.560 58.755
251.380 4.550 79.805
251.390 4.590 67.902
251.400 5.350 88.743
251.410 5.830 73.072
251.420 4.810 66.007
251.430 4.200 69.950
251.440 4.440 57.768
251.450 4.670 71.132
251.460 4.760 78.602
251.900 5.740 67.137
252.020 5.820 47.894
252.030 5.900 60.804
252.040 5.870 86.245
252.300 4.930 50.648
252.310 5.540 32.621
252.360 5.460 43.908
252.670 5.850 66.555
252.680 5.840 52.538
252.690 5.580 82.746
252.710 5.420 86.915
252.720 5.730 89.514
252.730 4.610 46.074
252.740 4.430 82.029
252.750 4.660 62.370
252.760 4.730 73.162
252.780 5.540 89.833
252.790 4.650 79.023
252.800 4.320 76.251
252.810 5.170 85.155
252.820 5.610 75.167
253.290 5.170 74.174
253.310 4.710 73.423
253.320 5.040 62.977
253.330 5.300 82.596
253.340 4.930 53.837
253.350 4.700 66.142
253.360 5.080 60.697
253.370 4.720 66.035
253.380 5.080 84.341
253.400 4.860 58.384
253.410 4.590 66.518
253.420 4.820 67.073
253.430 4.460 65.915
253.440 4.690 47.577
253.450 4.100 35.193
253.460 4.340 64.354
253.470 4.920 81.647
253.480 4.580 69.549
253.490 4.390 62.681
253.510 4.140 63.062
253.520 4.250 89.933
253.530 3.920 88.451
253.540 4.060 67.955
253.550 3.840 88.825
253.560 3.850 78.623
253.590 4.450 85.963
253.610 4.040 73.960
253.620 3.620 74.172
253.630 3.780 78.686
253.640 4.250 76.137
253.650 4.430 69.173
253.660 4.470 87.561
253.670 4.800 73.197
253.680 4.610 81.679
253.690 4.950 86.917
253.700 4.470 86.721
253.760 4.500 87.577
253.770 4.590 88.960
253.780 4.910 61.992
253.790 4.810 78.275
253.800 4.700 72.189
253.840 4.780 84.274
253.850 4.610 86.545
253.880 4.230 88.620
253.920 4.920 79.576
253.930 4.500 83.065
253.940 4.970 89.036
253.990 4.620 71.044
254.000 4.760 84.527
254.010 4.410 88.339
254.060 4.410 83.238
254.100 4.740 86.960
254.120 4.670 77.368
254.130 5.390 70.116
254.140 4.290 82.001
254.150 4.870 49.383
254.160 4.310 82.092
254.170 4.920 86.031
254.180 4.400 51.393
254.190 4.980 48.675
254.200 4.820 75.354
254.210 4.680 84.391
254.220 4.530 73.759
254.270 4.570 86.177
254.280 4.660 75.335
254.320 4.730 89.542
254.400 4.430 84.582
254.410 4.700 75.248
254.430 4.510 89.958
254.450 4.900 87.304
254.460 5.290 78.894
254.470 4.590 78.082
254.480 4.760 88.091
254.490 4.500 86.160
254.520 4.440 86.668
254.540 4.650 77.509
254.550 4.690 86.849
254.590 4.510 78.215
254.600 4.420 87.594
254.610 4.620 86.875
254.620 5.160 60.238
254.660 4.650 88.655
254.680 4.450 78.724
254.760 4.150 72.310
254.770 4.860 79.205
254.780 5.360 85.335
254.790 5.020 89.418
254.820 4.670 89.978
254.830 5.220 86.765
254.840 5.260 88.518
254.850 4.350 86.091
254.860 4.730 69.090
254.900 4.000 79.876
254.910 5.680 48.390
254.920 5.180 49.777
254.940 4.830 72.052
254.950 5.160 69.281
255.310 5.860 89.724
255.350 5.800 86.354
255.360 5.320 28.426
255.370 4.510 80.365
255.380 4.300 57.732
255.390 4.620 38.191
255.400 4.420 37.610
255.410 4.540 56.154
255.420 4.440 41.458
255.430 4.640 37.410
255.440 4.520 44.421
255.450 4.770 47.285
255.460 5.060 54.383
255.470 4.420 43.943
255.480 4.890 82.978
255.490 4.620 19.009
255.500 4.980 37.572
255.510 4.540 13.270
255.520 4.780 54.231
255.620 5.350 86.627
255.660 5.160 75.472
255.670 4.720 74.341
255.680 4.740 75.768
255.690 3.840 80.674
255.710 4.140 70.607
255.720 4.080 74.693
255.730 3.990 59.314
255.740 4.010 69.748
255.750 3.910 84.060
255.770 4.260 75.940
255.780 4.060 78.304
255.800 4.260 77.204
255.810 4.280 56.782
255.820 4.860 86.985
255.830 4.060 81.488
255.840 4.180 82.975
255.850 4.250 69.633
255.860 4.450 12.191
255.870 4.130 68.498
255.880 4.210 67.903
255.890 4.470 31.739
255.900 4.890 86.847
255.910 4.570 87.724
255.920 4.670 89.087
255.930 4.000 77.454
255.940 3.980 78.930
255.950 3.960 82.405
255.960 4.170 79.009
255.970 3.860 86.382
255.980 4.270 66.794
255.990 4.190 88.301
256.010 4.360 80.848
256.020 3.970 63.348
256.030 4.050 84.293
256.040 4.240 51.317
256.050 4.170 85.659
256.060 4.050 81.547
256.070 4.110 57.716
256.080 4.410 85.555
256.090 4.430 88.021
256.110 4.060 88.618
256.120 5.420 74.256
256.140 4.410 59.480
256.150 4.780 44.347
256.160 4.350 74.620
256.170 4.340 65.129
256.180 5.070 67.336
256.190 4.250 87.217
256.200 4.610 73.321
256.210 4.390 43.879
256.220 4.070 52.022
256.230 4.360 63.216
256.240 4.330 26.173
256.250 4.380 31.086
256.260 4.570 52.694
256.270 4.160 28.031
256.280 4.550 67.245
256.290 3.940 77.598
256.300 4.070 66.867
256.310 4.260 40.224
256.320 4.370 57.719
256.330 4.130 43.428
256.340 4.530 48.015
256.350 5.290 80.381
256.360 4.140 38.911
256.370 4.230 61.869
256.380 4.470 88.579
256.390 4.550 77.781
256.400 3.930 64.311
256.410 4.010 85.086
256.420 4.150 88.204
256.430 4.540 83.217
256.440 4.630 46.177
256.450 4.550 68.546
256.460 4.570 62.715
256.470 4.760 67.556
256.480 4.350 88.424
256.490 4.200 60.883
256.500 4.050 75.270
256.510 4.310 53.753
256.520 4.290 73.031
256.530 4.040 67.610
256.540 4.260 64.305
256.550 4.320 47.525
256.560 4.080 87.420
256.570 3.980 72.314
256.580 4.100 74.960
256.590 4.300 49.475
256.600 4.240 64.917
256.610 4.010 67.174
256.620 4.070 84.573
256.630 3.940 69.313
256.640 4.110 74.498
256.660 3.890 77.153
256.670 4.320 83.222
256.680 3.930 68.026
256.690 4.170 64.192
256.700 4.250 83.255
256.710 4.250 71.375
256.720 4.020 85.561
256.730 3.930 72.581
256.740 4.610 55.451
256.750 4.010 63.303
256.760 3.910 59.813
256.770 4.480 87.066
256.790 4.460 77.363
256.810 4.360 48.028
256.820 4.570 48.821
256.830 4.790 74.097
256.840 4.810 70.711
256.850 4.200 82.798
256.860 4.260 69.601
256.870 4.970 87.558
256.880 4.490 81.246
256.890 3.770 61.558
256.900 4.500 73.213
256.910 4.340 65.328
256.920 4.260 76.908
256.930 4.120 55.741
256.940 3.880 63.317
256.950 4.000 49.438
256.960 4.140 66.660
256.970 4.270 83.318
256.980 4.870 82.136
256.990 4.380 80.581
257.000 4.850 52.891
257.010 4.960 86.398
257.030 4.330 48.272
257.040 4.530 85.193
257.050 4.040 64.438
257.060 3.890 47.076
257.070 3.950 74.354
257.080 4.080 48.461
257.090 4.100 68.871
257.100 3.880 72.751
257.110 4.360 79.319
257.120 3.990 61.532
257.130 4.570 28.587
257.140 4.220 78.558
257.150 4.300 75.089
257.160 4.130 77.951
257.170 5.180 64.526
257.190 3.970 58.568
257.200 3.760 87.437
257.210 4.300 81.177
257.220 4.490 76.291
257.230 3.950 70.826
257.240 3.900 60.449
257.250 4.690 67.755
257.260 4.100 88.898
257.270 3.930 74.795
257.280 3.810 83.819
257.290 4.410 61.117
257.300 4.470 50.671
257.310 5.230 75.612
257.320 4.330 79.943
257.330 4.010 84.761
257.340 4.160 60.040
257.350 4.510 53.326
257.360 4.300 64.862
257.370 4.600 88.438
257.380 4.040 39.775
257.400 4.000 48.809
257.410 4.720 77.707
257.420 4.470 60.570
257.440 5.100 50.539
257.490 3.920 74.678
257.500 4.300 74.926
257.510 4.270 73.380
257.520 4.130 67.577
257.530 4.400 73.668
257.540 4.600 70.311
257.550 3.970 49.091
257.560 3.890 72.313
257.570 3.750 68.592
257.580 4.290 79.851
257.590 4.140 62.517
257.600 4.630 48.222
257.610 4.630 53.614
257.620 4.720 56.925
257.630 4.280 58.673
257.640 4.340 61.389
257.650 4.910 80.593
257.660 4.740 57.644
257.670 5.200 89.637
257.680 4.300 83.356
257.690 3.850 79.547
257.700 4.300 65.614
257.710 4.650 75.524
257.720 4.250 48.399
257.730 4.430 82.310
257.740 4.440 72.973
257.750 3.890 81.368
257.770 4.190 46.188
257.800 4.120 84.635
257.810 3.940 82.516
257.820 4.460 73.035
257.830 3.880 76.579
257.840 4.330 67.279
257.850 4.460 76.473
257.860 4.600 54.002
257.870 4.370 81.530
257.880 4.210 62.232
257.890 4.260 61.943
257.950 4.280 63.750
258.010 4.410 80.280
258.020 4.540 70.583
258.030 4.090 71.969
258.040 4.030 77.322
258.050 4.070 75.712
258.060 4.320 64.177
258.070 4.280 62.189
258.080 4.340 83.930
258.090 4.190 78.715
258.110 4.070 39.331
258.140 4.470 85.814
258.150 4.670 71.399
258.160 4.390 75.005
258.170 4.080 66.429
258.190 4.010 85.697
258.200 4.350 86.078
258.210 4.450 85.036
258.220 4.740 81.282
258.230 4.560 66.447
258.250 4.460 78.840
258.260 4.210 78.221
258.270 4.140 77.278
258.280 4.130 51.376
258.290 4.340 67.272
258.300 3.780 57.107
258.310 4.130 42.631
258.320 4.610 68.269
258.330 4.680 62.843
258.350 4.250 85.864
258.370 4.270 85.174
258.380 4.230 70.404
258.390 4.190 86.135
258.400 4.000 84.413
258.410 4.030 56.144
258.420 4.590 69.522
258.430 4.370 84.520
258.440 4.210 74.972
258.450 4.230 89.272
258.490 4.090 64.860
258.510 3.860 72.724
258.520 4.180 85.961
258.530 4.380 62.980
258.540 4.300 67.603
258.550 4.050 80.847
258.560 4.570 74.382
258.570 4.580 89.236
258.580 4.470 73.244
258.590 4.060 76.237
258.600 4.090 52.478
258.610 4.290 61.709
258.620 4.080 61.120
258.630 4.490 60.948
258.640 4.050 79.443
258.650 4.150 61.873
258.660 4.080 66.958
258.670 4.220 66.604
258.690 4.330 41.949
258.700 4.140 58.407
258.710 4.140 51.160
258.720 4.610 70.981
258.730 4.420 78.647
258.740 4.090 54.314
258.750 3.940 71.512
258.770 3.700 71.031
258.790 3.820 84.806
258.810 3.960 83.412
258.820 3.990 70.119
258.830 4.080 61.780
258.840 4.320 86.847
258.850 4.240 84.209
258.860 4.410 74.869
258.870 4.790 89.463
258.880 4.190 67.176
258.890 4.860 63.874
258.900 4.670 67.224
258.910 4.730 88.141
258.920 4.690 81.320
258.930 4.620 83.615
258.940 4.530 85.876
258.950 4.010 89.614
258.960 4.170 73.612
258.980 4.490 85.689
259.000 4.350 79.071
259.010 4.280 65.900
259.040 4.080 51.843
259.050 4.720 82.004
259.080 5.040 80.913
259.090 5.770 86.153
259.130 4.400 83.343
259.150 4.590 85.025
259.160 4.490 85.252
259.180 4.290 57.346
259.190 4.430 67.547
259.200 4.020 85.118
259.210 4.840 84.522
259.220 4.120 64.494
259.230 3.940 80.096
259.240 4.290 88.147
259.250 4.480 70.666
259.260 3.840 64.459
259.270 4.520 74.326
259.280 4.570 73.384
259.320 5.320 85.586
259.330 5.310 70.291
259.340 4.790 67.696
259.350 4.950 42.057
259.360 4.390 64.036
259.370 4.230 49.995
259.380 4.600 65.454
259.390 4.120 62.633
259.400 4.520 74.242
259.410 4.150 70.792
259.420 3.970 73.108
259.450 4.270 67.362
259.470 3.960 89.235
259.480 3.890 68.716
259.490 4.280 72.759
259.500 4.280 63.763
259.510 4.250 87.284
259.520 4.920 43.260
259.530 4.040 71.994
259.540 4.110 62.787
259.570 4.470 81.788
259.580 3.990 77.811
259.590 3.850 66.121
259.610 4.710 76.908
259.620 3.880 76.865
259.630 4.260 38.930
259.640 4.150 70.512
259.650 4.170 54.827
259.660 4.630 37.821
259.670 4.690 68.760
259.680 4.160 79.584
259.690 4.300 33.173
259.700 4.200 78.064
259.710 4.210 53.687
259.720 5.220 44.581
259.730 4.870 69.301
259.740 4.380 51.592
259.750 4.360 52.070
259.760 4.460 60.257
259.770 4.240 72.059
259.780 4.210 29.029
259.790 4.250 87.138
259.800 4.090 81.266
259.810 3.990 89.829
259.820 4.170 76.447
259.830 4.490 56.868
259.840 4.800 81.781
259.850 4.250 87.573
259.860 4.090 59.732
259.870 4.580 83.654
259.880 4.100 63.068
259.900 4.070 81.179
259.910 3.870 73.794
259.920 4.180 67.487
259.930 4.270 71.088
259.940 4.100 34.062
259.950 4.320 48.588
259.960 4.250 54.857
259.970 4.330 61.340
259.990 4.230 67.717
260.010 4.030 84.019
260.020 4.260 72.956
260.030 4.610 73.047
260.040 4.210 83.343
260.050 4.110 84.092
260.060 3.800 58.771
260.070 4.110 76.511
260.080 3.910 66.269
260.100 4.090 55.919
260.110 4.640 89.039
260.120 4.450 62.431
260.130 3.830 69.827
260.140 4.410 77.011
260.170 4.190 78.553
260.200 4.130 77.550
260.210 4.420 77.214
260.220 4.200 68.616
260.290 4.300 81.840
260.300 4.660 80.076
260.310 4.280 51.334
260.320 4.320 75.201
260.340 4.480 74.110
260.350 4.650 88.745
260.360 4.350 62.976
260.370 4.250 72.409
260.390 4.730 79.055
260.400 4.340 73.795
260.410 4.140 81.072
260.460 4.630 85.397
260.470 4.850 86.948
260.480 4.760 83.405
260.500 4.470 71.115
260.510 4.720 46.575
260.520 4.640 79.543
260.530 4.490 51.483
260.540 4.840 86.038
260.550 4.270 75.182
260.560 4.210 62.187
260.580 4.360 79.518
260.590 4.510 62.600
260.600 4.040 65.410
260.610 4.120 71.875
260.620 4.000 51.288
260.630 4.300 43.455
260.650 4.110 71.435
260.660 3.730 70.473
260.670 4.260 65.607
260.680 4.350 89.702
260.690 4.420 66.023
260.710 4.730 78.904
260.720 4.470 68.860
260.730 4.280 62.897
260.740 4.150 62.456
260.750 3.960 76.380
260.760 4.340 35.933
260.770 3.970 72.312
260.780 4.320 25.617
260.790 4.580 60.449
260.800 4.250 61.345
260.810 4.960 69.179
260.820 4.270 59.899
260.830 4.410 60.486
260.840 5.250 74.269
260.850 4.170 72.641
260.860 4.330 83.813
260.870 3.990 74.130
260.880 4.230 42.649
260.890 4.150 62.214
260.910 4.080 69.151
260.920 4.420 89.430
260.930 3.980 74.247
260.940 4.280 36.276
260.950 3.680 66.331
260.960 3.770 89.663
260.970 4.300 86.079
260.980 4.630 87.889
261.040 4.770 82.983
261.070 4.230 70.540
261.080 4.360 70.595
261.090 4.260 58.753
261.100 4.540 78.800
261.110 4.240 68.389
261.120 4.040 44.918
261.130 3.870 83.136
261.140 4.130 79.123
261.150 4.260 75.152
261.170 3.990 60.027
261.180 4.320 75.411
261.190 4.350 83.357
261.200 4.800 78.860
261.210 4.010 80.963
261.230 4.050 66.650
261.240 4.070 88.148
261.250 4.400 70.182
261.260 4.460 57.178
261.270 4.130 60.570
261.280 4.780 89.328
261.320 4.240 76.719
261.330 4.200 69.537
261.340 4.400 73.382
261.350 4.300 57.935
261.360 4.410 52.913
261.370 4.620 60.412
261.380 4.720 37.144
261.390 4.210 36.537
261.400 3.880 81.227
261.410 4.760 87.716
261.420 3.790 79.311
261.430 4.270 61.549
261.440 4.000 65.883
261.450 4.220 45.234
261.460 4.220 42.547
261.470 3.870 46.517
261.480 4.820 51.072
261.490 4.650 88.434
261.510 4.370 56.490
261.520 4.070 67.488
261.530 4.110 67.570
261.540 4.030 84.993
261.550 4.340 61.489
261.560 4.460 65.045
261.570 4.090 63.512
261.580 4.540 71.527
261.590 4.270 64.734
261.610 4.600 48.114
261.620 4.760 58.341
261.630 4.700 58.866
261.640 5.530 75.984
261.650 4.310 57.062
261.660 5.080 54.945
261.670 4.650 46.779
261.680 4.780 76.947
261.690 4.340 57.901
261.700 4.060 70.385
261.710 4.540 61.439
261.720 4.480 80.725
261.730 4.210 80.850
261.740 4.540 63.553
261.750 4.690 78.883
261.760 4.140 59.841
261.770 4.810 78.716
261.780 4.400 56.637
261.790 4.620 67.832
261.800 4.930 60.334
261.810 4.200 34.416
261.820 4.090 54.146
261.830 3.910 70.890
261.840 4.530 70.504
261.870 4.600 87.930
261.880 4.850 89.716
261.890 4.930 29.097
261.900 3.750 74.994
261.910 4.020 46.379
261.920 4.540 86.498
261.930 3.930 68.005
261.940 3.940 86.181
261.950 3.890 75.807
261.980 3.960 80.098
261.990 4.450 71.652
262.090 4.300 82.184
262.100 4.830 68.422
262.110 4.580 82.297
262.120 4.210 87.141
262.130 4.680 83.952
262.140 4.690 70.777
262.150 4.520 59.332
262.170 4.720 54.319
262.190 4.600 88.643
262.220 4.560 85.900
262.230 4.680 73.908
262.240 4.410 87.382
262.250 4.430 79.430
262.260 4.450 81.235
262.270 4.200 72.698
262.300 4.360 84.080
262.310 4.360 76.244
262.330 3.840 87.322
262.360 3.920 79.998
262.370 4.360 71.979
262.380 4.250 51.683
262.390 4.210 65.805
262.400 4.030 76.205
262.410 4.640 60.117
262.420 4.230 74.400
262.430 4.020 67.423
262.440 4.000 73.303
262.450 4.100 71.934
262.460 4.470 42.917
262.470 4.060 76.443
262.480 4.420 80.325
262.490 4.290 87.608
262.500 4.140 84.678
262.510 4.290 85.890
262.520 4.190 54.123
262.530 4.070 82.652
262.540 3.790 69.560
262.550 4.090 62.229
262.560 3.720 79.614
262.570 4.470 80.875
262.580 4.550 60.862
262.620 3.970 82.799
262.630 4.090 75.158
262.640 4.420 72.680
262.650 4.390 86.555
262.660 4.370 59.295
262.670 4.260 57.572
262.680 4.140 76.053
262.690 3.940 85.652
262.720 3.950 73.717
262.730 3.820 70.066
262.750 4.060 75.440
262.760 4.070 89.818
262.770 4.310 65.583
262.780 4.760 71.836
262.790 4.070 77.381
262.810 4.030 57.301
262.850 3.800 60.635
262.860 4.200 86.344
262.880 3.980 89.408
262.890 4.090 74.938
262.900 4.440 85.588
262.910 3.960 74.617
262.930 4.500 69.041
262.940 4.500 65.878
262.950 4.390 79.119
262.970 3.740 88.546
262.980 4.100 88.416
262.990 4.320 70.459
263.000 4.100 73.536
263.010 3.850 80.655
263.030 4.440 81.583
263.040 3.890 80.498
263.050 4.250 80.391
263.060 4.090 88.469
263.080 4.160 79.548
263.130 3.930 79.240
263.140 4.580 52.529
263.150 4.240 76.747
263.160 4.380 74.271
263.180 4.470 75.220
263.190 4.410 82.025
263.210 4.690 61.889
263.220 4.980 88.434
263.230 4.510 64.793
263.240 4.240 72.170
263.260 4.240 59.174
263.270 4.650 75.977
263.280 4.390 52.901
263.290 4.570 77.206
263.300 4.900 48.500
263.310 3.960 56.223
263.350 4.200 75.211
263.360 3.840 80.332
263.370 4.560 88.190
263.380 4.520 89.800
263.390 4.450 74.477
263.400 4.480 69.986
263.420 4.470 62.638
263.450 4.760 73.612
263.460 4.420 59.861
263.470 4.600 82.796
263.480 4.420 61.633
263.490 4.600 70.403
263.510 5.200 86.106
263.540 5.830 84.277
263.570 4.330 73.631
263.580 5.710 81.669
263.590 5.440 86.625
263.600 5.370 79.105
263.630 5.080 82.041
263.680 5.490 86.585
263.720 5.300 88.076
263.780 4.320 89.988
263.820 4.650 88.193
263.830 4.730 76.268
263.860 4.870 82.739
263.880 5.310 86.431
263.960 4.670 77.253
264.000 4.820 76.980
264.010 4.480 73.190
264.020 4.090 88.350
264.040 4.390 77.297
264.110 4.180 71.269
264.130 3.890 73.102
264.150 4.130 72.493
264.160 4.310 72.966
264.170 5.120 78.620
264.180 4.390 65.681
264.190 4.410 82.798
264.200 4.530 85.817
264.210 4.650 82.076
264.220 4.170 78.492
264.230 4.370 65.764
264.240 4.500 79.358
264.250 4.020 59.899
264.270 4.390 83.755
264.280 4.320 68.847
264.290 4.580 87.781
264.300 4.220 34.436
264.310 4.320 69.527
264.330 5.030 84.020
264.340 4.460 61.303
264.350 4.440 55.376
264.360 4.430 32.272
264.370 4.770 80.258
264.380 5.230 88.784
264.400 4.730 83.256
264.440 4.940 83.073
264.530 4.840 87.019
264.550 5.100 83.967
264.640 5.290 84.821
264.650 4.890 85.926
264.660 5.000 60.232
264.670 4.790 87.019
264.690 4.180 77.658
264.700 4.970 83.754
264.720 4.550 77.535
264.730 4.670 77.422
264.740 4.530 71.523
264.780 5.100 86.008
264.830 5.660 79.711
264.840 3.930 58.817
264.850 4.180 82.844
264.860 4.350 72.498
264.870 4.710 80.709
264.880 4.420 78.407
264.890 4.370 57.401
264.900 4.180 82.961
264.910 4.620 61.650
264.940 4.440 83.580
264.950 4.330 83.108
264.960 5.160 84.830
264.990 4.270 66.958
265.000 4.200 81.869
265.010 3.860 78.388
265.030 4.270 58.583
265.040 4.890 76.735
265.060 4.700 78.745
265.070 4.660 79.511
265.080 4.300 55.190
265.090 4.310 71.699
265.110 5.130 89.127
265.120 4.720 89.009
265.140 5.370 84.826
265.160 5.000 76.855
265.180 4.260 77.244
265.190 4.880 86.414
265.220 4.270 56.586
265.230 5.050 76.561
265.240 5.230 84.215
265.250 4.910 88.036
265.260 4.350 66.977
265.270 4.990 83.962
265.350 4.410 74.346
265.390 4.010 89.724
265.400 4.100 71.954
265.420 4.400 79.699
265.430 4.370 74.317
265.440 4.530 72.730
265.450 3.910 71.651
265.460 4.180 77.513
265.470 4.600 80.704
265.480 4.740 62.979
265.490 4.180 82.799
265.500 4.600 63.511
265.510 5.000 60.298
265.520 4.230 71.623
265.530 4.470 84.269
265.540 4.210 69.189
265.550 4.240 59.980
265.560 4.110 64.916
265.570 4.360 82.771
265.580 3.670 66.428
265.590 4.510 70.571
265.600 4.030 85.460
265.610 4.060 69.049
265.620 4.150 45.069
265.640 4.530 69.146
265.650 4.060 54.208
265.660 4.520 79.098
265.670 4.100 60.504
265.690 3.870 80.633
265.700 3.810 69.485
265.710 4.140 70.050
265.720 4.830 66.835
265.730 4.660 53.903
265.740 4.740 88.482
265.770 4.320 53.856
265.790 4.630 78.927
265.800 4.870 74.397
265.810 4.130 54.774
265.820 4.260 59.430
265.830 4.440 54.077
265.840 4.440 54.293
265.850 4.490 66.360
265.860 4.810 53.647
265.870 4.290 61.359
265.880 4.440 78.392
265.890 4.570 47.899
265.900 4.620 70.897
265.910 4.680 60.185
265.920 5.180 61.984
265.930 5.760 55.610
265.940 4.600 53.242
265.950 4.770 72.402
265.960 4.230 45.828
265.970 4.420 80.578
265.980 4.340 37.938
265.990 4.080 54.102
266.000 5.330 81.524
266.380 5.590 85.397
266.390 5.780 81.131
266.450 5.670 86.754
266.790 5.580 66.318
266.850 5.970 85.192
266.930 5.790 88.626
267.030 5.610 30.599
267.180 6.000 85.799
267.190 5.720 56.783
267.200 4.700 29.824
267.210 5.050 75.455
267.220 4.630 57.289
267.230 5.000 64.699
267.240 4.240 55.789
267.250 4.400 46.211
267.260 4.100 58.465
267.270 4.600 38.161
267.280 4.900 39.997
267.290 4.810 55.445
267.300 4.790 69.674
267.310 4.770 53.155
267.320 4.390 62.109
267.330 4.240 67.946
267.340 4.490 82.360
267.360 4.160 69.078
267.380 4.320 76.655
267.390 4.390 77.402
267.400 4.530 82.669
267.420 4.860 74.841
267.430 4.460 85.511
267.450 4.020 84.082
267.460 4.620 54.868
267.470 4.190 57.727
267.480 4.440 55.677
267.490 5.170 67.545
267.500 4.480 44.677
267.510 4.220 85.179
267.520 4.400 81.676
267.530 4.250 43.788
267.540 5.030 64.345
267.550 3.950 74.440
267.560 4.510 47.205
267.570 4.480 81.506
267.580 4.170 74.702
267.590 4.320 66.336
267.600 4.150 74.539
267.610 3.910 66.084
267.620 4.620 56.238
267.630 4.710 71.707
267.640 5.210 49.076
267.650 4.270 63.779
267.660 4.770 43.973
267.670 4.480 72.533
267.680 4.570 48.164
267.690 4.480 81.628
267.710 4.120 72.120
267.720 4.020 65.324
267.730 3.740 85.394
267.740 4.230 54.698
267.750 4.330 59.858
267.770 4.630 39.379
267.780 5.280 66.810
267.790 4.010 63.950
267.800 4.080 70.769
267.810 3.800 74.787
267.820 4.010 63.371
267.830 4.700 67.176
267.850 4.040 85.598
267.860 4.140 60.005
267.870 4.510 84.301
267.880 4.760 85.061
267.900 5.010 66.846
267.910 4.650 67.814
267.920 4.450 47.619
267.930 5.000 53.393
267.940 4.600 66.991
267.950 4.380 72.401
267.960 4.140 53.844
267.970 4.290 48.824
267.980 4.310 75.807
267.990 4.450 82.779
268.010 4.480 66.380
268.020 4.530 51.427
268.030 4.480 63.122
268.040 4.050 66.021
268.050 4.150 56.750
268.060 4.870 47.000
268.070 4.240 56.338
268.080 4.590 68.159
268.090 4.580 66.921
268.100 4.660 38.560
268.110 4.480 63.450
268.120 5.120 73.778
268.130 4.410 76.864
268.140 4.600 71.031
268.150 4.730 57.612
268.160 4.330 71.830
268.170 4.530 69.273
268.180 4.390 50.069
268.190 4.360 36.717
268.200 4.210 65.837
268.210 5.470 76.119
268.220 4.330 46.823
268.230 4.170 82.990
268.240 3.840 85.418
268.250 4.000 68.747
268.260 4.780 54.051
268.270 4.440 55.772
268.280 4.430 55.205
268.290 4.750 42.629
268.300 4.600 32.374
268.310 4.700 50.140
268.320 4.090 57.770
268.330 4.750 70.852
268.340 4.090 68.947
268.350 4.820 56.603
268.360 4.380 54.348
268.370 4.260 71.509
268.380 4.190 67.601
268.390 4.620 84.674
268.400 4.860 65.865
268.410 4.690 64.086
268.420 4.610 74.085
268.430 5.050 57.666
268.440 4.080 65.759
268.450 4.520 51.351
268.460 4.420 58.321
268.470 4.350 77.223
268.480 4.800 67.987
268.490 4.530 27.743
268.500 4.210 53.828
268.510 4.360 60.179
268.520 4.440 73.354
268.530 4.410 76.552
268.540 4.840 78.027
268.550 4.120 39.571
268.570 4.060 38.974
268.580 4.390 60.384
268.590 4.630 13.420
268.600 4.700 80.076
268.640 4.670 86.325
268.730 5.330 79.163
268.750 4.800 87.939
268.900 4.990 78.741
268.910 4.840 84.813
268.950 4.680 80.017
268.970 4.590 80.858
268.980 4.710 83.089
269.000 5.180 84.313
269.020 4.670 87.302
269.230 5.570 85.530
269.240 5.530 81.951
269.280 5.080 73.219
269.310 4.550 89.789
269.320 4.920 89.340
269.370 4.640 76.728
269.400 5.150 88.854
269.410 4.700 85.600
269.420 4.580 80.080
269.430 4.450 88.031
269.480 5.010 89.503
270.080 4.920 81.086
270.130 5.240 82.956
270.190 5.110 87.796
270.280 4.190 78.279
270.350 3.990 83.800
270.360 4.610 76.826
270.430 4.310 55.292
270.440 4.220 44.297
270.450 4.140 77.601
270.460 4.010 60.391
270.470 4.160 54.552
270.480 4.210 66.103
270.500 4.310 61.056
270.510 4.510 77.031
270.520 4.110 72.998
270.530 4.180 75.706
270.540 4.200 69.533
270.550 4.570 85.894
270.560 4.010 77.090
270.570 4.150 73.736
270.580 4.140 66.929
270.590 3.980 63.896
270.600 4.150 59.211
270.610 3.890 73.252
270.620 4.450 87.323
270.630 3.890 80.971
270.640 4.030 71.764
270.650 3.720 83.589
270.660 3.920 85.422
270.670 4.370 48.802
270.680 3.820 44.024
270.690 3.830 85.242
270.700 3.890 63.576
270.710 4.360 83.078
270.720 3.820 78.780
270.730 4.110 66.886
270.740 4.310 79.422
270.750 4.060 69.762
270.760 4.210 76.172
270.770 3.960 68.456
270.780 4.740 53.682
270.790 4.250 57.547
270.800 4.090 76.416
270.810 4.010 68.667
270.820 4.000 52.784
270.830 4.520 46.361
270.840 4.750 73.871
270.850 4.000 58.661
270.860 4.640 49.024
270.870 4.710 89.507
270.880 4.340 67.118
270.890 4.400 55.656
270.900 4.600 30.905
270.910 4.170 59.251
270.930 4.290 81.509
270.950 4.480 74.724
270.960 4.360 61.301
270.970 4.880 68.150
270.980 4.460 74.092
270.990 4.180 55.142
271.010 4.220 62.145
271.030 3.780 68.419
271.040 4.030 83.936
271.050 4.650 85.800
271.080 4.410 84.645
271.090 4.060 86.717
271.100 4.230 76.203
271.110 3.790 73.357
271.120 3.990 78.855
271.150 4.000 88.945
271.160 4.080 71.924
271.170 4.320 80.648
271.190 4.100 76.704
271.210 3.820 77.131
271.240 4.740 83.769
271.250 5.070 81.189
271.260 4.360 89.534
271.270 4.290 64.662
271.280 4.100 87.989
271.310 4.250 54.052
271.320 4.390 83.631
271.330 4.050 62.650
271.340 3.970 69.177
271.350 4.130 71.985
271.370 4.690 87.354
271.380 4.900 87.903
271.400 3.950 82.711
271.410 3.980 87.496
271.420 3.790 75.838
271.430 4.050 80.202
271.440 4.050 68.843
271.450 3.960 57.533
271.460 4.200 87.714
271.480 3.960 84.578
271.490 3.950 77.517
271.500 3.720 55.187
271.510 3.890 86.887
271.520 3.920 68.939
271.530 4.720 81.803
271.540 4.080 75.620
271.560 4.000 82.151
271.570 4.010 86.883
271.580 4.380 72.495
271.600 4.120 74.787
271.610 3.750 77.389
271.620 3.890 65.791
271.630 4.250 72.505
271.640 3.990 70.361
271.650 4.370 34.877
271.660 4.710 65.173
271.670 4.140 73.850
271.680 4.940 59.838
271.690 3.860 59.381
271.700 4.160 76.831
271.710 4.470 76.030
271.720 4.540 75.696
271.730 4.590 66.364
271.740 4.510 61.998
271.750 4.280 41.880
271.760 4.300 64.680
271.770 4.640 85.851
271.780 4.740 82.450
271.800 4.250 68.534
271.810 4.900 54.497
271.820 4.330 70.570
271.830 4.140 77.068
271.870 4.360 82.058
271.890 4.360 79.895
271.900 4.580 84.841
271.910 4.830 73.791
271.920 4.160 76.523
271.940 4.300 82.208
271.950 4.240 67.654
271.960 4.250 69.189
271.970 4.410 87.252
271.980 4.400 72.869
271.990 4.520 72.127
272.000 4.390 77.719
272.010 4.500 66.383
272.020 4.330 79.232
272.030 4.480 49.537
272.040 4.280 72.394
272.050 4.240 41.330
272.070 4.430 82.317
272.080 4.080 53.718
272.090 5.130 87.624
272.100 5.270 76.583
272.110 5.050 88.925
272.130 4.350 76.636
272.160 4.950 85.029
272.180 5.020 88.663
272.190 4.320 78.008
272.200 4.120 73.836
272.220 4.270 89.712
272.230 3.850 74.459
272.240 4.310 80.282
272.250 4.140 73.560
272.260 4.710 85.679
272.270 4.150 77.691
272.290 4.080 83.660
272.300 4.190 73.198
272.310 4.550 74.289
272.320 4.610 45.201
272.330 4.160 77.405
272.340 4.060 84.151
272.360 3.910 61.735
272.370 4.080 83.929
272.380 4.080 62.177
272.410 4.050 63.021
272.430 4.480 62.978
272.440 4.020 63.301
272.450 4.540 42.779
272.460 4.170 71.426
272.470 4.690 26.603
272.480 4.480 81.034
272.490 4.440 75.382
272.500 4.370 84.596
272.510 4.270 69.835
272.520 4.100 61.744
272.530 3.950 88.609
272.540 4.550 38.574
272.550 3.960 69.407
272.560 4.190 58.897
272.570 4.130 84.813
272.580 3.930 78.251
272.600 4.220 85.422
272.610 4.030 83.680
272.620 3.950 67.483
272.630 4.260 68.134
272.650 3.690 72.747
272.660 3.880 57.847
272.670 3.770 80.423
272.680 3.990 65.532
272.690 4.150 70.357
272.700 4.180 66.413
272.720 4.220 60.655
272.730 4.080 68.802
272.740 4.670 63.852
272.760 4.120 72.084
272.800 4.910 84.887
272.810 4.070 86.000
272.820 4.320 66.161
272.830 4.230 75.466
272.840 4.600 40.007
272.850 3.980 63.173
272.880 5.070 36.551
272.890 4.700 58.058
272.900 4.210 61.724
272.910 3.990 70.797
272.920 3.990 76.933
272.930 4.520 71.978
272.940 4.080 56.069
272.950 4.450 82.756
272.960 4.200 76.887
272.970 3.980 70.856
272.980 4.280 85.498
272.990 4.190 29.084
273.000 4.220 72.128
273.010 4.130 71.773
273.020 4.070 74.223
273.030 4.490 68.026
273.040 4.690 68.998
273.050 4.480 82.173
273.060 4.320 69.949
273.070 5.160 78.914
273.080 4.350 52.794
273.090 5.140 43.999
273.100 5.470 33.142
273.110 5.330 57.767
273.130 4.690 73.496
273.140 4.610 75.824
273.160 4.410 84.275
273.180 4.790 84.606
273.190 4.370 59.172
273.200 4.270 56.703
273.210 5.310 66.945
273.230 4.330 58.909
273.240 4.450 38.935
273.250 4.700 37.030
273.260 3.970 64.491
273.270 4.230 57.466
273.280 4.920 52.224
273.290 4.930 79.279
273.300 4.340 48.819
273.310 4.600 87.619
273.320 4.260 55.139
273.330 5.300 87.462
273.340 4.220 57.873
273.350 5.010 78.814
273.360 4.470 73.917
273.370 4.750 77.634
273.380 4.050 87.620
273.390 4.810 82.067
273.400 3.900 77.053
273.410 4.140 83.304
273.430 4.160 73.156
273.440 3.780 70.358
273.450 4.090 89.498
273.470 4.230 88.131
273.480 4.140 87.598
273.490 4.190 89.833
273.500 4.410 84.287
273.510 4.690 78.371
273.520 3.940 88.360
273.530 4.060 89.923
273.540 4.350 82.466
273.550 3.860 75.896
273.560 4.080 89.076
273.570 4.440 79.087
273.580 3.940 80.852
273.620 3.770 75.641
273.630 4.020 86.508
273.640 4.210 86.747
273.650 4.570 70.077
273.660 4.680 80.124
273.670 4.030 65.158
273.680 4.480 86.893
273.700 3.930 86.224
273.710 4.490 66.913
273.720 4.320 50.351
273.730 4.290 80.206
273.740 4.260 54.258
273.750 3.960 44.372
273.760 4.850 68.719
273.770 4.920 54.266
273.780 4.620 74.495
273.790 4.350 60.759
273.800 4.570 76.343
273.820 4.320 65.679
273.830 4.170 79.851
273.840 5.140 88.578
273.850 4.170 76.293
273.860 4.390 67.595
273.870 4.410 85.082
273.880 4.760 67.779
273.890 4.400 73.912
273.940 4.140 78.514
273.950 4.140 86.579
273.960 4.260 72.220
273.980 4.330 89.788
273.990 4.570 81.410
274.000 4.020 70.090
274.010 4.380 81.044
274.030 4.010 67.920
274.040 4.080 84.660
274.080 4.500 81.850
274.090 4.350 84.115
274.100 4.270 62.176
274.110 4.230 61.722
274.120 3.860 79.527
274.130 4.100 87.125
274.140 4.220 76.916
274.180 3.970 78.803
274.190 4.570 81.910
274.220 3.880 86.904
274.230 4.320 75.429
274.240 4.060 76.886
274.250 4.320 84.937
274.260 4.220 85.665
274.270 3.920 89.016
274.280 3.950 85.704
274.290 4.070 60.714
274.300 4.250 50.802
274.310 3.710 79.282
274.320 3.820 62.482
274.340 3.700 66.595
274.350 3.970 71.226
274.360 4.250 74.377
274.370 3.870 63.850
274.380 3.800 89.554
274.390 3.900 62.246
274.400 3.750 37.651
274.410 3.980 83.607
274.420 4.210 53.457
274.430 4.150 89.911
274.440 3.800 75.642
274.450 3.970 85.598
274.480 4.250 79.605
274.500 4.500 75.082
274.510 4.030 69.224
274.520 4.020 73.490
274.530 4.230 56.495
274.550 4.170 81.536
274.560 4.200 76.831
274.570 3.690 54.773
274.580 4.190 83.616
274.590 3.960 87.438
274.600 4.170 65.738
274.610 3.680 61.528
274.620 3.940 87.350
274.630 4.090 89.354
274.640 4.200 87.515
274.660 4.290 72.189
274.670 3.890 76.307
274.680 4.150 89.819
274.690 4.070 86.199
274.710 3.820 87.601
274.720 4.420 53.742
274.730 4.850 76.939
274.740 4.430 82.541
274.760 4.530 68.416
274.770 5.760 34.980
274.780 4.400 58.798
274.820 4.060 86.638
274.830 3.780 74.691
274.850 4.380 65.449
274.860 4.570 81.669
274.920 4.540 86.485
274.930 4.870 83.190
274.940 4.500 65.102
274.950 4.390 70.171
274.970 4.540 62.566
275.010 4.390 68.153
275.020 4.400 78.747
275.030 3.920 66.566
275.040 4.370 87.142
275.050 4.480 77.033
275.080 4.510 88.667
275.090 4.330 80.610
275.100 4.770 86.370
275.110 4.520 76.859
275.120 4.280 79.921
275.130 4.270 87.813
275.140 4.310 67.207
275.150 4.420 80.479
275.200 4.500 81.938
275.210 4.420 73.158
275.220 4.000 61.189
275.230 4.130 86.741
275.240 4.550 67.136
275.260 4.220 82.917
275.270 4.270 79.476
275.280 4.660 66.117
275.290 4.420 72.392
275.300 4.080 56.645
275.320 4.260 47.029
275.330 4.160 82.063
275.340 4.070 53.310
275.360 3.910 60.106
275.370 4.330 50.187
275.380 4.030 87.529
275.390 4.020 62.257
275.400 4.030 74.962
275.410 4.110 61.359
275.420 4.020 54.722
275.430 4.590 81.565
275.440 4.360 64.179
275.450 4.490 51.085
275.460 4.740 53.336
275.470 4.330 60.588
275.480 4.870 51.582
275.490 4.440 46.643
275.500 5.140 70.913
275.510 5.100 48.087
275.520 4.270 68.781
275.530 4.950 53.034
275.560 4.770 44.184
275.570 4.500 74.065
275.580 4.380 48.617
275.590 4.180 86.788
275.610 4.070 82.679
275.630 3.900 73.235
275.650 4.040 47.604
275.660 3.950 58.306
275.670 4.290 47.566
275.680 4.140 65.749
275.690 4.200 43.384
275.700 4.380 58.584
275.720 3.940 66.379
275.740 4.080 68.653
275.760 4.450 36.317
275.770 4.280 51.276
275.780 5.090 68.828
275.790 4.000 64.184
275.820 4.340 54.803
275.830 4.030 82.652
275.840 4.090 59.092
275.850 4.340 48.599
275.860 3.910 75.831
275.870 4.000 86.104
275.880 4.180 77.165
275.890 4.330 79.163
275.900 3.920 69.763
275.910 3.660 63.316
275.920 3.780 69.160
275.930 4.500 67.272
275.940 3.860 63.768
275.950 4.310 40.965
275.960 4.580 75.188
275.970 4.240 77.348
275.980 4.260 52.856
275.990 4.250 61.276
276.000 4.000 46.109
276.010 3.930 58.129
276.020 4.040 80.110
276.030 3.590 82.428
276.050 4.590 74.157
276.060 4.810 62.099
276.070 4.390 58.394
276.080 4.690 79.795
276.090 3.960 54.985
276.100 4.110 44.310
276.110 4.100 65.330
276.120 5.110 45.719
276.130 4.680 53.367
276.150 5.220 60.225
276.160 4.190 59.400
276.170 3.990 72.502
276.180 3.890 68.081
276.190 3.910 66.657
276.200 4.240 62.676
276.210 4.590 67.680
276.220 4.090 66.513
276.230 4.490 74.102
276.240 4.070 48.456
276.250 4.310 82.797
276.260 4.620 79.247
276.270 4.310 81.693
276.280 4.240 82.657
276.290 3.850 84.887
276.300 3.860 65.453
276.310 4.620 66.434
276.320 4.610 42.618
276.330 4.130 47.704
276.340 4.360 53.487
276.350 4.340 65.305
276.360 4.380 79.708
276.380 4.920 72.610
276.390 4.510 64.254
276.400 4.280 71.411
276.410 4.300 61.965
276.420 4.100 63.886
276.430 3.810 57.519
276.440 4.810 58.988
276.450 4.500 56.281
276.460 4.660 39.567
276.470 4.430 28.438
276.480 4.590 69.032
276.490 4.050 57.282
276.500 4.430 44.370
276.510 4.240 66.430
276.520 4.170 70.883
276.530 4.710 72.564
276.540 5.120 58.161
276.550 4.740 78.132
276.560 4.260 69.789
276.580 3.840 66.524
276.590 4.110 50.918
276.600 4.150 62.689
276.640 6.000 88.120
276.690 5.930 85.783
276.770 5.840 87.067
276.840 5.930 88.032
276.850 5.800 81.690
276.860 5.700 86.571
276.960 5.520 45.003
277.030 5.540 79.929
277.090 5.980 85.799
277.100 5.970 81.233
277.540 5.980 84.528
277.720 5.880 80.049
278.440 5.740 78.192
278.570 5.840 77.078
279.180 5.170 72.793
279.190 5.710 71.371
279.270 5.660 74.970
279.300 5.990 85.880
279.640 5.910 81.457
279.840 5.560 83.989
279.860 5.800 55.113
279.870 4.870 74.507
279.890 5.000 62.109
279.900 5.310 60.152
279.910 5.610 74.720
279.920 5.470 40.056
285.150 5.940 89.631
285.220 4.360 80.402
285.240 4.900 88.897
285.250 4.630 72.897
285.260 4.490 76.135
285.270 3.900 74.017
285.280 4.220 61.537
285.300 3.850 57.558
285.310 4.270 66.230
285.320 4.460 88.940
285.330 4.270 57.155
285.340 4.250 54.909
285.360 4.190 50.110
285.370 5.150 40.001
285.380 4.040 75.206
285.420 5.330 88.666
285.430 4.700 79.644
285.440 4.570 65.071
285.450 4.800 55.455
285.460 4.700 83.612
285.480 4.520 53.372
285.510 5.890 86.240
285.520 5.650 82.864
285.590 4.700 61.652
285.600 4.470 87.670
285.610 4.510 79.040
285.620 3.880 87.553
285.630 3.950 82.754
285.640 3.960 74.172
285.650 3.920 71.159
285.660 4.980 59.331
285.670 4.190 65.017
285.700 4.240 60.114
285.720 4.520 65.813
285.760 5.200 84.359
285.770 5.070 89.152
285.790 4.370 84.029
285.800 4.000 68.717
285.830 4.370 67.084
285.840 4.350 61.356
285.850 4.250 37.117
285.860 4.220 53.086
285.870 4.120 86.988
285.880 4.720 66.292
285.890 4.530 67.552
285.910 4.870 60.479
285.920 4.570 73.282
285.950 5.060 89.481
286.010 5.160 89.837
286.020 4.610 58.615
286.030 5.220 82.347
286.040 4.260 48.213
286.050 4.670 69.036
286.060 4.630 81.232
286.080 5.590 81.568
286.100 5.610 78.210
286.120 5.060 66.625
286.130 4.180 67.344
286.140 4.790 55.074
286.150 5.220 78.288
286.160 4.250 60.815
286.170 4.730 66.583
286.220 4.810 78.122
286.230 4.540 70.675
286.240 4.630 37.248
286.250 4.200 72.948
286.260 5.560 52.205
286.270 4.170 46.972
286.280 4.300 35.216
286.290 4.370 68.535
286.300 4.310 58.936
286.310 4.380 44.198
286.320 4.330 49.396
286.330 4.320 51.762
286.340 4.780 31.350
286.350 4.640 49.338
286.360 4.750 55.288
286.370 4.720 61.372
286.380 4.580 71.229
286.390 4.120 45.560
286.400 4.250 66.715
286.410 4.510 78.313
286.420 4.180 60.363
286.440 4.170 84.769
286.450 4.170 70.958
286.460 4.270 72.149
286.470 4.220 75.115
286.480 4.310 72.878
286.490 4.310 48.613
286.500 4.300 43.652
286.510 4.540 65.375
286.530 4.910 83.028
286.540 4.180 53.960
286.550 4.290 51.636
286.560 4.270 21.864
286.570 4.560 49.030
286.580 4.290 51.244
286.590 4.530 84.234
286.600 4.640 88.255
286.610 5.510 88.144
286.620 4.260 72.427
286.630 4.500 78.762
286.640 4.890 86.989
286.680 4.970 81.046
286.690 5.310 87.826
286.700 5.100 85.085
286.720 5.020 80.242
286.730 5.220 80.870
286.750 5.230 89.162
286.760 4.730 76.167
286.770 4.180 49.579
286.780 4.360 83.496
286.810 4.650 73.907
286.820 4.790 81.711
286.830 4.070 68.115
286.840 4.800 86.733
286.850 4.280 51.955
286.860 4.520 76.508
286.870 4.620 89.070
286.880 4.160 73.881
286.890 5.170 88.242
286.900 4.920 88.759
286.910 4.220 78.720
286.920 4.410 67.895
286.930 4.530 71.965
286.940 4.200 78.479
286.960 5.110 75.923
287.000 4.600 89.909
287.010 4.100 58.890
287.020 4.340 68.821
287.050 4.500 51.094
287.060 4.210 70.131
287.080 4.570 68.823
287.110 4.310 86.838
287.130 4.530 51.044
287.140 3.920 49.714
287.150 3.970 60.335
287.160 4.650 66.200
287.170 4.930 53.345
287.180 4.550 63.141
287.190 4.620 52.319
287.200 4.410 67.223
287.210 5.330 59.415
287.220 5.740 75.214
287.510 4.860 78.143
287.540 4.850 72.326
287.550 4.740 77.562
287.560 5.420 86.523
287.570 4.890 81.387
287.580 5.110 85.052
287.590 4.700 77.960
287.600 4.360 56.577
287.610 5.550 76.930
287.630 4.660 76.793
287.650 5.040 70.132
287.730 4.310 57.531
287.750 3.910 79.357
287.760 4.310 74.728
287.770 3.940 39.272
287.780 3.980 78.412
287.790 4.380 84.869
287.800 4.550 65.378
287.810 4.310 72.408
287.820 4.500 65.871
287.830 4.300 56.994
287.840 4.450 73.767
287.850 3.950 78.562
287.860 3.910 50.653
287.870 4.440 87.730
287.880 4.220 86.266
287.890 4.180 46.370
287.900 3.960 83.234
287.920 4.170 57.835
287.930 4.250 67.344
287.940 4.410 80.210
287.960 4.110 84.957
287.970 4.140 83.661
287.980 3.920 72.843
288.000 3.960 79.154
288.020 4.310 67.900
288.030 4.710 81.902
288.040 4.130 85.593
288.050 4.760 54.079
288.070 3.800 82.557
288.110 4.500 60.648
288.120 5.310 43.930
288.130 4.210 74.187
288.140 4.200 62.978
288.160 4.330 51.050
288.170 4.340 63.355
288.180 4.780 79.527
288.190 3.850 77.652
288.200 4.380 63.635
288.210 4.540 68.786
288.220 4.490 59.867
288.230 4.430 16.236
288.240 4.170 56.022
288.250 4.400 71.928
288.270 4.820 75.841
288.280 5.170 68.112
288.290 4.340 61.328
288.300 4.130 46.830
288.320 3.880 67.907
288.330 3.950 87.621
288.340 4.240 82.298
288.350 4.440 61.008
288.360 4.290 37.631
288.370 4.760 64.619
288.390 3.870 58.496
288.400 4.140 66.977
288.420 4.560 54.675
288.430 4.270 64.173
288.440 4.770 36.410
288.450 4.690 71.686
288.460 4.190 66.920
288.470 3.950 75.163
288.480 4.210 52.340
288.490 4.250 86.860
288.500 4.470 47.937
288.510 4.080 55.309
288.520 4.100 67.254
288.530 3.930 82.262
288.540 4.350 75.732
288.550 4.330 55.841
288.560 4.130 82.101
288.570 5.150 67.337
288.580 4.140 75.319
288.590 3.840 83.983
288.600 4.110 70.152
288.610 4.040 85.917
288.620 4.780 50.227
288.630 4.040 56.987
288.640 4.280 88.909
288.650 4.220 82.895
288.660 4.620 59.018
288.670 4.410 67.461
288.680 4.240 77.273
288.700 3.900 89.010
288.710 4.490 61.123
288.730 4.680 53.602
288.740 4.270 83.384
288.760 4.190 61.122
288.780 4.040 81.490
288.790 4.870 47.270
288.800 4.440 56.722
288.810 3.960 55.597
288.820 3.790 80.645
288.830 3.950 72.680
288.840 4.880 88.658
288.850 4.160 80.923
288.860 4.260 23.664
288.890 4.050 79.163
288.900 4.060 63.327
288.910 4.150 66.446
288.940 4.160 60.808
288.950 4.390 82.267
288.970 5.170 87.216
288.980 4.050 52.224
288.990 4.540 64.872
289.000 4.460 65.783
289.020 4.730 63.309
289.030 4.180 63.752
289.040 5.020 45.000
289.050 4.640 82.433
289.060 4.440 54.686
289.070 4.110 37.698
289.080 4.170 59.097
289.090 4.680 86.498
289.100 4.730 88.199
289.110 4.630 49.159
289.120 5.110 82.277
289.130 4.620 58.192
289.140 5.230 89.702
289.150 4.600 74.480
289.160 4.960 86.881
289.170 4.510 74.354
289.180 4.600 54.150
289.230 4.190 74.744
289.240 4.590 75.246
289.250 4.740 73.562
289.260 4.860 76.155
289.270 4.120 62.450
289.280 4.800 52.788
289.290 5.030 71.938
289.300 4.360 55.284
289.310 3.920 61.134
289.320 4.090 67.061
289.330 4.010 83.840
289.340 4.500 77.465
289.350 4.510 79.480
289.360 4.550 66.389
289.370 4.990 81.214
289.390 5.490 74.051
289.410 4.190 79.113
289.430 5.310 80.491
289.440 4.520 83.043
289.450 4.790 72.709
289.460 4.420 73.828
289.470 5.080 69.596
289.480 4.140 36.362
289.490 4.570 54.839
289.500 4.200 33.931
289.510 4.800 32.966
289.520 4.320 41.243
289.530 4.200 40.768
289.540 4.280 46.355
289.550 4.530 66.138
289.560 4.160 73.289
289.570 4.130 63.223
289.610 4.380 53.194
289.620 4.910 67.800
289.630 4.230 58.446
289.650 4.310 63.048
289.660 3.990 82.322
289.670 4.250 63.753
289.680 4.030 77.354
289.690 4.690 49.463
289.700 4.480 80.906
289.710 4.720 85.053
289.720 4.630 75.550
289.730 4.190 69.930
289.750 4.010 89.321
289.790 4.710 87.598
289.800 4.060 83.902
289.810 4.220 56.661
289.820 4.350 70.002
289.830 3.910 86.210
289.840 4.110 76.449
289.850 4.210 49.141
289.860 4.380 61.128
289.870 4.000 48.255
289.880 4.420 46.733
289.890 4.140 47.135
289.900 4.840 66.667
289.910 4.100 73.630
289.920 4.330 55.347
289.930 4.250 45.933
289.940 4.520 53.955
289.950 4.530 34.072
289.960 4.510 36.913
289.970 4.390 40.263
289.980 4.590 16.658
289.990 4.060 54.863
290.000 4.460 79.034
290.010 4.500 79.829
290.020 4.480 84.127
290.030 4.510 85.399
290.050 4.700 75.483
290.060 4.350 44.930
290.070 4.500 63.584
290.090 3.960 72.533
290.100 4.280 60.184
290.110 4.350 67.606
290.120 4.310 56.650
290.130 4.200 76.231
290.150 4.760 70.084
290.160 4.630 50.509
290.170 4.740 64.644
290.180 4.240 78.310
290.190 4.270 41.609
290.210 4.950 83.639
290.220 4.280 54.382
290.230 4.380 72.777
290.240 4.150 46.436
290.250 4.850 69.556
290.260 4.390 73.879
290.310 5.000 89.897
290.340 5.430 87.250
290.370 5.340 77.811
290.380 4.560 71.659
290.400 5.000 69.757
290.410 5.620 81.606
290.420 5.250 87.007
290.430 5.070 85.917
290.440 4.630 78.829
290.450 4.520 73.824
290.520 4.320 53.944
290.530 4.540 73.970
290.570 4.850 79.020
290.580 4.980 66.313
290.600 4.000 49.232
290.610 4.770 82.923
290.620 4.410 54.754
290.640 5.010 74.713
290.680 5.420 80.981
290.690 4.760 76.066
290.710 5.420 86.488
290.730 5.040 53.854
290.740 5.410 82.122
290.760 5.150 84.548
290.820 5.210 80.018
290.840 5.320 83.046
290.850 5.600 89.183
290.860 5.690 84.710
290.870 5.210 85.162
290.970 4.940 89.241
291.210 4.330 71.074
291.220 4.300 87.501
291.380 4.930 89.474
291.580 4.200 65.006
291.590 4.470 87.589
291.610 4.160 85.851
291.620 4.630 52.959
291.630 5.040 40.981
291.670 4.740 60.261
291.700 4.350 56.589
291.710 4.340 63.475
291.720 4.650 85.794
291.740 4.640 74.219
291.750 4.710 89.878
291.760 4.570 83.859
291.920 4.390 78.765
292.050 4.710 86.286
292.190 4.270 88.079
292.200 4.440 83.054
292.210 4.740 73.252
292.220 4.680 85.726
292.230 4.720 68.923
292.240 5.060 81.701
292.280 4.310 75.497
292.290 4.590 77.958
292.300 4.380 77.711
292.310 4.350 63.665
292.320 4.720 66.611
292.330 4.790 83.359
292.340 4.450 80.503
292.350 4.780 72.700
292.360 3.870 74.129
292.370 4.340 74.854
292.380 4.260 88.889
292.390 4.580 88.717
292.410 3.980 52.592
292.420 4.300 82.006
292.440 3.780 80.419
292.480 4.650 89.618
292.490 5.730 38.208
292.510 4.450 73.751
292.520 4.470 50.817
292.530 3.880 67.951
292.550 4.640 67.109
292.560 4.780 83.813
292.570 4.800 84.979
292.600 5.000 88.046
292.610 4.610 85.998
292.620 5.570 79.266
292.640 4.530 72.807
292.650 4.870 79.550
292.660 5.030 87.725
292.670 4.710 77.244
292.680 5.120 87.847
292.710 5.230 89.852
292.720 5.240 89.091
292.730 4.590 78.713
292.750 4.990 80.363
292.760 4.610 59.223
292.770 4.260 61.602
292.780 4.330 62.973
292.790 5.380 79.411
292.800 5.010 82.413
292.820 4.470 89.992
292.840 4.940 89.676
292.880 4.940 89.080
292.920 4.380 71.832
292.930 4.310 60.531
292.940 4.420 79.604
292.950 4.240 81.310
292.960 4.410 71.173
292.970 4.590 75.701
292.980 4.550 85.124
293.020 5.200 89.712
293.030 5.430 76.478
293.060 4.260 73.577
293.070 4.200 66.456
293.090 5.090 83.485
293.120 4.740 84.318
293.140 4.560 89.140
293.150 4.960 79.397
293.160 4.390 71.842
293.180 5.110 83.587
293.230 5.240 89.976
293.250 4.660 60.130
293.260 5.120 89.747
293.270 4.750 65.608
293.320 4.590 58.770
293.330 4.820 66.231
293.340 4.990 81.842
293.350 4.880 70.319
293.360 4.370 72.607
293.370 4.880 59.639
293.380 4.970 66.193
293.390 4.500 55.951
293.450 5.180 80.997
293.460 5.250 89.581
293.490 5.370 84.641
293.500 5.040 67.411
293.510 4.510 66.995
293.530 4.410 60.024
293.540 4.960 69.060
293.550 4.600 85.884
293.560 4.430 82.886
293.570 5.090 87.055
293.590 4.890 89.622
293.610 4.840 87.834
293.620 4.570 82.713
293.630 4.710 88.332
293.640 4.730 87.773
293.660 4.460 82.334
293.670 4.600 75.563
293.680 4.230 72.214
293.690 4.050 59.408
293.700 4.780 74.119
293.720 4.790 69.866
293.730 4.320 76.793
293.740 4.460 68.473
293.750 4.200 75.808
293.760 4.140 63.617
293.770 4.520 69.003
293.780 3.880 63.911
293.820 4.100 65.076
293.840 4.460 66.689
293.860 4.110 60.813
293.870 4.680 82.625
293.890 4.980 85.382
293.910 4.180 73.865
293.920 4.060 63.287
293.930 4.570 74.813
293.960 4.720 89.718
293.980 5.140 83.468
294.070 5.230 87.357
294.140 4.650 83.302
294.160 4.450 71.196
294.170 4.520 77.683
294.180 4.780 48.178
294.280 5.570 70.475
294.340 5.440 71.213
294.350 5.750 76.675
294.360 4.990 48.911
294.370 5.970 76.491
294.390 5.740 86.268
294.410 5.560 76.777
294.420 4.890 65.408
294.430 4.270 44.112
294.440 4.300 53.204
294.450 4.530 59.793
294.460 4.160 72.876
294.470 4.620 58.044
294.480 5.670 82.830
294.500 5.150 77.138
294.520 5.400 74.854
294.550 5.500 78.430
294.790 5.410 84.730
294.940 5.540 89.549
295.150 5.470 89.610
295.870 5.490 73.030
295.920 5.670 86.645
295.950 5.860 86.713
295.980 5.550 71.357
296.010 5.600 88.082
296.240 5.860 77.529
296.260 5.790 35.558
296.270 5.350 51.510
296.280 5.290 38.373
296.320 5.800 66.371
297.430 5.830 59.410
297.740 5.820 88.997
297.750 5.850 53.210
298.780 5.810 85.891
298.910 5.920 76.707
299.120 5.670 72.978
299.150 5.900 51.937
299.470 5.790 66.625
299.650 5.900 51.643
299.660 5.900 56.613
299.730 5.850 53.493
302.570 5.770 70.548
302.580 5.430 58.728
302.590 5.630 68.108
302.610 5.050 71.591
302.620 5.260 64.638
302.630 5.640 38.987
302.640 5.750 66.298
302.650 5.340 50.784
302.660 5.320 66.571
302.670 5.320 49.903
302.680 5.520 51.752
302.690 4.700 65.017
302.790 5.700 86.108
302.850 4.290 42.539
302.860 4.030 87.048
302.870 4.040 58.041
302.880 4.620 83.408
302.890 4.140 86.306
302.910 3.920 85.181
302.920 3.910 88.282
302.930 4.040 86.907
302.940 4.180 85.707
303.090 4.620 87.379
303.100 5.180 86.686
303.150 4.030 79.111
303.180 4.410 76.192
303.190 4.500 88.891
303.200 4.280 66.627
303.210 5.280 58.222
303.220 5.610 14.041
303.240 5.420 79.292
303.250 5.160 86.703
303.260 5.770 75.366
303.270 4.580 71.690
303.280 5.490 78.056
303.290 4.650 73.605
303.300 3.950 78.495
303.320 5.460 65.977
303.330 5.170 69.662
303.340 5.790 77.325
303.350 5.380 80.536
303.360 5.750 72.771
303.370 4.420 74.964
303.380 4.330 64.685
303.400 4.100 65.843
303.410 3.970 31.711
303.420 4.100 73.509
303.430 4.260 70.542
303.440 4.300 81.411
303.450 3.930 65.937
303.460 4.140 70.424
303.480 4.160 84.593
303.490 4.450 75.783
303.500 4.250 79.432
303.510 4.090 64.935
303.520 4.350 58.322
303.530 4.710 49.521
303.540 4.750 39.745
303.550 4.910 69.999
303.560 3.760 69.016
303.570 3.770 51.885
303.580 4.690 76.932
303.590 4.370 59.022
303.600 4.430 59.938
303.610 4.240 57.012
303.620 4.030 63.464
303.630 4.350 49.749
303.640 5.260 16.270
303.650 4.160 46.901
303.660 3.930 84.317
303.670 3.660 67.445
303.680 4.340 63.144
303.690 4.110 70.807
303.700 3.900 73.229
303.710 4.610 39.782
303.720 3.630 72.060
303.730 3.880 82.218
303.740 4.140 64.619
303.750 4.040 80.365
303.760 3.870 83.257
303.790 3.970 56.862
303.800 3.990 84.617
303.810 4.220 66.994
303.830 4.670 70.876
303.840 4.110 52.646
303.850 4.360 62.729
303.860 4.390 80.135
303.870 4.790 26.850
303.880 4.760 33.484
303.890 4.220 82.792
303.900 4.650 53.120
303.920 4.530 55.638
303.940 4.650 69.588
303.950 4.430 64.058
303.960 4.200 68.425
303.970 4.020 46.753
303.980 4.760 82.699
303.990 4.010 69.490
304.000 4.020 84.578
304.010 4.110 78.013
304.020 4.230 57.455
304.030 4.110 60.793
304.040 4.900 87.990
304.050 4.320 69.004
304.060 4.240 32.112
304.070 4.260 69.672
304.080 4.520 87.674
304.090 4.500 61.307
304.100 4.220 70.970
304.110 4.380 88.942
304.120 3.610 65.839
304.130 4.200 79.309
304.150 5.600 43.367
304.160 3.930 62.364
304.170 4.280 72.039
304.180 4.290 74.717
304.190 3.890 74.962
304.200 4.060 76.260
304.210 4.870 65.109
304.220 4.120 50.096
304.230 4.430 47.500
304.240 4.540 61.806
304.260 4.200 80.299
304.270 4.370 87.129
304.280 4.490 42.351
304.290 4.170 47.495
304.320 4.390 66.140
304.330 4.200 69.588
304.340 4.370 66.068
304.350 4.000 71.660
304.360 4.550 68.005
304.380 4.220 85.625
304.390 4.310 62.603
304.400 4.260 88.210
304.410 4.300 71.483
304.420 4.540 65.477
304.430 4.020 77.898
304.440 4.130 68.545
304.450 4.010 72.620
304.460 4.680 84.892
304.470 4.140 61.878
304.480 3.740 75.371
304.490 4.100 73.069
304.500 3.670 60.934
304.510 3.930 86.541
304.520 3.880 69.286
304.530 3.990 88.812
304.540 4.290 82.489
304.570 4.030 60.124
304.580 3.870 60.126
304.590 4.110 61.218
304.610 4.400 76.825
304.620 3.950 81.388
304.630 3.820 83.519
304.640 4.640 64.332
304.650 4.240 69.983
304.660 4.270 69.470
304.670 4.070 83.366
304.680 3.890 86.587
304.690 3.930 81.126
304.700 3.980 87.100
304.710 3.770 63.181
304.720 4.250 76.876
304.730 3.820 85.983
304.740 4.150 84.162
304.750 4.630 62.070
304.760 4.390 84.794
304.780 4.070 63.703
304.790 3.890 66.088
304.800 3.970 88.302
304.810 4.120 80.499
304.820 4.030 74.761
304.830 4.250 72.369
304.840 4.430 79.505
304.850 4.410 73.650
304.890 4.320 63.207
304.940 4.370 77.272
304.950 4.430 62.943
304.970 5.030 82.705
304.980 4.180 54.047
304.990 4.800 69.690
305.000 4.630 58.337
305.010 3.940 72.804
305.020 5.230 72.572
305.060 4.170 85.796
305.090 4.240 83.531
305.100 4.160 65.421
305.110 4.700 58.214
305.120 4.060 65.982
305.130 4.050 72.365
305.140 4.060 55.971
305.150 3.970 55.233
305.160 4.320 76.128
305.170 4.200 83.121
305.180 4.360 57.731
305.200 4.380 69.102
305.210 4.150 82.257
305.220 4.740 86.916
305.230 3.980 66.623
305.240 4.240 81.744
305.260 3.900 73.292
305.270 4.190 47.461
305.280 4.280 72.525
305.290 4.470 73.460
305.300 4.440 70.817
305.310 4.450 78.735
305.330 4.960 62.703
305.340 4.190 84.939
305.350 4.280 74.657
305.360 4.410 78.719
305.370 4.410 65.453
305.390 4.420 73.555
305.400 4.340 76.712
305.410 4.470 53.159
305.420 4.290 84.497
305.430 4.270 72.996
305.440 3.880 87.041
305.450 4.050 62.808
305.470 4.170 77.751
305.490 4.080 84.910
305.500 3.940 75.942
305.510 3.930 63.041
305.520 4.240 67.146
305.530 4.630 66.195
305.540 4.670 74.304
305.560 4.140 54.886
305.570 3.990 69.511
305.580 4.290 77.223
305.590 4.060 82.693
305.610 4.860 88.241
305.620 4.500 85.805
305.630 4.410 48.948
305.640 4.160 81.421
305.650 4.520 83.115
305.680 4.760 85.910
305.700 4.230 73.969
305.710 3.900 72.905
305.730 4.970 75.936
305.740 4.110 78.975
305.750 4.240 71.041
305.760 4.130 84.579
305.770 3.930 79.667
305.780 4.060 66.889
305.790 3.780 87.818
305.800 3.920 66.077
305.820 4.120 79.677
305.830 3.850 87.315
305.840 3.630 78.243
305.870 3.940 83.742
305.880 4.160 74.270
305.890 3.790 88.368
305.900 4.110 88.931
305.910 4.290 71.806
305.920 3.720 86.345
305.930 4.580 78.910
305.950 4.050 73.486
305.960 4.410 72.524
305.970 4.290 83.845
305.980 3.990 60.199
305.990 4.360 83.192
306.000 4.640 81.101
306.010 3.990 74.401
306.020 3.990 80.502
306.040 4.130 76.521
306.050 4.430 85.881
306.060 4.310 63.102
306.070 4.160 51.050
306.080 4.470 32.066
306.090 3.990 50.254
306.100 4.770 37.653
306.110 4.120 35.225
306.120 4.110 43.462
306.130 4.310 45.479
306.140 4.760 56.495
306.150 4.040 67.963
306.160 4.180 41.149
306.170 4.620 37.451
306.180 4.610 52.229
306.190 4.260 72.367
306.200 4.010 62.732
306.210 3.840 73.052
306.220 4.140 54.861
306.230 4.220 51.836
306.240 3.750 54.271
306.250 4.380 55.436
306.260 4.530 28.345
306.270 4.500 44.491
306.280 4.200 56.603
306.290 4.150 35.582
306.300 4.740 76.336
306.310 4.340 69.455
306.320 4.000 59.982
306.330 4.370 84.790
306.340 4.410 65.591
306.350 4.110 58.421
306.360 5.020 66.269
306.370 4.370 65.368
306.380 4.460 64.271
306.390 4.740 80.589
306.430 4.060 65.973
306.550 4.980 82.850
306.570 4.650 82.454
306.580 4.740 75.870
306.590 4.560 62.992
306.600 4.710 83.480
306.610 4.970 66.822
306.620 4.390 76.805
306.630 4.720 78.886
306.640 4.380 72.486
306.690 4.380 70.506
306.710 4.250 66.408
306.720 4.210 86.614
306.730 4.630 87.106
306.750 4.730 88.800
306.760 4.230 81.372
306.880 4.070 70.584
306.890 4.470 84.831
306.900 4.670 56.793
306.910 4.760 75.564
306.950 4.630 88.412
306.970 4.840 82.271
306.980 4.510 67.159
307.000 4.160 61.256
307.010 5.220 89.141
307.020 4.730 80.564
307.050 4.720 78.159
307.070 4.270 52.932
307.080 4.640 84.056
307.090 4.780 80.056
307.100 4.780 88.113
307.120 4.840 88.584
307.450 5.440 85.772
307.480 5.000 61.566
307.490 5.630 78.156
307.500 4.060 45.123
307.510 4.630 59.390
307.520 5.160 78.460
307.530 4.310 64.098
307.540 4.350 58.269
307.550 4.400 73.165
307.560 4.150 71.657
307.570 4.640 68.941
307.590 4.200 51.765
307.600 4.000 79.616
307.640 3.710 85.761
307.680 3.670 80.167
307.740 4.260 60.795
307.750 4.030 71.019
307.770 4.210 86.666
307.850 4.020 85.529
307.860 4.140 63.440
307.870 3.970 78.845
307.880 4.230 79.020
308.050 4.510 74.044
308.060 4.420 75.264
308.090 4.760 80.056
308.100 3.700 83.284
308.160 4.080 89.766
308.170 3.960 87.239
308.280 3.850 80.567
308.330 3.690 79.894
308.390 3.740 88.012
308.630 3.910 84.915
308.670 4.010 72.936
308.690 4.060 67.503
308.710 3.730 87.910
308.780 3.490 89.460
308.790 4.050 84.006
308.810 3.430 71.886
309.140 4.020 88.844
309.170 4.070 81.019
309.180 4.360 33.536
309.190 4.010 78.803
309.200 4.510 68.344
309.220 4.260 71.524
309.260 4.260 82.668
309.270 4.350 67.402
309.300 4.200 72.765
309.310 3.750 60.536
309.320 4.430 89.885
309.630 4.520 63.138
309.640 4.380 83.430
309.750 4.020 86.567
309.760 4.070 87.623
309.770 3.620 84.856
309.800 4.400 78.449
309.810 4.080 86.797
309.890 3.980 77.940
309.900 4.100 75.252
309.910 4.790 87.090
309.940 4.690 86.094
309.950 4.140 57.562
309.960 4.890 82.345
309.970 3.950 83.099
310.030 3.690 87.898
310.040 4.190 79.648
310.060 4.710 88.145
310.070 4.770 84.235
310.110 3.970 73.641
310.120 4.170 78.222
310.300 4.540 72.735
310.360 4.480 73.800
310.460 4.770 77.590
310.540 4.760 89.818
310.550 4.820 89.848
310.570 4.690 72.966
310.580 4.440 69.271
310.640 4.540 88.400
310.660 4.120 78.375
310.670 4.850 88.340
310.910 5.180 79.766
310.920 4.650 70.291
310.930 5.050 82.397
310.940 4.510 86.282
311.000 4.390 85.153
311.030 3.840 80.459
311.080 4.520 34.982
311.090 4.410 68.355
311.100 4.830 16.977
311.110 4.850 65.813
311.120 4.980 29.864
311.130 4.930 24.433
311.140 5.250 30.344
311.150 5.180 34.935
311.160 4.570 86.363
311.180 5.170 38.194
311.190 4.990 27.040
311.200 5.060 24.508
311.240 5.410 13.040
311.260 4.760 13.321
311.350 4.780 86.970
311.380 4.270 69.923
311.390 4.240 64.777
311.920 5.070 49.472
312.440 4.790 76.813
313.690 5.110 79.876
313.910 5.020 82.023
313.920 4.840 89.223
313.940 4.390 77.044
313.960 4.370 82.603
313.980 3.960 76.002
314.000 3.620 84.383
314.010 4.120 52.852
314.020 4.140 49.191
314.030 4.230 88.025
314.050 4.570 89.261
314.060 4.220 78.034
314.070 4.240 68.478
314.080 4.350 67.995
314.100 4.610 75.374
314.110 4.860 84.742
314.130 4.720 80.211
314.160 4.120 53.802
314.170 4.060 58.723
314.180 3.930 52.275
314.190 4.380 37.805
314.200 4.060 69.476
314.210 3.960 79.621
314.220 4.180 67.930
314.230 4.290 68.734
314.240 4.360 77.490
314.250 3.870 64.349
314.260 4.050 61.973
314.270 4.210 59.055
314.280 4.480 85.369
314.300 4.020 56.580
314.310 4.400 38.236
314.320 4.180 67.598
314.330 4.130 47.697
314.340 4.320 80.350
314.350 3.980 69.328
314.360 4.230 83.480
314.370 4.090 79.809
314.380 4.020 80.882
314.390 4.330 71.224
314.400 4.250 89.896
314.410 4.040 84.428
314.430 3.950 82.425
314.440 3.930 73.449
314.450 3.930 85.279
314.460 4.070 77.696
314.470 4.150 72.297
314.480 4.150 63.674
314.490 4.270 54.279
314.500 4.220 51.045
314.510 3.930 77.951
314.520 4.060 66.637
314.530 4.290 71.468
314.540 4.680 88.185
314.550 4.170 75.174
314.560 4.130 79.464
314.570 4.210 66.533
314.580 4.180 76.455
314.590 4.930 89.330
314.600 4.500 85.144
314.630 4.280 75.932
314.640 4.100 42.868
314.650 4.340 78.616
314.660 4.500 72.200
314.680 4.830 50.352
314.690 4.460 72.746
314.700 3.870 68.002
314.710 4.260 85.103
314.720 4.070 66.743
314.730 4.240 67.450
314.750 4.340 81.449
314.780 5.040 78.711
314.790 5.200 70.279
314.800 5.180 89.858
315.050 5.490 65.437
315.060 5.520 75.498
315.070 5.560 56.907
315.080 4.960 46.060
315.100 5.950 60.117
315.730 5.410 82.460
315.870 5.670 82.781
315.960 5.570 72.050
315.970 5.460 70.004
315.980 5.360 49.943
316.010 5.510 69.678
316.020 5.630 79.001
316.030 5.780 65.777
316.090 5.720 59.119
316.100 5.090 56.367
316.110 4.880 58.614
316.120 5.120 85.643
316.130 4.310 65.790
316.140 4.430 54.222
316.150 4.360 77.451
316.160 4.260 55.148
316.170 4.160 59.471
316.190 4.160 62.318
316.200 4.540 70.283
316.210 4.850 53.023
316.220 4.570 66.710
316.230 3.980 60.162
316.240 4.620 83.170
316.250 3.950 81.316
316.260 3.950 60.923
316.270 4.400 58.400
316.280 4.180 77.160
316.290 4.230 45.127
316.300 4.110 40.770
316.310 3.950 51.816
316.320 4.270 45.489
316.330 4.480 43.246
316.340 4.170 46.718
316.350 4.320 42.472
316.360 4.260 38.501
316.370 4.480 43.274
316.380 4.430 20.270
316.390 4.380 62.729
316.400 4.720 58.990
316.410 4.410 44.618
316.420 4.060 21.844
316.430 5.050 29.176
316.440 4.150 32.404
316.450 4.290 53.139
316.460 4.190 63.147
316.470 5.040 58.319
316.480 4.760 29.226
316.490 4.530 45.408
316.500 4.010 29.501
316.510 4.780 48.554
316.520 4.160 48.286
316.530 4.300 49.020
316.540 4.670 57.377
316.550 4.220 60.567
316.560 4.560 43.928
316.570 4.960 55.397
316.580 4.380 75.601
316.590 4.800 43.796
316.600 4.150 46.611
316.610 4.200 49.826
316.620 4.170 57.524
316.630 4.330 50.804
316.640 4.150 73.352
316.650 4.490 35.653
316.660 4.060 41.411
316.670 4.260 43.519
316.680 4.690 45.038
316.690 4.440 76.983
316.700 4.610 49.446
316.710 4.720 65.202
316.720 4.520 73.137
316.730 4.360 67.194
316.740 4.680 72.273
316.750 4.350 81.153
316.760 5.010 75.757
316.770 4.900 72.489
316.780 4.610 63.826
316.790 4.750 75.729
316.800 5.080 72.892
316.810 5.380 53.824
316.820 4.640 60.610
316.830 4.960 76.604
316.840 5.000 79.975
316.850 4.570 73.689
316.860 4.560 79.197
316.870 4.330 65.323
316.880 4.120 52.765
316.890 4.250 78.470
316.900 3.840 87.149
316.910 4.650 57.471
316.920 4.070 63.570
316.930 4.160 55.953
316.940 4.250 50.040
316.950 4.590 41.747
316.960 4.430 48.711
316.970 4.780 69.088
316.980 4.560 74.717
316.990 4.270 57.686
317.000 4.390 62.517
317.010 4.010 72.460
317.020 4.190 49.410
317.030 4.170 80.414
317.040 4.180 61.286
317.050 4.670 87.341
317.060 4.680 78.123
317.070 4.080 50.237
317.080 4.910 69.228
317.090 5.180 74.654
317.100 5.100 88.428
317.110 4.850 84.787
317.120 4.280 49.960
317.160 4.160 78.167
317.170 4.300 59.714
317.180 4.880 75.034
317.190 4.740 75.868
317.200 4.600 74.666
317.210 4.380 87.339
317.220 4.700 74.254
317.230 4.420 61.260
317.240 4.310 79.561
317.250 4.450 69.502
317.260 4.550 61.055
317.270 4.490 83.495
317.290 4.530 87.738
317.310 5.460 82.408
317.320 4.480 74.577
317.330 4.660 78.216
317.340 4.740 76.185
317.350 4.590 64.855
317.360 4.950 66.193
317.370 4.030 60.238
317.410 4.940 81.736
317.420 5.540 80.547
317.440 5.290 80.927
317.570 5.050 83.127
317.590 4.430 66.459
317.710 5.370 72.836
317.790 5.080 77.541
317.800 5.590 88.029
317.810 5.540 86.457
317.860 5.350 89.029
317.870 5.230 84.793
317.900 4.910 69.265
317.910 5.340 86.544
317.920 4.940 76.318
317.960 4.410 80.748
317.970 5.120 86.813
317.980 4.620 41.643
318.000 5.210 80.533
318.020 4.570 67.412
318.030 4.660 77.107
318.040 4.460 68.012
318.050 4.390 66.268
318.060 4.410 50.213
318.070 4.590 77.027
318.080 4.390 53.855
318.090 4.340 51.941
318.100 4.350 61.345
318.110 4.090 73.536
318.120 3.870 79.461
318.130 3.760 74.376
318.140 3.920 63.812
318.150 3.930 79.508
318.160 4.080 79.908
318.170 4.080 62.524
318.190 3.820 86.181
318.200 4.030 84.813
318.210 4.030 83.705
318.220 4.130 70.460
318.230 3.820 60.137
318.240 3.990 67.379
318.250 4.540 73.610
318.260 4.520 88.259
318.270 4.460 59.687
318.280 4.190 70.650
318.290 3.960 68.982
318.300 4.190 75.614
318.310 4.000 72.830
318.320 4.090 69.945
318.330 3.810 69.866
318.340 4.320 67.007
318.350 3.860 67.685
318.360 4.720 77.313
318.370 4.040 62.635
318.380 4.170 67.236
318.390 4.140 54.103
318.400 4.050 60.111
318.410 4.500 67.550
318.420 4.140 53.022
318.430 4.800 42.081
318.440 4.820 58.205
318.450 5.170 84.792
318.470 4.670 80.064
318.480 4.700 81.744
318.490 3.950 65.448
318.500 4.350 55.799
318.510 4.150 74.416
318.530 4.550 67.128
318.540 4.720 85.698
318.550 4.000 60.064
318.560 4.370 87.341
318.570 4.560 89.998
318.580 4.340 73.042
318.590 4.440 71.453
318.600 4.700 73.351
318.610 4.480 61.476
318.620 4.410 68.255
318.630 4.270 83.943
318.660 4.540 71.223
318.680 4.160 80.328
318.690 4.130 76.161
318.700 5.200 76.448
318.710 4.310 59.309
318.720 4.800 62.131
318.730 4.750 71.782
318.750 5.430 81.400
318.760 5.460 72.312
318.770 5.500 83.088
318.780 5.440 74.110
318.790 5.430 68.257
318.800 5.240 53.188
318.820 4.650 62.497
318.830 4.550 67.813
318.840 4.960 78.892
318.870 5.880 62.304
318.880 5.420 78.107
318.890 4.980 76.948
318.900 4.760 59.771
318.910 4.430 70.812
318.920 4.600 73.976
318.940 3.770 69.256
318.950 4.200 79.921
318.960 4.110 84.535
318.970 4.380 79.113
318.980 4.890 72.271
318.990 4.370 77.959
319.000 4.870 87.382
319.010 4.490 56.114
319.020 4.480 68.944
319.040 4.480 65.926
319.050 4.110 71.276
319.060 4.340 78.469
319.070 4.490 56.275
319.080 3.850 39.458
319.090 5.040 61.115
319.100 4.230 47.097
319.110 4.530 77.105
319.120 4.770 83.260
319.150 5.160 89.218
319.160 5.360 82.519
319.170 4.800 73.311
319.210 5.020 88.133
319.220 4.580 71.217
319.230 4.450 73.261
319.240 5.500 78.412
319.250 5.110 84.531
319.260 5.040 83.977
319.270 5.200 73.573
319.280 5.520 81.613
319.290 5.850 79.803
319.310 4.480 84.272
319.320 3.890 84.776
319.330 4.230 80.191
319.360 4.200 76.034
319.370 3.970 68.197
319.390 4.310 76.462
319.400 4.480 67.326
319.410 4.290 81.938
319.420 4.240 71.295
319.440 4.300 67.214
319.470 4.620 87.471
319.480 4.160 55.243
319.490 4.760 67.363
319.500 4.710 87.007
319.510 5.190 84.595
319.520 5.540 75.529
319.530 3.980 79.462
319.540 4.440 81.211
319.550 4.190 81.872
319.560 4.430 49.541
319.580 4.220 62.729
319.610 4.760 81.590
319.620 5.540 84.889
319.630 5.240 85.164
319.660 4.890 77.086
319.700 4.880 85.405
319.710 4.690 77.410
319.730 5.420 84.156
319.740 4.530 62.005
319.750 4.720 63.553
319.760 4.390 79.463
319.770 5.040 88.695
319.780 4.170 76.113
319.790 4.180 60.650
319.800 4.470 69.796
319.810 4.530 59.498
319.820 4.760 87.438
319.880 4.450 80.188
319.890 4.430 53.149
319.900 4.220 73.118
319.910 4.330 87.721
319.940 4.630 71.968
319.950 3.890 88.389
319.970 4.250 72.701
319.980 4.640 81.711
319.990 4.440 75.265
320.000 4.700 78.070
320.010 4.770 88.384
320.020 4.060 70.380
320.030 4.630 71.276
320.060 4.610 82.593
320.080 4.690 86.323
320.090 4.720 57.873
320.120 4.630 73.390
320.130 4.590 61.882
320.160 5.190 86.758
320.200 4.130 83.469
320.210 4.060 59.969
320.220 4.300 82.856
320.230 4.010 61.904
320.240 4.630 56.914
320.250 4.440 66.692
320.260 4.380 86.438
320.270 4.700 71.941
320.280 4.140 65.441
320.290 5.170 25.059
320.300 4.140 78.713
320.310 4.280 68.236
320.330 4.240 70.382
320.340 4.140 59.519
320.350 4.470 69.105
320.370 4.900 87.120
320.390 4.230 67.709
320.400 4.210 35.470
320.410 4.530 75.291
320.440 5.110 89.549
320.450 5.600 85.618
320.510 5.220 71.342
320.540 4.490 81.579
320.580 4.550 85.578
320.600 4.110 87.469
320.630 5.710 63.426
320.710 4.880 77.097
321.170 5.030 84.396
321.190 5.280 74.291
321.200 4.800 65.595
321.210 4.010 61.977
321.220 4.160 59.281
321.230 5.000 61.860
321.240 5.390 74.111
321.250 5.060 75.339
321.260 4.910 81.749
321.270 4.680 45.362
321.280 4.990 54.492
321.290 4.960 78.079
321.300 4.790 57.255
321.310 5.000 82.760
321.320 4.360 59.105
321.330 4.280 85.941
321.340 4.600 63.696
321.360 4.330 74.240
321.370 5.040 84.200
321.380 5.400 88.885
321.410 5.270 85.775
321.430 4.670 79.760
321.470 4.190 78.089
321.480 4.260 85.909
321.490 4.550 26.589
321.500 3.900 46.784
321.510 4.110 52.127
321.520 4.260 41.672
321.530 4.370 28.721
321.540 4.100 40.439
321.550 4.320 62.238
321.560 4.230 55.230
321.570 3.760 59.505
321.580 4.090 36.464
321.590 4.240 32.221
321.600 4.410 46.190
321.610 4.260 41.348
321.620 4.220 61.552
321.630 4.540 55.703
321.640 3.830 59.966
321.650 4.250 56.175
321.660 4.100 43.824
321.670 4.800 66.935
321.680 5.290 86.728
321.700 4.190 50.494
321.710 5.370 80.037
321.720 4.770 58.571
321.730 4.390 58.792
321.740 4.720 49.261
321.750 4.950 69.744
321.760 4.670 62.356
321.770 4.400 83.309
321.780 4.680 79.565
321.790 4.630 63.768
321.800 4.340 86.522
321.810 4.020 57.392
321.820 4.760 66.139
321.830 4.140 67.072
321.840 3.850 45.196
321.850 4.230 55.220
321.860 4.520 51.086
321.880 4.700 69.164
321.890 4.100 56.633
321.900 4.400 77.977
321.910 4.340 64.068
321.920 4.210 81.374
321.930 4.520 69.940
321.950 3.640 71.380
321.970 3.900 58.359
321.980 4.010 89.275
322.000 3.960 77.100
322.020 3.970 67.547
322.030 4.080 87.609
322.040 4.190 63.420
322.050 3.680 68.773
322.060 4.410 78.733
322.080 4.400 56.043
322.100 4.170 69.971
322.110 4.030 59.205
322.120 4.150 74.034
322.130 4.360 54.415
322.140 4.510 65.364
322.150 4.870 81.743
322.160 4.730 83.678
322.170 4.710 89.044
322.180 5.000 35.543
322.190 5.720 55.353
322.200 4.420 46.343
322.210 4.620 69.559
322.220 4.110 68.455
322.230 4.830 58.935
322.240 4.570 52.581
322.250 4.710 64.075
322.260 4.310 89.513
322.280 3.950 70.776
322.300 4.350 70.737
322.310 4.330 67.359
322.320 4.000 69.439
322.330 5.210 73.595
322.340 4.360 52.265
322.350 4.370 70.338
322.410 4.810 89.394
322.430 4.300 87.212
322.440 3.900 65.035
322.450 4.430 75.008
322.460 4.240 66.515
322.480 4.710 28.439
322.490 4.220 68.057
322.500 5.280 47.075
322.510 4.400 56.504
322.520 3.690 82.397
322.530 3.890 75.163
322.540 4.010 75.431
322.560 3.510 78.346
322.570 4.240 68.957
322.590 4.020 72.375
322.600 4.220 38.806
322.610 4.910 29.111
322.620 4.470 85.142
322.630 4.250 46.856
322.640 4.960 76.314
322.650 4.350 83.321
322.660 4.870 80.625
322.670 4.170 74.791
322.680 4.010 79.604
322.690 4.400 75.229
322.700 3.950 81.196
322.710 4.280 72.282
322.740 4.250 50.250
322.750 4.060 63.386
322.760 4.210 72.830
322.770 4.170 69.313
322.780 4.440 75.091
322.790 4.170 65.377
322.800 4.440 66.140
322.810 4.130 80.025
322.820 3.880 72.590
322.850 4.540 89.921
322.900 3.960 74.823
322.910 4.700 81.428
322.930 4.360 61.744
322.940 4.680 64.657
322.950 4.000 55.342
322.960 4.220 70.174
322.970 4.240 61.503
322.980 3.960 75.881
323.020 3.750 80.309
323.030 4.210 86.024
323.040 4.000 73.375
323.060 3.920 76.615
323.070 4.400 77.375
323.080 4.350 67.482
323.090 5.020 82.006
323.110 4.060 48.118
323.120 4.290 82.611
323.130 4.860 88.532
323.140 4.340 58.336
323.150 4.120 80.507
323.160 4.290 80.899
323.170 4.330 65.315
323.190 4.720 84.392
323.200 4.360 79.015
323.210 3.990 53.607
323.220 4.030 54.028
323.230 4.230 56.688
323.240 3.870 81.926
323.250 4.260 86.685
323.260 3.940 84.671
323.280 4.050 83.926
323.300 3.920 68.794
323.330 3.910 73.840
323.340 3.930 72.314
323.350 4.320 75.363
323.360 4.070 63.571
323.370 4.170 82.548
323.380 4.290 72.296
323.390 4.260 79.150
323.410 3.940 82.984
323.420 3.920 88.405
323.440 4.430 82.818
323.460 4.110 72.389
323.470 4.350 38.153
323.480 4.200 66.073
323.490 5.010 61.049
323.500 4.300 66.168
323.510 4.660 85.888
323.520 4.230 59.230
323.530 4.140 76.850
323.540 4.250 88.360
323.560 4.190 58.202
323.570 4.220 66.742
323.580 4.300 51.840
323.600 4.260 54.422
323.610 4.530 56.080
323.630 4.560 60.291
323.640 4.570 72.567
323.650 4.620 74.795
323.660 4.250 59.334
323.670 4.210 84.520
323.680 4.540 76.394
323.690 4.140 42.571
323.700 4.500 42.371
323.710 4.740 54.877
323.730 4.230 83.463
323.740 4.140 77.707
323.750 4.320 70.301
323.760 4.650 49.840
323.770 4.340 88.996
323.790 3.880 63.588
323.800 4.170 67.329
323.810 4.270 84.277
323.820 5.130 87.336
323.830 4.070 65.859
323.850 4.110 52.094
323.860 4.200 85.794
323.870 3.990 60.410
323.880 4.020 76.785
323.900 4.430 75.904
323.910 4.300 62.414
323.920 3.880 46.360
323.930 3.930 71.942
323.940 4.440 86.637
323.950 4.810 65.504
323.960 4.310 74.812
323.970 4.560 78.657
323.980 4.590 79.488
324.000 4.570 82.324
324.010 4.180 86.887
324.020 3.970 86.979
324.040 3.910 74.045
324.050 5.560 65.379
324.070 4.020 75.069
324.080 4.500 42.929
324.090 4.630 32.662
324.100 4.070 38.445
324.120 3.560 72.826
324.130 4.020 82.284
324.140 4.540 71.394
324.150 4.430 64.848
324.160 4.000 73.450
324.180 4.320 82.327
324.190 4.220 68.078
324.200 4.650 87.568
324.210 4.200 79.220
324.230 4.420 85.704
324.240 4.090 75.441
324.250 3.620 65.820
324.260 4.290 65.800
324.270 3.900 63.052
324.280 3.850 80.078
324.330 4.230 70.103
324.340 3.880 66.765
324.350 4.190 57.854
324.360 4.430 80.578
324.370 4.520 74.185
324.390 3.960 76.929
324.400 4.310 70.523
324.410 4.300 72.795
324.440 4.320 71.532
324.450 4.370 72.010
324.460 4.180 69.890
324.470 4.240 66.959
324.480 4.850 66.649
324.490 5.440 62.754
324.500 4.790 67.912
324.510 5.020 85.216
324.520 5.230 85.845
324.530 4.240 38.204
324.540 4.290 71.323
324.570 4.770 81.709
324.580 4.080 74.400
324.590 3.950 71.319
324.600 4.520 68.726
324.630 4.200 40.312
324.640 4.050 80.020
324.650 4.400 85.597
324.660 4.130 75.733
324.670 3.830 77.432
324.680 4.040 78.290
324.690 3.960 85.781
324.700 4.120 83.238
324.710 4.280 79.763
324.720 4.530 69.549
324.730 4.230 79.047
324.740 4.360 76.729
324.750 4.150 76.207
324.760 4.160 69.813
324.770 4.940 88.448
324.780 4.170 50.342
324.910 5.800 86.516
324.930 5.730 79.962
324.970 5.870 79.777
325.550 5.930 75.804
325.890 5.640 82.656
326.080 5.720 84.572
326.270 5.500 76.628
326.280 5.630 66.778
326.310 5.070 57.483
326.540 5.620 87.212
326.550 5.710 87.456
326.570 5.950 75.761
326.610 4.300 77.899
326.620 4.360 60.216
326.630 4.450 87.241
326.640 3.860 81.767
326.660 3.860 67.512
326.670 3.970 73.072
326.680 3.930 89.515
326.690 3.750 62.228
326.700 4.290 88.351
326.710 4.300 68.982
326.720 4.250 61.249
326.730 4.320 69.107
326.740 4.490 49.147
326.750 4.110 64.187
326.760 4.270 53.500
326.770 4.390 86.063
326.790 4.240 68.665
326.800 4.190 64.495
326.810 4.870 61.214
326.820 4.270 81.708
326.830 4.240 70.608
326.840 4.730 67.572
326.850 4.440 71.246
326.860 4.290 87.826
326.870 4.200 74.645
326.880 4.430 60.009
326.890 4.140 79.045
326.900 4.030 47.626
326.910 4.130 78.178
326.920 4.120 63.816
326.930 4.300 60.710
326.950 4.160 54.430
326.970 3.980 86.582
326.980 4.050 46.367
326.990 4.360 56.101
327.000 4.210 84.496
327.010 4.200 62.596
327.020 3.790 77.296
327.030 4.360 60.610
327.040 4.250 60.028
327.050 3.750 54.016
327.060 3.920 68.996
327.070 4.010 68.784
327.080 4.180 45.575
327.090 4.190 61.147
327.100 4.380 55.990
327.120 4.200 77.107
327.130 4.130 76.705
327.160 4.260 73.819
327.180 4.040 78.869
327.190 4.090 49.529
327.200 4.000 66.306
327.210 4.040 80.434
327.220 3.800 52.501
327.230 4.200 80.590
327.240 4.340 78.211
327.250 3.820 89.039
327.260 4.830 67.878
327.290 3.930 75.127
327.300 4.340 87.503
327.310 4.240 69.197
327.320 3.990 70.844
327.330 3.920 70.753
327.340 3.940 85.428
327.350 4.030 56.315
327.360 4.590 55.381
327.370 4.190 84.394
327.380 4.380 60.177
327.390 4.930 49.802
327.400 3.930 65.991
327.410 4.680 73.667
327.450 4.510 82.133
327.460 5.440 88.817
327.480 3.960 70.843
327.490 3.800 62.544
327.500 4.040 76.807
327.510 3.880 67.557
327.520 4.310 42.815
327.530 4.420 84.599
327.540 3.750 85.396
327.550 3.880 79.196
327.560 3.990 70.898
327.580 3.800 72.333
327.590 3.960 77.240
327.600 3.910 84.684
327.610 3.800 67.525
327.620 4.490 80.389
327.630 3.960 69.973
327.640 4.250 54.735
327.650 4.030 87.892
327.660 3.770 80.965
327.670 4.350 89.069
327.680 4.420 82.959
327.700 4.350 79.356
327.710 4.480 60.062
327.720 5.020 62.371
327.730 4.150 79.889
327.740 4.800 52.042
327.750 4.700 65.354
327.770 4.050 62.055
327.790 4.420 47.597
327.800 3.960 76.188
327.810 3.660 75.210
327.820 4.110 88.282
327.840 4.040 85.376
327.850 3.840 79.932
327.860 4.220 73.076
327.880 4.320 83.288
327.890 3.840 87.743
327.900 4.170 84.124
327.910 3.930 88.946
327.930 4.020 75.611
327.940 4.260 68.488
327.960 3.830 63.080
327.970 4.670 81.072
327.980 4.260 82.353
328.000 4.720 23.094
328.010 4.840 26.480
328.020 4.390 30.688
328.030 4.250 68.106
328.040 4.570 78.506
328.050 4.390 46.460
328.060 4.470 87.233
328.070 4.320 73.684
328.080 4.890 62.256
328.090 4.690 71.106
328.100 4.110 70.614
328.120 4.210 43.909
328.130 4.020 67.684
328.140 4.130 42.564
328.150 4.380 70.780
328.160 4.230 62.007
328.170 3.960 85.705
328.180 3.960 81.992
328.190 4.240 77.532
328.200 4.610 63.349
328.210 4.250 56.583
328.220 4.250 74.530
328.230 4.320 71.148
328.250 4.430 55.684
328.270 4.220 83.195
328.280 4.060 87.788
328.300 4.180 71.883
328.310 4.320 54.503
328.320 4.260 88.160
328.330 4.490 47.382
328.340 4.180 70.461
328.350 4.020 68.078
328.360 3.990 70.450
328.370 4.260 51.166
328.390 4.390 79.374
328.410 4.350 74.599
328.420 4.230 55.177
328.430 3.980 50.149
328.440 4.340 37.999
328.450 5.250 73.267
328.460 4.140 79.047
328.470 4.120 71.868
328.480 4.220 79.202
328.500 4.550 76.390
328.510 4.280 47.208
328.520 4.260 62.383
328.530 3.920 63.418
328.540 4.730 58.791
328.560 4.640 82.440
328.580 4.660 85.643
328.590 3.890 62.675
328.600 4.230 84.111
328.610 4.270 66.918
328.620 4.680 69.596
328.630 4.230 63.106
328.650 4.340 71.157
328.660 4.700 78.138
328.670 4.150 75.934
328.680 4.250 59.115
328.690 4.560 48.769
328.700 4.320 51.008
328.710 4.060 65.572
328.720 4.580 40.901
328.730 4.720 59.228
328.740 5.080 69.269
328.760 5.300 59.232
328.770 4.540 68.356
328.780 3.810 80.827
328.800 4.210 68.085
328.810 4.020 59.719
328.830 4.490 83.585
328.840 5.200 85.147
328.860 4.810 85.442
328.870 4.430 81.295
328.880 4.810 73.456
328.890 4.890 64.467
328.900 4.350 55.181
328.910 4.710 84.658
328.930 4.270 71.998
328.940 4.500 71.968
328.960 5.010 62.376
328.970 5.390 72.005
328.990 4.480 82.243
329.000 4.900 80.692
329.020 5.010 83.362
329.030 4.800 85.751
329.040 5.470 86.091
329.050 5.060 82.272
329.060 4.550 84.252
329.070 4.210 53.098
329.080 4.190 79.609
329.090 4.640 79.555
329.100 4.400 86.663
329.110 4.400 85.710
329.140 4.490 67.193
329.150 4.610 85.629
329.160 4.690 82.387
329.170 4.310 52.827
329.180 4.600 63.194
329.190 4.600 71.127
329.200 3.890 71.096
329.220 5.460 78.696
329.230 4.950 81.630
329.240 4.290 82.113
329.250 4.130 76.109
329.260 4.500 39.971
329.330 4.940 86.721
329.340 4.640 85.755
329.350 4.510 81.379
329.370 4.850 84.983
329.380 5.220 73.820
329.390 5.460 81.125
329.400 4.740 56.532
329.410 4.220 61.737
329.420 4.320 57.721
329.430 4.250 70.282
329.440 4.480 58.509
329.450 4.450 74.349
329.460 4.420 89.722
329.480 5.570 87.673
329.490 5.590 89.600
329.500 5.460 85.288
329.520 4.650 74.741
329.540 5.240 84.819
329.550 4.930 60.629
329.560 5.130 82.469
329.570 5.900 85.998
329.590 4.460 77.260
329.600 4.470 87.520
329.610 4.490 37.660
329.620 4.860 58.549
329.630 4.450 60.823
329.640 3.970 58.804
329.650 4.210 44.109
329.660 4.320 57.946
329.670 4.570 82.269
329.680 4.220 71.809
329.690 4.320 55.411
329.700 4.380 47.068
329.710 4.200 38.495
329.720 4.760 87.476
329.730 3.870 66.727
329.740 3.940 69.039
329.750 4.260 43.939
329.760 4.250 58.427
329.770 3.930 63.458
329.780 3.890 61.803
329.790 4.270 79.643
329.800 4.150 81.518
329.810 4.550 75.159
329.820 4.060 60.417
329.830 4.330 30.898
329.850 5.180 76.656
329.860 4.520 76.136
329.870 4.360 86.858
329.880 4.150 51.942
329.890 4.410 53.984
329.900 4.300 32.888
329.910 4.110 52.323
329.920 4.160 80.225
329.930 4.290 63.500
329.940 4.460 68.194
329.950 4.460 42.921
329.960 4.080 65.694
329.970 3.860 42.642
329.980 4.290 72.551
329.990 4.130 67.464
330.000 4.280 52.969
330.010 4.080 78.872
330.020 5.020 85.375
330.040 4.950 66.798
330.050 3.880 51.512
330.060 4.080 68.443
330.070 4.140 57.713
330.080 4.150 62.552
330.090 4.350 49.950
330.100 4.190 57.128
330.110 4.690 35.378
330.120 4.640 48.214
330.130 4.320 41.572
330.150 5.270 72.841
330.160 4.840 58.281
330.200 5.430 74.108
330.210 4.560 72.249
330.230 5.070 81.806
330.260 4.300 62.490
330.270 4.450 59.942
330.280 4.260 50.938
330.290 3.960 72.192
330.300 4.320 55.158
330.310 4.210 57.119
330.320 4.420 67.768
330.350 4.240 87.394
330.360 4.080 87.757
330.370 4.350 74.340
330.380 4.420 55.015
330.390 4.370 72.203
330.400 4.370 88.620
330.420 4.120 77.664
330.430 4.210 58.169
330.440 4.110 65.203
330.450 4.100 61.382
330.470 3.960 66.435
330.480 5.060 65.111
330.490 4.600 80.544
330.500 4.180 88.969
330.520 4.870 79.374
330.530 4.050 59.585
330.540 4.480 70.556
330.550 4.000 89.111
330.560 4.220 70.271
330.570 4.110 81.445
330.580 4.540 40.243
330.590 3.950 68.393
330.600 4.210 87.883
330.610 4.070 80.735
330.630 3.790 83.365
330.640 4.410 68.406
330.650 3.830 73.021
330.670 3.940 79.274
330.680 4.010 83.487
330.690 3.700 80.747
330.700 4.380 85.336
330.720 4.500 86.383
330.730 4.530 89.604
330.740 4.070 64.531
330.750 4.680 84.060
330.760 3.970 74.266
330.770 4.100 71.644
330.780 3.830 75.971
330.790 3.960 85.824
330.800 4.280 60.511
330.820 3.740 74.106
330.830 4.080 88.328
330.840 4.060 80.111
330.850 4.090 88.193
330.860 4.560 79.816
330.870 4.330 60.995
330.880 4.040 81.248
330.900 3.990 80.957
330.910 4.220 64.537
330.920 4.310 89.241
330.930 3.880 84.485
330.950 3.950 89.897
330.960 4.110 72.650
331.000 4.420 62.971
331.010 4.920 60.539
331.020 4.270 61.870
331.030 5.270 76.892
331.040 4.220 75.281
331.050 4.340 80.102
331.070 4.100 83.472
331.090 4.270 75.816
331.100 4.380 85.419
331.130 3.850 77.883
331.140 4.260 85.032
331.150 4.970 56.883
331.160 4.260 48.232
331.170 3.940 50.555
331.180 4.030 78.726
331.190 3.720 62.026
331.200 3.890 81.500
331.210 4.200 75.644
331.220 3.740 72.149
331.230 4.120 84.707
331.250 4.040 82.879
331.260 4.280 59.525
331.270 4.460 49.198
331.280 5.170 84.039
331.290 5.280 64.871
331.300 5.250 61.355
331.320 5.630 79.556
331.380 4.150 61.610
331.400 4.540 70.780
331.410 4.540 58.734
331.420 4.650 68.494
331.460 5.140 65.904
331.520 5.790 77.386
331.530 5.750 83.455
331.630 5.180 60.555
331.640 5.860 79.319
331.650 5.110 84.235
331.690 5.030 81.598
331.890 4.780 88.881
331.940 5.270 87.958
331.980 5.760 79.239
332.010 4.610 85.296
332.040 4.640 79.029
332.080 4.400 85.682
332.090 4.900 68.430
332.100 4.570 88.500
332.110 4.880 81.732
332.120 5.930 82.617
332.230 5.660 88.268
332.280 5.850 42.888
332.290 5.860 82.053
332.410 5.750 53.142
332.670 5.900 75.976
332.680 5.560 82.954
332.720 4.410 68.192
332.730 4.400 69.156
332.750 4.340 68.687
332.770 4.940 66.807
332.780 4.700 80.846
332.840 4.190 89.025
332.850 3.840 72.152
332.880 3.930 79.710
332.890 3.940 64.906
332.900 5.000 65.654
332.910 3.670 68.889
332.940 5.520 86.862
332.950 5.340 81.858
332.960 5.520 76.172
332.980 4.110 63.122
332.990 4.900 84.540
333.000 4.300 72.228
333.050 4.340 83.161
333.060 4.440 87.064
333.070 4.870 75.469
333.110 4.150 73.371
333.130 4.190 60.974
333.140 3.980 73.542
333.150 4.150 84.831
333.160 4.400 75.524
333.170 4.110 63.090
333.180 4.850 83.324
333.200 5.090 26.672
333.210 4.510 49.593
333.220 5.020 63.303
333.230 4.670 71.847
333.240 4.400 72.925
333.380 4.740 87.051
333.390 4.690 59.129
333.400 4.730 59.917
333.410 4.450 59.659
333.420 4.670 88.486
333.440 4.750 54.737
333.450 5.590 63.558
333.460 5.230 45.677
333.470 4.970 60.947
333.480 4.550 24.932
333.490 4.540 43.067
333.500 4.370 50.735
333.510 4.550 52.965
333.520 4.540 52.706
333.530 4.670 84.978
333.540 4.060 55.067
333.560 4.690 85.300
333.570 4.520 60.736
333.580 4.380 71.220
333.590 4.230 56.419
333.600 4.840 77.354
333.610 4.380 61.673
333.620 4.350 68.199
333.630 4.650 51.031
333.640 4.800 53.701
333.650 4.250 76.020
333.660 4.250 63.307
333.670 4.580 45.821
333.680 5.620 62.234
333.700 5.650 57.562
333.870 5.400 69.563
334.020 5.430 58.890
334.040 4.890 51.833
334.090 4.740 44.752
334.100 5.200 59.957
334.170 5.610 83.246
334.180 4.870 61.037
334.190 4.440 61.129
334.200 4.550 87.627
334.210 4.540 53.622
334.230 4.570 75.041
334.240 4.240 43.055
334.250 4.190 79.365
334.270 4.540 80.434
334.280 5.330 85.836
334.290 4.250 80.056
334.310 4.340 68.176
334.320 4.460 69.211
334.330 4.590 47.531
334.340 4.030 59.141
334.350 4.190 70.157
334.370 4.210 45.324
334.380 4.140 53.584
334.410 4.580 88.703
334.420 4.640 83.153
334.430 4.210 49.644
334.440 4.060 86.037
334.450 3.990 62.582
334.460 4.240 80.850
334.470 4.010 78.066
334.480 4.190 77.313
334.520 4.460 41.079
334.530 4.140 36.663
334.540 4.330 71.844
334.550 4.440 62.888
334.560 4.230 62.062
334.570 4.380 68.943
334.580 3.980 66.981
334.590 4.110 60.141
334.600 4.650 71.792
334.610 4.430 82.880
334.620 4.090 58.282
334.640 4.400 75.444
334.650 4.550 52.141
334.670 4.040 56.464
334.680 4.270 61.711
334.690 4.740 62.673
334.700 4.360 29.040
334.710 4.740 77.835
334.720 3.890 65.047
334.730 4.690 62.657
334.740 4.080 72.006
334.750 4.010 77.271
334.760 4.230 65.716
334.770 5.610 27.311
334.780 4.250 85.867
334.790 3.770 80.967
334.800 4.440 86.548
334.810 3.950 54.670
334.820 4.820 69.257
334.830 3.790 86.628
334.840 4.000 75.258
334.850 4.310 70.676
334.870 4.280 78.618
334.880 4.240 72.685
334.890 5.060 89.124
334.900 4.130 44.950
334.910 5.000 17.944
334.920 4.360 85.405
334.930 4.320 71.918
334.940 4.390 68.442
334.950 4.060 62.360
334.960 4.120 61.921
334.970 4.120 61.304
334.980 4.280 60.594
334.990 4.960 40.649
335.000 4.070 76.729
335.010 4.310 46.006
335.020 4.420 82.340
335.030 4.560 89.134
335.040 4.860 43.253
335.050 4.260 87.676
335.060 4.280 61.422
335.070 4.110 81.277
335.100 3.780 79.752
335.140 4.100 85.954
335.150 4.140 68.242
335.160 4.260 58.901
335.180 4.800 82.667
335.190 4.570 57.501
335.200 4.140 73.672
335.210 4.610 66.123
335.220 4.520 45.957
335.230 4.480 27.660
335.240 4.120 69.522
335.250 4.380 40.413
335.260 3.860 72.584
335.300 3.730 73.253
335.320 4.080 69.284
335.330 3.800 80.291
335.350 3.920 80.110
335.400 4.940 85.001
335.430 4.530 88.943
335.460 3.890 75.062
335.470 4.430 80.925
335.480 4.040 73.526
335.490 4.250 87.947
335.500 4.760 58.307
335.510 4.750 62.247
335.520 4.280 79.333
335.530 3.910 68.677
335.540 4.050 72.524
335.550 3.810 66.198
335.560 3.790 89.657
335.570 3.700 66.798
335.600 3.890 72.387
335.620 4.400 82.674
335.630 4.830 84.955
335.640 4.050 68.188
335.660 4.060 75.249
335.680 3.930 71.127
335.700 4.090 88.962
335.730 4.580 70.807
335.740 4.530 71.256
335.750 4.940 64.451
335.760 4.420 41.435
335.770 4.230 49.553
335.780 4.260 57.526
335.790 4.070 72.409
335.800 3.900 77.169
335.810 4.220 53.843
335.830 5.440 89.879
335.860 4.550 79.009
336.020 4.690 61.987
336.040 4.300 56.173
336.050 4.520 78.721
336.060 4.510 87.497
336.080 4.890 66.692
336.100 4.560 88.039
336.140 4.540 84.104
336.150 4.270 69.851
336.160 4.270 74.172
336.170 3.940 80.358
336.180 4.130 81.427
336.190 4.240 75.540
336.200 4.080 75.571
336.240 4.570 39.112
336.250 5.250 69.078
336.260 4.960 68.896
336.270 4.450 74.370
336.280 4.760 60.460
336.290 4.420 79.684
336.300 4.590 75.562
336.310 4.490 66.660
336.330 4.400 68.437
336.340 4.110 73.125
336.360 5.080 89.283
336.370 4.850 73.197
336.380 4.060 84.075
336.390 4.240 72.932
336.400 4.610 88.374
336.410 4.590 70.490
336.430 4.610 77.457
336.440 4.730 70.222
336.460 5.020 67.874
336.520 5.000 85.075
336.530 4.580 87.162
336.540 4.380 80.810
336.570 4.240 86.246
336.580 4.620 86.479
336.590 4.930 80.962
336.600 4.440 80.536
336.620 5.130 66.247
336.640 5.970 86.867
336.650 5.930 78.547
336.700 5.950 69.361
336.710 5.860 60.897
336.720 5.640 65.451
336.730 4.950 44.722
336.750 5.410 79.593
336.760 5.360 39.454
336.820 5.490 57.577
336.830 5.750 82.558
336.840 4.950 67.737
336.860 5.370 69.177
336.870 5.300 44.177
337.020 5.950 88.662
337.100 5.260 50.360
337.110 5.140 60.219
337.210 5.870 83.365
337.340 5.520 79.891
337.390 5.800 68.719
337.560 5.070 85.238
337.950 5.850 44.744
338.100 5.770 80.496
338.470 5.110 84.582
338.560 5.620 77.030
338.590 5.480 75.178
338.670 5.340 79.562
338.680 5.720 71.449
338.690 4.330 52.261
338.700 4.900 73.293
338.710 5.180 47.478
338.720 5.350 59.512
338.740 4.750 78.593
338.770 4.880 87.087
338.780 5.480 77.073
338.830 5.360 78.294
338.840 5.130 88.702
338.850 4.750 71.563
338.880 4.400 67.119
338.910 3.880 45.479
338.930 4.110 76.433
338.940 4.520 72.994
338.960 4.720 79.919
338.990 4.990 85.257
339.090 4.600 58.159
339.100 4.450 58.020
339.110 4.290 40.243
339.120 5.320 55.032
339.130 5.010 20.633
339.140 5.020 15.291
339.150 4.600 20.535
339.160 4.830 29.727
339.170 4.990 19.753
339.180 4.760 54.488
339.190 5.110 66.186
339.240 3.860 72.729
339.260 4.540 39.314
339.270 4.850 50.296
339.280 4.020 69.762
339.290 3.860 64.698
339.310 3.950 87.845
339.320 4.040 69.981
339.330 4.240 77.859
339.360 4.140 59.294
339.370 4.280 76.764
339.380 3.990 64.228
339.390 4.000 65.459
339.400 4.020 74.403
339.420 3.830 89.212
339.430 4.070 85.807
339.440 3.760 69.121
339.450 3.980 83.522
339.490 4.280 74.949
339.500 3.940 77.437
339.510 3.930 68.239
339.520 4.020 72.946
339.540 4.280 72.390
339.550 4.360 68.782
339.570 3.780 78.478
339.580 4.040 79.762
339.610 4.050 75.769
339.620 5.220 82.629
339.630 4.220 87.834
339.640 4.050 76.660
339.670 3.680 79.664
339.680 4.400 71.715
339.690 4.770 80.423
339.700 4.500 61.063
339.730 4.910 69.406
339.740 5.470 89.831
339.760 4.720 65.679
339.770 4.310 56.019
339.780 4.450 89.011
339.870 5.240 86.054
339.880 5.030 89.045
339.890 5.030 78.765
339.930 5.500 79.117
340.110 4.860 71.244
340.120 4.600 78.104
340.140 4.620 54.648
340.170 4.660 69.354
340.220 4.460 58.666
340.300 4.740 65.571
340.330 4.290 79.353
340.340 4.700 70.670
340.350 3.960 65.680
340.370 3.990 74.286
340.380 4.170 61.164
340.390 3.770 83.416
340.400 3.790 83.346
340.410 4.050 87.650
340.450 3.730 78.518
340.510 4.430 64.826
340.520 4.280 58.800
340.530 4.920 65.432
340.550 4.750 63.950
340.560 4.940 73.543
340.570 5.050 49.797
340.580 5.620 51.875
340.650 4.070 89.204
340.700 4.680 73.473
340.710 4.900 89.276
340.720 5.140 77.231
340.730 4.530 70.345
340.740 6.000 79.398
340.750 4.920 83.778
340.760 4.410 80.518
340.770 4.920 52.103
340.800 4.880 87.920
340.810 4.500 88.147
340.820 4.650 81.102
340.830 5.180 87.815
340.860 4.850 78.542
340.870 4.960 84.243
340.880 5.030 82.951
340.890 4.610 84.423
340.900 4.580 79.209
340.910 4.820 88.336
340.930 5.920 87.451
340.940 4.700 73.855
340.950 5.030 84.034
340.970 4.430 67.027
340.980 5.090 73.710
340.990 4.730 87.260
341.000 4.650 60.388
341.010 5.620 75.187
341.030 6.000 63.985
341.040 4.820 57.911
341.050 5.090 69.958
341.060 5.530 80.755
341.080 4.800 61.529
341.090 4.330 62.001
341.100 4.660 61.715
341.110 4.900 76.233
341.120 4.770 68.738
341.130 4.760 88.451
341.140 5.400 73.114
341.160 4.410 86.502
341.180 5.070 57.911
341.190 4.880 51.969
341.230 4.570 72.165
341.240 4.880 72.832
341.250 4.880 62.602
341.260 4.960 34.452
341.270 5.120 34.334
341.280 4.490 67.384
341.290 4.380 60.500
341.300 4.550 69.326
341.310 4.950 54.101
341.330 4.960 87.480
341.340 4.870 86.143
341.350 4.650 65.914
341.360 4.880 78.519
341.370 4.130 70.604
341.390 5.220 77.688
341.400 4.640 64.047
341.420 4.610 84.880
341.430 4.490 80.418
341.440 4.920 80.861
341.600 4.700 74.181
341.610 4.760 79.295
341.620 4.800 60.793
341.630 4.570 70.373
341.640 5.190 79.556
341.670 5.040 85.563
341.680 4.780 88.350
341.700 4.580 63.988
341.710 4.460 73.435
341.720 4.880 71.867
341.730 4.940 71.063
341.740 4.920 63.705
341.750 5.490 68.707
341.760 5.850 68.982
342.080 4.630 84.013
342.090 4.650 79.623
342.250 5.970 87.696
342.420 5.970 83.876
342.430 5.050 81.778
342.440 4.830 82.118
342.450 4.900 70.208
343.220 5.220 69.226
343.230 4.790 86.491
343.240 4.540 71.562
343.250 4.670 50.068
343.260 4.350 56.196
343.270 4.820 50.780
343.280 5.070 86.568
343.290 4.640 67.157
343.300 4.830 51.234
343.310 5.550 35.156
343.320 4.380 69.518
343.330 4.300 64.342
343.340 5.200 77.525
343.480 4.950 67.712
343.490 4.460 51.800
343.500 5.320 49.701
343.510 4.650 69.943
343.530 5.340 71.278
343.550 4.790 85.052
343.560 5.020 81.648
343.570 4.560 73.152
343.580 4.690 85.526
343.590 4.830 69.076
343.600 4.800 82.567
343.610 4.670 89.243
343.620 4.460 67.915
343.630 4.520 60.977
343.640 4.750 73.122
343.660 4.640 63.776
343.670 5.050 83.085
343.680 4.410 67.362
343.690 4.470 76.651
343.700 4.830 79.400
343.710 4.630 64.277
343.720 4.560 69.861
343.730 4.780 65.817
343.740 4.850 78.407
343.750 5.060 89.690
343.760 4.650 78.478
343.770 4.760 84.892
343.780 4.520 68.525
343.790 4.930 81.953
343.800 4.770 47.040
343.810 4.090 74.791
343.820 4.470 51.169
343.830 5.570 76.229
343.850 5.060 62.893
343.870 4.340 81.486
343.880 4.890 69.622
343.890 5.040 70.827
343.900 5.020 54.695
343.910 5.100 58.773
343.920 4.900 69.842
344.010 4.970 64.837
344.940 5.230 81.201
344.950 4.570 71.338
344.960 4.810 75.815
344.970 5.090 67.971
344.980 5.580 60.498
345.240 4.640 88.478
345.250 5.070 69.591
345.260 5.300 83.880
345.280 4.700 81.061
345.290 4.890 71.818
345.330 5.180 80.211
345.350 4.560 80.150
345.400 4.800 85.824
345.410 5.000 88.315
345.430 4.900 81.879
345.450 4.820 81.339
345.490 4.790 82.266
345.510 5.820 89.739
345.530 4.750 63.412
345.570 5.060 74.378
345.650 4.900 78.063
345.700 4.480 88.921
345.750 4.670 75.116
345.760 4.510 78.868
345.770 4.680 88.834
345.800 4.900 86.989
345.810 4.960 70.007
345.860 4.800 79.103
345.880 4.440 81.313
345.900 4.560 67.532
345.910 4.610 70.847
345.920 4.450 87.603
345.930 4.050 63.990
345.940 5.090 83.304
346.150 5.500 61.391
346.170 5.550 52.719
346.180 5.960 60.635
346.560 5.300 80.281
346.970 5.790 72.878
347.320 5.610 89.565
347.400 4.890 82.720
347.410 5.060 84.702
347.570 4.810 86.038
347.620 4.940 76.843
347.660 4.270 75.840
347.670 4.140 77.377
347.680 4.320 85.701
347.690 4.090 89.858
347.700 4.260 83.708
347.710 4.540 79.736
347.750 4.660 89.109
347.840 5.370 66.075
347.870 5.450 87.657
347.920 4.560 84.588
347.930 4.300 83.687
347.940 3.970 69.530
347.970 4.020 62.493
347.980 4.820 77.527
347.990 4.120 66.858
348.000 5.080 74.261
348.020 4.370 85.540
348.040 4.580 61.105
348.050 4.430 65.097
348.100 4.520 78.711
348.110 3.950 81.416
348.120 4.820 78.954
348.130 4.420 59.567
348.150 4.670 61.906
348.160 4.010 74.271
348.170 4.550 72.382
348.180 4.210 51.888
348.190 3.970 76.774
348.200 4.350 73.377
348.210 4.190 62.610
348.220 4.140 83.807
348.230 4.240 85.028
348.240 4.270 88.978
348.250 4.220 65.318
348.270 4.390 66.024
348.280 4.410 63.734
348.290 4.370 54.664
348.300 4.030 71.895
348.310 4.530 72.384
348.320 4.370 80.921
348.340 4.540 73.392
348.350 4.110 58.992
348.360 4.350 64.834
348.370 4.390 53.463
348.380 4.350 41.418
348.400 4.380 73.468
348.410 4.090 69.044
348.420 4.620 52.807
348.450 3.940 71.459
348.460 4.110 84.751
348.470 4.200 57.246
348.480 4.010 81.404
348.490 3.920 73.168
348.500 3.850 87.024
348.510 4.280 57.966
348.530 4.790 89.770
348.540 4.520 67.675
348.560 5.440 79.947
348.570 4.280 79.947
348.580 4.250 84.454
348.590 5.140 81.756
348.600 4.250 69.237
348.610 3.970 56.217
348.630 4.110 68.716
348.650 3.920 85.292
348.670 4.340 85.201
348.700 4.030 65.739
348.710 4.360 70.105
348.720 4.400 83.606
348.730 4.270 64.046
348.740 4.200 69.667
348.750 4.200 73.416
348.760 4.730 69.190
348.780 4.120 56.752
348.790 4.360 36.790
348.800 4.120 73.675
348.810 4.510 77.459
348.830 3.920 69.343
348.840 4.010 88.053
348.850 3.880 75.094
348.860 4.020 53.431
348.870 4.120 79.080
348.880 4.060 82.835
348.890 4.270 80.370
348.910 4.520 88.121
348.920 4.220 83.830
348.930 4.020 80.893
348.940 4.280 88.423
348.950 4.410 73.125
348.960 4.290 54.239
348.970 4.330 81.688
348.980 4.280 75.096
348.990 4.200 68.024
349.000 4.430 50.319
349.010 4.860 65.261
349.020 4.690 49.203
349.030 4.450 60.491
349.040 4.690 66.258
349.050 3.960 56.213
349.060 4.070 43.700
349.070 4.050 61.138
349.080 4.280 51.239
349.090 4.530 80.962
349.110 4.100 66.995
349.120 3.930 83.067
349.130 4.440 65.053
349.140 4.260 62.777
349.150 4.800 89.133
349.160 4.030 48.320
349.170 3.900 73.837
349.190 4.160 75.235
349.200 3.950 70.684
349.210 4.520 88.090
349.220 4.710 86.915
349.230 3.990 70.903
349.240 4.160 80.432
349.250 4.380 71.589
349.260 4.170 57.368
349.270 3.830 67.981
349.280 4.060 55.396
349.290 3.820 78.083
349.300 4.440 73.124
349.310 4.450 22.795
349.320 4.300 66.076
349.330 3.950 88.979
349.340 4.040 47.457
349.350 3.890 74.870
349.360 4.210 72.856
349.370 4.090 70.385
349.380 4.120 77.998
349.410 4.220 74.200
349.420 3.790 77.007
349.440 3.930 84.369
349.450 3.910 69.931
349.470 4.630 85.022
349.480 4.840 66.040
349.490 4.840 61.364
349.510 3.940 85.682
349.530 4.420 85.730
349.540 4.680 88.029
349.550 3.950 83.187
349.580 4.180 57.711
349.590 3.880 83.130
349.600 3.920 74.087
349.610 4.320 87.092
349.630 4.250 85.476
349.640 4.120 62.214
349.650 3.900 64.121
349.670 4.470 70.050
349.680 4.380 35.480
349.690 4.340 71.879
349.700 4.410 69.841
349.710 4.510 57.107
349.720 4.770 71.405
349.730 4.450 71.073
349.740 4.750 83.625
349.750 4.310 24.010
349.780 5.040 88.804
349.790 4.140 63.798
349.800 4.170 67.122
349.810 4.580 38.485
349.820 4.300 67.402
349.830 4.900 82.140
349.860 4.630 76.015
349.870 4.370 51.164
349.880 4.790 34.349
349.890 4.580 53.696
349.900 4.020 75.221
349.910 5.080 69.689
349.920 4.810 51.162
349.930 4.690 56.047
349.940 5.050 63.466
349.950 4.250 54.227
349.960 3.950 49.510
349.970 4.600 75.160
349.980 4.690 75.176
349.990 5.020 38.389
350.000 4.060 44.639
350.010 3.950 76.989
350.020 5.340 29.934
350.030 5.270 84.550
350.040 4.660 77.966
350.050 4.720 77.193
350.060 4.890 87.307
350.090 4.790 71.781
350.100 4.160 87.096
350.110 4.060 66.078
350.120 4.640 77.125
350.140 4.000 61.829
350.160 4.710 70.352
350.170 4.670 76.880
350.180 5.350 87.049
350.200 4.220 63.489
350.210 4.900 82.405
350.230 4.490 54.484
350.250 4.050 47.659
350.260 4.670 79.498
350.270 4.050 62.877
350.280 4.660 74.588
350.290 5.320 73.491
350.300 4.090 80.153
350.310 4.340 69.837
350.320 4.610 62.909
350.330 4.060 75.993
350.340 4.190 60.325
350.350 4.960 68.915
350.360 4.070 75.823
350.370 4.230 59.890
350.400 4.120 87.480
350.410 4.780 73.651
350.420 3.920 42.397
350.430 4.270 70.850
350.440 4.520 50.766
350.450 3.940 69.933
350.460 5.250 72.458
350.590 5.270 72.367
350.620 4.630 62.583
350.630 4.110 86.949
350.640 3.990 81.655
350.650 5.780 31.558
350.750 5.560 23.600
350.820 5.750 80.547
350.860 5.550 86.600
351.000 5.850 78.282
351.010 5.860 75.247
351.030 5.830 78.656
351.050 5.940 86.818
351.090 5.070 89.258
351.110 5.810 79.360
351.160 3.760 87.355
351.180 5.120 85.015
351.240 4.410 76.665
351.260 4.510 72.091
351.380 5.650 78.396
351.390 5.830 63.454
351.510 5.500 81.796
351.520 5.840 79.006
351.530 5.930 74.306
351.560 5.680 82.267
351.570 5.470 82.841
351.770 4.810 87.205
351.780 5.780 79.068
351.820 5.790 72.584
351.910 4.770 61.278
351.930 5.170 82.941
352.010 4.670 78.455
352.100 4.310 89.446
352.140 4.440 86.919
352.320 4.130 83.199
352.360 5.390 82.024
352.380 5.300 82.216
352.540 3.950 79.708
352.590 5.700 52.103
352.650 4.400 63.644
352.660 4.550 81.694
352.670 4.970 73.774
352.690 4.130 89.888
352.700 4.170 79.019
352.740 3.870 78.482
352.790 5.140 77.229
352.800 5.350 81.445
353.090 5.790 75.840
353.180 5.290 77.336
353.230 5.890 82.896
353.300 4.990 78.208
353.310 5.350 63.111
353.440 5.800 76.630
353.460 5.530 68.458
353.520 5.990 79.489
353.530 5.400 85.157
353.540 5.840 85.543
353.650 5.730 80.118
353.750 4.940 69.790
353.760 4.050 83.926
353.770 4.270 88.780
353.790 5.600 50.338
353.850 5.610 85.481
353.870 5.690 79.976
353.920 5.880 81.481
353.950 5.760 74.634
353.980 5.800 73.405
353.990 5.540 88.308
354.000 4.890 77.430
354.010 5.750 76.704
354.020 5.580 83.355
354.030 5.540 71.819
354.040 5.830 66.712
354.060 5.120 89.654
354.100 5.580 64.271
354.150 5.290 86.174
354.170 5.850 61.830
354.180 5.360 76.812
354.190 4.490 88.496
354.200 5.800 82.793
354.210 5.240 74.112
354.220 3.970 89.024
354.240 3.930 82.637
354.250 3.760 86.193
354.300 5.080 82.955
354.310 5.810 60.957
354.320 5.430 70.621
354.340 5.870 62.500
354.570 4.250 88.256
354.600 4.090 88.705
354.610 4.250 70.919
354.620 3.830 57.515
354.650 4.130 83.355
354.660 4.040 80.364
354.670 4.120 84.058
354.680 3.640 69.858
354.690 4.460 59.899
354.700 4.590 68.636
354.710 5.030 37.418
354.720 5.430 9.999
354.730 4.890 55.694
354.740 4.590 60.639
354.760 4.570 38.055
354.770 3.950 40.533
354.790 3.990 61.561
354.810 4.280 72.962
354.820 3.810 66.312
354.840 4.700 61.538
354.850 4.790 55.806
354.860 4.820 61.910
354.880 4.970 80.582
354.900 5.220 48.092
354.910 5.250 85.854
354.930 4.460 71.123
354.940 4.630 79.813
354.990 5.580 63.336
355.040 4.030 75.925
355.050 4.590 64.740
355.060 4.410 73.607
355.070 4.130 72.719
355.080 4.210 76.509
355.090 4.410 44.878
355.150 5.940 89.433
355.160 5.580 77.696
355.210 4.120 70.982
355.220 4.850 83.586
355.230 4.310 66.498
355.240 4.380 88.896
355.250 4.330 58.246
355.260 4.280 40.815
355.270 4.360 66.702
355.280 4.210 68.735
355.320 4.770 80.618
355.330 4.190 75.691
355.350 4.490 68.126
355.360 4.770 81.382
355.370 4.700 68.162
355.380 4.210 35.588
355.390 5.060 50.366
355.400 4.810 12.833
355.410 4.190 73.988
355.420 4.000 65.650
355.430 4.550 86.107
355.440 4.390 50.108
355.450 4.420 43.717
355.460 4.350 82.813
355.470 4.140 84.301
355.480 4.190 39.621
355.490 4.480 85.302
355.500 4.710 63.670
355.510 4.430 45.424
355.520 5.300 88.680
355.550 4.210 55.905
355.560 5.120 72.384
355.570 4.250 69.528
355.580 4.530 78.990
355.590 4.540 63.674
355.630 4.450 75.357
355.640 4.680 66.704
355.650 4.690 73.589
355.660 4.470 53.766
355.670 4.760 27.719
355.680 3.990 65.880
355.690 4.110 61.618
355.700 4.560 47.627
355.710 3.970 70.148
355.720 4.280 55.986
355.730 4.620 62.323
355.740 4.540 81.903
355.750 4.960 52.188
355.760 4.330 69.191
355.770 4.370 44.787
355.780 4.170 47.632
355.790 4.380 50.365
355.800 4.350 51.467
355.810 4.550 31.929
355.820 4.890 65.349
355.830 5.340 39.997
355.840 4.870 45.563
355.850 4.470 87.311
355.860 4.150 66.972
355.870 4.680 48.476
355.880 4.680 33.808
355.890 4.560 66.785
355.900 4.530 43.049
355.910 4.880 14.907
355.920 4.080 63.097
355.930 4.650 64.971
355.970 4.420 65.878
355.980 4.410 59.670
355.990 4.430 73.109
356.000 4.490 21.021
356.010 4.500 60.609
356.020 4.770 33.619
356.030 4.330 43.030
356.050 4.430 89.843
356.080 4.650 29.872
356.090 4.420 66.163
356.100 5.360 89.307
356.110 4.790 44.978
356.120 4.770 19.187
356.130 5.350 44.652
356.140 4.200 69.712
356.150 4.500 64.831
356.160 4.780 56.634
356.170 4.650 31.971
356.180 4.660 32.546
356.190 4.940 43.449
356.200 5.230 26.486
356.210 4.340 52.927
356.220 4.640 34.090
356.230 4.620 62.981
356.240 4.240 72.966
356.250 4.880 38.930
356.270 4.430 39.397
356.280 4.500 71.835
356.290 3.960 89.476
356.310 4.090 80.023
356.320 4.240 76.237
356.330 4.260 75.373
356.360 5.080 73.776
356.370 5.340 61.024
356.410 4.310 54.788
356.420 4.600 76.664
356.430 4.540 65.737
356.440 4.720 40.933
356.450 4.290 53.981
356.460 4.250 82.460
356.470 4.250 40.098
356.480 4.700 35.874
356.490 4.150 54.869
356.500 4.750 60.043
356.510 4.790 75.542
356.520 3.880 81.884
356.540 5.200 86.119
356.560 4.390 85.819
356.580 5.120 74.194
356.590 4.420 79.762
356.610 5.210 69.905
356.620 5.480 80.499
356.640 5.400 83.706
356.650 4.630 83.207
356.680 4.370 63.584
356.690 4.350 69.025
356.700 4.630 73.937
356.710 4.700 45.221
356.720 4.290 74.107
356.730 4.560 49.399
356.740 5.600 86.299
356.760 5.220 68.423
356.800 5.200 69.036
356.810 4.900 64.492
356.820 4.030 63.573
356.830 4.150 60.299
356.840 4.770 89.504
356.850 5.360 77.782
356.860 4.110 75.366
356.870 4.380 76.576
356.880 5.480 76.669
356.890 4.880 59.922
356.900 4.270 77.450
356.910 4.400 55.625
356.920 3.960 80.700
356.930 4.860 64.841
356.940 5.000 68.809
356.950 4.420 85.477
356.960 4.490 37.536
356.970 4.640 25.098
356.980 4.150 59.627
356.990 4.890 29.316
357.000 5.130 80.239
357.010 5.000 83.383
357.020 4.380 56.730
357.030 4.380 49.690
357.040 4.470 53.539
357.050 4.570 47.306
357.060 4.700 82.062
357.070 4.620 51.331
357.080 4.790 25.834
357.090 4.570 48.217
357.100 4.870 65.604
357.110 5.690 56.494
357.120 4.480 35.776
357.130 5.070 52.905
357.140 4.340 46.771
357.150 5.240 78.904
357.160 4.860 49.986
357.170 5.860 39.403
357.180 4.600 49.949
357.190 5.620 23.672
357.200 5.630 13.948
357.210 5.860 80.700
357.220 4.760 26.162
357.230 4.820 41.437
357.240 4.810 31.816
357.250 4.770 40.471
357.260 4.580 69.072
357.270 4.770 12.330
357.280 5.150 29.036
357.290 4.580 37.681
357.300 4.850 51.942
357.310 4.530 50.477
357.320 4.220 66.702
357.330 3.890 50.632
357.340 4.050 56.021
357.350 4.920 44.885
357.360 4.710 62.125
357.370 5.190 62.955
357.380 4.220 67.780
357.390 4.640 23.600
357.400 4.670 47.197
357.410 4.660 24.617
357.420 4.550 34.581
357.430 4.600 46.397
357.440 4.300 34.532
357.450 4.540 51.022
357.460 4.320 79.795
357.470 4.580 60.154
357.480 4.690 51.150
357.490 4.540 36.401
357.500 4.500 29.792
357.510 4.380 65.893
357.520 4.200 71.889
357.530 4.500 50.085
357.540 4.530 44.583
357.550 4.400 39.881
357.560 4.260 30.482
357.570 5.080 28.374
357.580 4.840 19.141
357.590 4.730 44.710
357.600 4.550 48.843
357.610 4.230 59.643
357.620 4.120 44.926
357.630 4.310 44.390
357.640 4.340 61.398
357.650 4.360 51.018
357.660 5.560 87.579
357.670 4.250 62.689
357.680 4.690 53.148
357.690 4.330 41.959
357.700 4.520 29.158
357.710 4.510 53.362
357.720 4.060 68.521
357.730 4.740 51.472
357.740 4.530 50.597
357.750 4.560 63.809
357.760 4.540 56.080
357.770 4.420 68.549
357.790 5.050 65.874
357.800 4.150 42.806
357.810 4.060 82.652
357.860 3.850 78.874
357.870 3.870 80.051
357.880 4.030 54.239
357.890 3.700 76.609
357.900 4.150 70.365
357.920 4.470 55.173
357.930 4.240 56.320
357.940 4.020 65.853
357.960 3.890 82.251
357.970 3.880 89.919
357.980 3.890 88.447
358.010 5.100 85.923
358.030 4.000 74.871
358.040 4.110 72.937
358.050 3.930 63.502
358.060 3.930 72.731
358.070 4.460 73.722
358.080 4.310 59.794
358.100 4.490 77.373
358.110 4.590 81.610
358.130 3.860 69.479
358.140 4.090 80.565
358.150 3.850 85.738
358.160 3.690 78.592
358.170 4.210 86.966
358.180 4.620 69.840
358.190 4.740 59.062
358.200 4.970 88.323
358.210 5.440 77.735
358.220 5.510 47.926
358.230 5.110 46.175
358.240 4.940 36.520
358.250 5.060 43.929
358.260 5.950 58.119
358.280 4.780 58.514
358.290 5.670 80.647
358.300 4.890 72.739
358.310 5.530 58.112
358.340 4.830 69.576
358.350 5.350 72.775
358.370 5.280 61.327
358.420 5.420 80.140
358.440 5.330 73.421
358.450 5.580 55.988
358.460 4.790 71.169
358.470 5.070 62.849
358.480 5.050 81.070
358.490 5.940 81.782
358.500 5.050 81.075
358.520 5.030 77.817
358.530 5.040 78.646
358.560 5.060 64.335
358.570 4.780 70.562
358.580 5.080 81.508
358.590 4.980 87.270
358.600 5.070 74.419
358.610 5.170 81.848
358.630 5.010 65.741
358.640 5.150 76.139
358.660 5.280 73.181
358.670 5.650 70.145
358.680 5.040 82.673
358.690 5.230 78.323
358.700 5.330 71.826
358.720 5.000 82.326
358.730 5.420 78.926
358.750 4.280 55.719
358.760 5.850 87.898
358.770 4.990 51.218
358.780 3.900 75.540
358.790 3.770 66.779
358.800 3.860 86.839
358.810 3.740 84.145
358.830 5.800 75.033
359.000 4.580 71.307
359.010 5.180 77.465
359.030 4.800 59.924
359.040 5.910 88.045
359.160 5.480 80.344
359.170 5.200 88.945
359.190 5.240 88.765
359.200 5.050 76.852
359.210 4.130 66.935
359.240 5.280 62.033
359.250 4.120 75.263
359.260 4.390 53.633
359.270 4.200 52.971
359.280 4.490 74.933
359.330 4.190 65.579
359.340 3.820 78.739
359.350 5.080 78.708
359.380 4.730 67.537
359.390 5.240 86.904
359.400 4.790 81.034
359.410 4.850 56.145
359.420 5.270 52.944
359.430 5.030 74.778
359.450 5.440 45.008
359.460 4.080 67.643
359.470 4.120 77.466
359.480 4.080 61.598
359.490 4.180 61.495
359.500 4.330 78.384
359.510 4.840 60.201
359.530 4.790 49.326
359.540 5.280 56.893
359.570 4.770 57.067
359.580 5.310 49.596
359.590 4.440 37.037
359.600 4.790 51.177
359.610 5.090 89.268
359.620 4.340 76.362
359.630 4.430 80.725
359.640 5.570 82.242
359.650 4.380 76.064
359.660 4.480 71.031
359.670 5.330 78.211
359.680 4.320 67.400
359.690 4.340 51.871
359.700 4.680 70.275
359.710 4.120 84.870
359.750 3.970 63.972
359.760 4.490 67.458
359.770 3.690 83.319
359.780 4.010 75.882
359.790 4.400 89.611
359.800 3.740 65.421
359.820 4.410 53.765
359.830 4.620 78.993
359.840 3.980 59.912
359.850 3.600 78.072
359.860 3.700 71.967
359.870 4.190 62.114
359.880 3.980 36.847
359.890 4.320 41.617
359.910 5.870 25.309
359.920 4.610 78.696
359.930 5.360 60.593
359.940 5.880 77.864
359.950 5.830 85.198
359.960 4.460 85.666
359.990 5.340 64.844
360.010 5.190 83.558
360.030 4.980 60.643
360.040 4.790 79.029
360.050 4.380 87.599
360.060 5.130 85.101
360.080 4.300 83.541
360.090 4.290 82.461
360.100 4.800 88.480
360.130 4.920 85.645
360.150 4.340 71.715
360.190 4.180 83.786
360.210 4.930 68.198
360.230 4.470 54.637
360.240 3.660 84.681
360.250 4.430 78.955
360.420 4.780 74.401
360.490 4.070 81.972
360.500 4.250 70.530
360.510 4.700 84.744
360.540 5.070 58.599
360.550 4.850 88.652
360.560 4.450 85.715
360.570 4.570 63.401
360.580 4.620 67.960
360.590 4.780 63.811
360.600 5.380 59.830
360.610 5.360 20.470
360.620 5.890 76.119
360.630 4.910 57.174
360.640 5.160 68.941
360.650 5.630 73.204
360.660 4.660 32.105
360.670 4.770 36.757
360.680 4.820 23.018
360.690 4.320 43.956
360.700 5.070 83.234
360.720 5.370 53.039
360.730 4.480 43.579
360.740 4.750 65.326
360.750 4.550 54.424
360.760 5.120 50.377
360.770 5.130 43.788
360.780 5.580 45.503
360.800 4.690 36.373
360.820 5.140 59.333
360.830 4.640 34.147
360.840 5.420 43.373
360.870 5.520 18.433
360.890 4.410 37.648
360.900 5.190 47.833
360.910 5.070 48.256
360.920 5.060 32.586
360.930 5.140 53.768
360.950 5.940 79.526
360.960 5.460 50.455
360.970 4.840 65.263
360.990 5.220 83.590
361.000 4.980 67.070
361.010 5.320 73.386
361.020 5.260 84.147
361.130 4.980 86.368
361.140 5.280 81.088
361.150 5.110 78.035
361.160 5.080 84.206
361.170 5.040 69.644
361.180 4.230 84.524
361.190 4.290 66.394
361.200 3.960 72.718
361.210 4.180 79.585
361.220 3.880 76.772
361.230 4.030 79.259
361.240 4.260 65.183
361.250 4.720 73.217
361.260 4.900 54.763
361.280 4.550 63.691
361.290 4.550 29.164
361.300 5.420 67.285
361.310 5.970 66.182
361.320 4.910 40.317
361.330 4.580 33.293
361.340 4.780 67.871
361.350 3.670 79.217
361.370 4.080 46.136
361.380 3.970 68.834
361.390 4.330 57.868
361.400 5.100 70.542
361.410 3.950 66.672
361.430 3.800 76.137
361.440 3.780 68.698
361.450 3.810 67.711
361.460 3.840 70.276
361.470 3.980 63.514
361.480 3.980 51.818
361.490 3.950 71.255
361.500 4.010 49.334
361.510 4.140 38.326
361.530 3.860 88.244
361.540 4.190 43.058
361.550 4.310 54.797
361.560 4.420 57.367
361.570 4.300 32.651
361.580 4.140 42.775
361.590 5.370 58.139
361.600 4.200 78.675
361.610 4.400 41.339
361.620 4.650 71.056
361.630 3.820 80.778
361.650 3.890 64.284
361.660 4.020 77.462
361.670 4.170 76.672
361.680 4.370 54.834
361.690 4.510 88.474
361.700 4.130 83.045
361.710 3.980 68.617
361.720 5.040 74.843
361.730 4.740 81.924
361.740 4.970 61.463
361.750 4.860 47.604
361.760 4.750 79.294
361.770 4.460 72.654
361.780 4.150 60.831
361.810 4.160 72.220
361.840 4.090 86.874
361.860 4.110 65.938
361.870 5.080 72.817
361.880 4.980 78.804
361.930 5.900 79.333
362.000 4.540 69.316
362.010 4.190 73.748
362.020 3.910 46.966
362.030 4.540 82.513
362.060 5.610 86.736
362.100 5.310 88.879
362.110 4.820 80.623
362.120 4.440 60.963
362.130 4.870 68.254
362.140 4.790 80.744
362.160 5.350 80.899
362.270 4.810 78.270
362.280 4.810 61.309
362.290 5.050 73.935
362.300 4.270 57.764
362.310 4.770 30.302
362.320 4.810 41.296
362.330 4.440 31.619
362.340 4.550 55.689
362.350 4.170 44.256
362.360 4.510 38.912
362.370 4.840 40.143
362.380 4.660 54.429
362.390 4.560 48.259
362.400 4.430 18.101
362.410 5.040 57.167
362.420 4.810 53.876
362.430 4.350 48.149
362.440 4.270 65.883
362.450 4.210 62.338
362.460 4.310 29.672
362.470 4.670 51.449
362.480 4.220 67.697
362.490 4.650 59.991
362.500 4.370 59.624
362.510 4.700 48.467
362.520 4.420 44.293
362.530 4.050 76.940
362.550 4.780 88.357
362.560 5.130 86.885
362.570 4.510 50.836
362.580 4.850 63.734
362.590 4.320 83.377
362.600 4.260 70.773
362.610 4.560 48.018
362.620 4.210 56.512
362.630 4.370 88.028
362.640 4.880 41.916
362.650 4.850 56.371
362.660 4.590 67.067
362.670 4.590 71.517
362.680 4.860 44.245
362.690 4.080 58.420
362.700 4.640 54.065
362.710 4.700 32.555
362.720 4.890 30.327
362.730 4.060 72.606
362.740 4.360 85.315
362.750 4.380 46.317
362.760 4.590 59.204
362.770 4.280 78.019
362.790 4.800 71.221
362.800 5.230 48.271
362.830 5.030 63.937
362.840 4.390 37.868
362.850 4.410 37.403
362.860 4.510 47.440
362.870 4.400 59.058
362.880 4.750 83.252
362.890 4.980 63.988
362.900 4.590 19.383
362.910 4.270 55.508
362.920 4.320 57.272
362.930 4.280 61.129
362.940 4.480 66.599
362.950 4.370 53.470
362.960 4.290 43.210
362.970 4.020 53.650
362.980 4.810 72.391
362.990 4.600 47.720
363.000 4.320 47.104
363.010 4.820 37.046
363.020 4.540 73.639
363.060 4.640 70.195
363.070 4.610 55.140
363.080 4.970 45.101
363.120 4.560 51.055
363.130 4.740 77.560
363.140 4.870 73.310
363.150 4.570 60.778
363.160 5.120 50.439
363.170 4.790 56.821
363.180 4.170 80.993
363.190 5.320 86.774
363.200 3.730 82.288
363.210 4.190 44.973
363.230 4.230 88.235
363.250 4.380 86.606
363.260 4.400 65.990
363.270 4.600 83.860
363.300 4.010 75.275
363.330 4.780 81.984
363.340 4.660 68.360
363.360 4.460 78.542
363.370 4.150 53.409
363.380 4.210 69.242
363.390 4.520 60.028
363.400 4.290 80.783
363.410 4.730 76.738
363.420 4.670 60.887
363.430 5.360 46.066
363.440 5.130 39.981
363.450 4.700 63.453
363.460 4.710 71.854
363.470 4.400 49.607
363.520 4.230 75.517
363.530 3.770 86.819
363.550 3.830 84.891
363.580 3.840 85.038
363.590 4.250 85.768
363.600 4.260 76.120
363.610 4.100 86.063
363.620 4.370 88.646
363.630 4.630 75.578
363.680 4.290 87.551
363.690 3.810 69.787
363.700 4.200 89.940
363.710 4.030 89.808
363.730 4.060 79.160
363.740 4.100 71.680
363.750 4.210 65.744
363.760 4.320 41.807
363.770 4.650 54.395
363.780 4.510 28.855
363.790 3.990 61.821
363.800 4.330 48.617
363.810 4.500 82.707
363.820 4.120 54.922
363.830 4.640 48.447
363.840 4.480 86.784
363.850 4.150 80.853
363.860 4.070 80.044
363.940 5.190 84.500
363.950 4.780 83.569
363.960 4.240 79.372
363.970 4.260 77.023
364.010 4.680 80.766
364.020 4.820 49.446
364.050 4.640 67.887
364.060 4.310 59.174
364.080 4.390 75.965
364.090 4.310 51.649
364.100 4.080 87.568
364.110 4.550 86.937
364.120 4.690 18.002
364.130 4.700 39.140
364.140 4.400 40.701
364.150 4.180 51.887
364.160 4.110 67.740
364.170 4.280 60.380
364.180 4.960 78.765
364.190 4.540 55.215
364.200 4.160 37.753
364.210 4.480 73.231
364.220 4.620 63.710
364.230 4.750 41.926
364.240 5.200 29.489
364.250 4.100 68.606
364.260 4.460 34.413
364.270 4.360 34.773
364.280 4.500 16.558
364.290 4.310 61.291
364.300 4.310 57.679
364.310 4.220 41.437
364.320 4.310 71.060
364.330 4.450 80.862
364.340 4.450 53.733
364.350 4.220 68.101
364.360 4.680 60.139
364.370 4.310 57.751
364.380 4.230 49.841
364.390 4.160 44.065
364.400 4.260 68.589
364.410 4.510 45.436
364.420 4.720 38.203
364.430 4.260 32.110
364.440 4.580 44.552
364.450 4.690 37.736
364.460 4.540 56.007
364.470 4.540 49.222
364.480 4.130 46.747
364.490 4.270 18.231
364.500 4.480 44.516
364.510 5.190 60.697
364.520 4.480 61.425
364.530 4.540 73.495
364.540 4.070 58.402
364.550 4.510 80.009
364.570 4.830 77.811
364.580 4.590 36.080
364.590 3.950 87.879
364.600 4.190 64.360
364.620 4.350 88.335
364.630 4.350 67.837
364.640 4.420 60.359
364.650 4.570 57.589
364.660 4.630 71.451
364.670 4.340 49.215
364.680 5.160 52.686
364.690 4.890 38.647
364.700 4.840 72.186
364.710 5.150 65.097
364.720 5.500 64.525
364.730 4.770 51.866
364.740 4.670 64.615
364.750 3.830 76.872
364.760 4.620 61.635
364.770 4.470 56.920
364.780 4.150 77.450
364.790 4.950 41.471
364.800 4.460 53.628
364.810 4.780 78.776
364.830 5.010 78.235
365.000 5.880 86.120
365.010 5.230 78.959
365.050 4.450 47.718
365.060 4.080 58.550
365.070 3.730 86.278
365.090 4.370 87.714
365.100 3.900 61.346
365.110 3.910 70.529
365.130 3.930 78.016
365.140 4.100 75.144
365.150 3.820 68.389
365.180 4.250 84.532
365.190 4.200 80.531
365.200 4.030 59.482
365.210 3.830 74.275
365.220 4.400 74.242
365.230 4.170 58.480
365.240 4.550 85.639
365.250 4.630 65.448
365.260 4.270 66.569
365.270 3.980 80.434
365.280 4.280 77.695
365.290 4.950 65.494
365.300 4.280 82.909
365.310 5.070 82.262
365.320 4.310 64.680
365.330 4.150 68.358
365.370 4.090 58.220
365.380 4.100 85.005
365.400 4.030 84.986
365.410 4.030 77.140
365.420 4.220 78.602
365.430 4.500 68.870
365.450 4.580 74.230
365.460 3.800 87.536
365.470 3.620 86.092
365.480 4.180 61.111
365.510 4.310 62.051
365.520 4.110 72.585
365.530 3.790 89.914
365.540 3.960 78.921
365.550 4.090 68.887
365.560 4.350 79.248
365.570 3.880 76.246
365.580 4.130 34.381
365.590 4.300 40.222
365.600 4.200 56.725
365.610 4.010 57.415
365.620 4.620 59.184
365.630 4.980 30.896
365.640 5.260 77.973
365.650 4.430 39.701
365.660 4.140 75.015
365.670 3.990 79.303
365.680 4.460 59.163
365.690 4.530 68.126
365.700 4.450 82.231
365.710 4.510 61.094
365.720 4.860 78.062
365.730 5.210 19.393
365.740 4.730 40.275
365.750 4.410 61.149
365.760 5.190 69.730
365.770 5.220 75.084
365.780 4.290 69.178
365.790 4.240 84.180
365.800 4.350 71.359
365.810 4.330 88.736
365.820 4.400 50.872
365.830 4.290 44.860
365.840 4.210 39.946
365.850 4.190 30.863
365.860 3.880 64.405
365.870 4.970 41.710
365.880 4.230 44.717
365.890 3.840 63.470
365.900 4.750 82.866
365.910 4.750 52.503
365.930 4.340 52.517
365.940 4.990 66.762
365.950 4.820 62.999
365.960 4.060 71.118
365.970 4.350 78.356
365.980 4.310 70.057
366.000 5.310 74.369
366.010 5.130 76.046
366.020 5.430 88.961
366.030 4.250 60.408
366.040 4.720 83.278
366.050 4.310 33.494
366.060 4.770 87.826
366.070 4.980 84.080
366.080 4.360 60.552
366.090 5.140 80.301
366.110 4.460 34.273
366.120 4.250 59.999
366.130 4.070 71.124
366.140 4.010 60.721
366.150 3.780 75.706
366.170 4.330 87.559
366.190 4.720 60.724
366.200 4.430 59.885
366.210 4.520 44.961
366.220 5.000 82.031
366.230 4.500 31.313
366.240 4.550 72.282
366.250 4.980 68.535
366.260 4.790 73.809
366.270 4.600 83.676
366.280 4.280 74.000
366.320 4.350 51.010
366.330 4.230 82.191
366.340 4.310 78.437
366.350 4.120 29.709
366.370 3.780 80.958
366.390 3.890 63.709
366.400 5.090 48.385
366.410 4.510 72.531
366.420 4.200 71.437
366.430 5.010 86.211
366.470 4.090 80.559
366.490 4.350 63.590
366.500 4.150 59.770
366.510 4.360 58.723
366.520 4.490 46.392
366.540 4.200 73.622
366.550 4.600 60.207
366.560 4.030 56.115
366.570 4.050 36.396
366.580 4.400 52.522
366.590 5.230 70.630
366.600 4.540 76.642
366.610 4.970 51.407
366.620 4.090 62.687
366.630 4.440 73.677
366.640 4.550 42.768
366.650 4.200 49.675
366.660 4.280 67.112
366.670 5.060 75.521
366.680 4.430 67.717
366.740 4.700 74.799
366.750 4.670 50.746
366.760 4.210 77.273
366.780 4.440 59.134
366.790 4.280 54.708
366.800 4.190 64.252
366.810 3.910 69.068
366.820 4.040 68.069
366.850 4.340 81.163
366.860 4.040 63.608
366.870 4.280 63.894
366.880 5.020 81.096
366.890 4.250 54.891
366.900 4.050 56.178
366.910 4.220 63.312
366.930 4.340 74.414
366.940 4.400 62.683
366.950 4.260 77.160
366.960 4.310 87.279
366.970 4.350 84.266
366.990 4.150 72.916
367.000 3.920 89.639
367.010 4.160 82.394
367.020 3.980 76.551
367.030 4.710 69.669
367.040 4.330 55.965
367.050 5.270 13.813
367.080 4.170 38.309
367.090 4.370 42.209
367.110 4.510 59.051
367.120 4.350 79.071
367.130 4.430 77.617
367.140 4.540 71.390
367.150 4.320 84.940
367.170 4.170 77.349
367.180 4.650 80.019
367.190 4.830 83.704
367.200 4.110 47.479
367.220 3.980 76.602
367.230 3.800 80.401
367.240 4.380 74.597
367.250 4.040 87.236
367.260 4.240 72.329
367.270 4.160 64.816
367.280 4.760 76.015
367.290 5.700 74.620
367.320 5.040 65.382
367.330 5.010 80.418
367.340 4.900 81.707
367.350 4.260 76.343
367.370 4.500 78.485
367.410 4.980 81.148
367.460 4.410 55.505
367.470 4.160 61.797
367.480 3.870 80.106
367.490 4.580 47.923
367.500 4.060 53.820
367.510 4.460 75.407
367.520 4.580 49.186
367.530 4.530 61.358
367.540 5.190 51.785
367.550 4.950 42.676
367.560 4.760 68.907
367.570 4.370 38.875
367.580 4.840 77.596
367.590 4.540 86.949
367.600 4.100 69.843
367.610 4.460 37.418
367.620 4.060 68.990
367.630 4.770 44.023
367.640 5.360 86.544
367.650 4.630 63.403
367.670 5.810 86.212
367.690 5.740 88.605
367.700 4.970 68.717
367.710 4.440 53.808
367.720 4.280 61.613
367.730 4.750 79.102
367.740 4.870 56.506
367.750 4.980 55.815
367.760 4.550 41.353
367.770 4.630 48.893
367.780 5.060 58.965
367.790 4.890 55.632
367.800 4.680 72.599
367.810 5.140 33.928
367.820 5.970 19.880
367.880 5.910 66.957
367.920 5.360 87.600
367.950 5.580 42.534
368.010 4.700 33.003
368.020 4.650 28.937
368.030 4.280 41.806
368.040 5.000 38.933
368.050 5.700 10.926
368.070 5.770 45.825
368.080 5.280 17.952
368.090 5.270 29.284
368.100 5.660 36.232
368.120 4.820 27.353
368.130 5.620 38.251
368.140 5.890 36.107
368.150 6.000 27.474
368.160 5.470 34.247
371.330 4.780 68.068
371.340 5.420 71.230
371.350 4.830 30.028
371.360 4.570 43.451
371.370 5.280 46.537
371.380 5.390 84.971
371.390 5.150 64.847
371.400 5.230 54.728
371.410 5.520 45.800
371.420 5.460 71.121
371.430 5.390 63.683
371.450 4.390 34.556
371.460 4.810 49.333
371.470 4.670 36.274
371.480 4.620 41.700
371.490 5.900 69.070
371.570 5.580 32.280
371.580 4.910 35.419
371.590 4.390 28.029
371.600 4.650 36.097
371.620 5.200 30.049
371.630 5.270 34.462
371.640 4.810 29.832
371.650 5.380 60.124
371.660 4.490 30.866
371.670 4.950 11.920
371.680 5.660 33.940
371.690 4.740 55.938
371.700 4.960 42.286
371.720 5.100 32.688
371.730 4.460 45.608
371.740 5.320 55.836
371.750 4.620 64.385
371.760 4.850 46.946
371.880 4.490 49.048
371.890 4.330 41.735
371.900 5.460 55.942
371.910 5.020 52.805
371.920 5.580 36.630
371.930 4.960 30.162
371.940 5.090 54.780
371.980 4.640 61.562
371.990 5.930 77.563
372.000 4.330 58.059
372.010 4.790 72.112
372.020 4.730 57.093
372.030 4.470 25.154
372.040 4.590 56.516
372.050 4.860 23.483
372.060 4.550 32.210
372.070 4.280 65.000
372.080 4.610 55.986
372.090 5.640 86.491
372.100 4.240 74.591
372.120 5.500 26.622
372.130 4.540 33.367
372.140 4.670 78.992
372.150 4.480 73.291
372.160 5.050 60.505
372.180 4.290 47.367
372.190 4.980 67.136
372.200 5.100 62.334
372.210 4.940 79.987
372.220 5.330 51.263
372.240 4.770 66.635
372.250 5.950 84.646
372.280 5.630 85.618
372.290 5.350 75.377
372.320 4.430 71.395
372.330 4.380 75.736
372.340 5.680 87.985
372.370 5.620 87.081
372.400 4.650 66.539
372.410 5.320 83.616
372.830 4.770 76.683
372.840 4.940 67.905
372.850 5.230 24.590
372.860 4.230 58.746
372.870 5.120 81.296
372.880 4.110 58.408
372.910 5.540 89.460
372.920 5.870 86.659
373.070 5.360 80.766
373.100 4.090 63.733
373.110 4.890 73.630
373.120 4.030 60.656
373.130 4.690 80.056
373.140 4.840 75.025
373.190 5.440 88.726
373.230 5.940 89.945
373.240 5.040 87.271
373.250 4.410 32.948
373.260 5.210 51.325
373.270 4.500 78.704
373.320 3.900 68.117
373.330 3.960 74.538
373.340 3.950 83.106
373.350 3.970 86.462
373.380 4.490 60.408
373.390 3.850 86.585
373.400 3.820 78.142
373.430 4.300 63.081
373.450 5.240 78.543
373.570 5.770 84.928
373.580 5.330 85.314
373.590 4.900 88.485
373.610 5.080 52.725
373.620 5.070 34.832
373.630 4.600 33.146
373.640 5.400 19.492
373.650 4.790 45.812
373.660 4.830 52.557
373.670 5.060 67.658
373.680 4.780 35.916
373.690 4.800 55.950
373.700 4.880 75.194
373.710 5.040 56.105
373.720 5.550 74.596
373.730 5.030 67.960
373.740 4.250 64.015
373.760 4.330 86.266
373.890 4.270 57.908
373.900 5.260 64.775
373.930 4.850 77.469
373.940 5.330 87.912
373.960 4.560 63.919
373.990 4.720 66.475
374.080 4.600 62.393
374.090 4.410 68.994
374.100 3.990 60.705
374.110 3.940 67.486
374.120 4.310 44.596
374.130 4.600 72.257
374.140 5.530 88.845
374.150 5.910 81.977
374.160 5.840 78.646
374.310 5.570 82.507
374.350 5.770 80.907
374.400 5.090 76.492
374.450 5.960 85.998
374.460 5.350 79.521
374.470 4.310 54.544
374.480 3.820 73.351
374.500 3.940 87.097
374.510 4.450 62.469
374.520 4.270 84.923
374.530 4.220 71.377
374.540 4.010 87.752
374.550 4.150 64.915
374.560 4.170 87.330
374.570 4.320 74.336
374.620 5.260 88.997
374.640 4.930 68.250
374.650 5.230 44.000
374.710 5.150 66.272
374.740 4.990 77.643
374.800 5.940 87.244
374.810 5.730 74.644
374.880 5.980 86.275
374.890 5.870 71.648
374.930 5.200 56.771
374.940 4.760 82.289
374.960 5.180 59.976
374.970 4.470 65.666
374.980 5.380 60.441
374.990 4.190 73.845
375.000 4.210 65.543
375.010 4.340 80.452
375.020 4.520 43.729
375.030 4.570 41.531
375.040 5.210 79.198
375.060 4.270 56.562
375.080 4.640 81.317
375.090 4.620 66.734
375.100 4.510 64.473
375.110 5.320 87.362
375.120 4.800 81.554
375.170 5.430 85.971
375.220 4.560 86.718
375.230 4.090 70.140
375.260 4.140 51.198
375.270 4.000 73.352
375.280 3.950 70.857
375.290 4.330 48.237
375.300 4.530 55.168
375.310 4.840 71.576
375.320 4.430 61.115
375.330 4.250 78.526
375.340 4.180 73.422
375.360 5.200 84.043
375.370 4.510 67.504
375.380 4.770 72.529
375.390 4.320 72.904
375.400 4.400 34.789
375.410 5.690 84.476
375.430 4.820 74.922
375.440 4.440 52.970
375.450 4.500 55.514
375.460 5.320 68.682
375.660 4.680 62.564
375.750 4.710 72.197
375.760 5.400 67.689
375.770 3.700 75.045
375.780 3.840 65.275
375.810 4.040 81.636
375.830 4.060 56.489
375.840 3.880 63.877
375.860 4.220 63.582
375.870 4.240 74.258
375.880 3.710 73.145
375.890 3.680 70.906
375.900 3.930 82.383
375.910 4.160 70.426
375.920 4.730 40.112
375.930 5.180 56.909
375.950 5.940 74.369
375.960 5.140 83.785
375.970 4.850 67.016
375.990 4.900 79.990
376.000 4.400 79.267
376.010 4.570 59.832
376.020 4.470 37.901
376.030 4.830 78.731
376.040 5.270 83.566
376.050 4.840 80.576
376.110 5.130 84.573
376.120 4.390 73.662
376.130 5.170 62.785
376.140 4.330 85.702
376.150 3.880 55.641
376.160 4.390 82.801
376.170 3.980 86.687
376.180 4.480 77.091
376.190 4.300 77.058
376.200 5.350 46.411
376.210 4.980 23.900
376.220 5.320 55.037
376.230 5.500 85.437
376.240 4.730 68.285
376.250 4.530 36.377
376.260 4.280 50.107
376.270 4.130 83.832
376.280 4.060 58.728
376.320 5.420 70.468
376.330 5.550 51.823
376.350 5.170 82.127
376.360 4.740 59.576
376.370 5.020 66.750
376.380 5.070 76.799
376.410 5.760 80.877
376.450 5.970 85.776
376.620 4.470 49.832
376.630 5.520 82.922
376.640 5.780 81.594
376.670 4.820 85.675
376.680 5.200 84.531
376.690 4.370 77.598
376.700 4.820 83.253
376.710 4.120 83.634
376.740 4.910 73.424
376.750 4.700 75.237
376.770 4.060 43.287
376.780 4.670 68.223
376.790 4.420 85.079
376.800 3.900 52.567
376.810 4.550 70.864
376.820 4.060 40.357
376.830 4.610 46.574
376.840 4.800 45.072
376.850 5.000 63.222
376.860 4.770 49.114
376.870 4.860 41.071
376.880 4.540 65.305
376.890 4.760 65.104
376.900 4.960 82.000
376.910 4.680 68.474
376.920 5.010 78.890
376.940 4.550 70.828
376.970 5.240 88.263
381.430 5.720 44.041
381.460 4.480 55.411
381.470 5.560 89.798
381.480 4.320 47.121
381.490 4.910 77.188
381.510 4.480 68.700
381.520 4.600 48.436
381.530 5.400 56.823
381.540 4.950 46.699
381.550 5.320 89.732
381.560 4.160 60.576
381.570 4.200 76.728
381.580 4.420 71.509
381.590 3.970 58.359
381.610 3.880 64.173
381.630 3.900 79.948
381.670 5.630 85.067
381.680 5.650 81.634
381.820 4.370 51.642
381.830 4.510 67.141
381.840 5.100 81.893
381.890 4.650 72.993
381.900 4.460 73.445
381.910 4.900 80.517
381.920 4.570 69.921
381.930 4.180 61.891
381.940 4.210 55.242
381.950 4.690 39.463
381.960 4.300 64.520
381.970 4.490 55.348
381.980 4.280 78.358
381.990 4.450 68.900
382.000 4.790 84.528
382.010 3.810 85.684
382.030 5.650 77.692
382.040 5.510 77.731
382.050 4.080 54.640
382.060 4.270 76.020
382.080 4.080 75.417
382.090 4.360 78.642
382.100 4.260 67.568
382.240 4.710 78.982
383.530 4.090 36.253
383.550 4.610 16.994
383.560 4.120 67.365
383.570 3.680 83.820
383.580 4.240 60.008
383.590 4.210 89.634
383.600 4.290 78.459
383.620 4.220 70.966
383.630 3.970 78.849
383.640 4.480 72.692
383.650 4.050 64.465
383.690 4.160 78.866
383.700 4.090 64.862
383.710 4.150 66.376
383.720 4.480 75.483
383.730 4.140 48.547
383.740 3.950 66.030
383.750 4.330 70.001
383.760 4.170 87.877
383.770 3.650 58.946
383.780 3.950 83.740
383.790 4.590 69.636
383.800 4.250 61.265
383.810 4.130 81.093
383.840 4.950 78.614
383.850 5.030 67.744
383.860 4.820 48.269
383.870 4.390 73.047
383.880 4.880 53.061
383.890 5.340 42.123
383.900 4.480 49.289
383.910 5.160 30.794
383.920 4.660 24.488
383.930 4.050 61.563
384.060 4.940 64.277
384.090 3.990 75.500
384.390 5.850 67.610
384.400 5.270 78.548
384.410 5.570 53.225
384.460 5.420 25.645
384.470 5.780 74.005
384.490 5.140 72.348
384.710 4.380 88.514
384.720 4.770 85.507
384.880 4.460 69.121
384.970 4.330 86.017
385.000 4.020 75.292
385.020 4.160 89.644
385.080 4.980 74.924
385.100 4.080 79.644
385.140 4.900 55.070
385.150 5.110 69.275
385.160 5.730 78.034
385.170 5.060 63.150
385.180 5.030 50.077
385.190 5.030 71.199
385.200 4.430 59.163
385.220 4.930 29.718
385.230 4.520 67.291
385.260 5.090 62.462
385.270 5.820 62.907
385.300 5.940 56.506
385.500 6.000 88.404
385.660 5.300 83.790
385.680 4.870 65.597
385.820 5.650 49.658
385.830 5.420 65.954
385.840 4.600 81.592
385.900 5.560 89.563
385.950 6.000 89.884
386.050 5.390 74.824
386.100 5.970 79.727
386.180 5.470 83.200
386.250 5.920 85.626
386.270 5.800 86.222
386.340 5.220 71.298
386.350 4.820 43.769
386.360 5.640 36.867
386.760 5.430 72.894
387.010 5.330 87.644
387.020 5.990 84.488
387.040 5.790 84.348
387.090 5.000 68.554
387.100 5.850 68.007
387.120 4.750 78.744
387.130 5.230 86.477
387.140 4.970 78.789
387.320 5.390 69.637
387.330 4.850 82.866
387.380 5.950 83.590
387.680 5.360 60.580
387.690 5.040 87.044
387.710 5.810 50.027
387.920 5.690 73.328
388.180 5.580 88.728
388.200 5.700 88.942
388.210 5.810 59.265
388.220 4.980 58.305
388.230 5.280 64.765
388.240 4.760 51.324
388.250 5.060 54.759
388.260 3.930 65.430
388.270 5.130 60.802
388.280 4.750 59.094
388.290 4.240 61.306
388.300 5.130 39.620
388.310 5.290 48.038
388.320 4.660 39.626
388.330 5.770 35.518
388.340 4.420 47.001
388.350 4.340 41.383
388.360 4.970 66.244
388.370 5.380 75.109
388.380 5.060 62.435
388.390 5.500 79.110
388.400 4.810 49.221
388.410 4.900 48.022
388.420 4.730 44.054
388.430 5.290 73.348
388.440 5.430 45.810
388.450 5.330 58.907
388.460 5.180 49.917
388.470 4.760 44.266
388.490 5.290 45.809
388.520 5.520 83.544
388.530 5.490 81.792
388.630 5.480 14.227
388.640 5.920 39.220
388.890 5.220 83.884
388.900 6.000 68.615
388.910 5.460 79.772
388.920 5.390 47.080
388.940 5.850 67.245
388.970 5.630 71.057
388.990 5.760 80.774
389.000 5.430 88.934
389.020 4.890 74.730
389.040 5.780 51.577
389.060 5.900 85.909
389.070 5.380 63.031
389.090 5.030 64.026
389.100 5.850 60.206
389.110 4.760 48.207
389.120 5.540 64.247
389.160 5.330 76.187
389.170 5.080 66.508
389.180 5.390 72.275
389.190 4.980 78.640
389.200 5.640 88.433
389.210 5.410 63.685
389.220 5.150 47.301
389.230 5.640 66.988
389.240 5.380 65.661
389.260 5.230 69.646
389.270 5.390 64.742
389.280 5.060 67.423
389.290 5.970 85.230
389.300 5.410 69.643
389.310 5.110 79.216
389.380 5.770 81.883
389.390 4.730 32.686
389.910 5.340 70.476
389.930 5.430 81.129
389.950 5.050 82.322
389.960 5.740 89.954
390.040 4.230 84.837
390.060 4.570 72.403
390.070 3.660 64.684
390.080 3.930 73.034
390.090 4.060 78.125
390.100 4.720 60.017
390.110 5.500 63.078
390.120 5.140 76.411
390.130 5.100 72.285
390.140 5.930 52.928
390.150 5.410 42.413
390.170 4.320 57.955
390.180 4.740 51.498
390.190 4.920 58.719
390.200 5.660 57.245
390.210 4.950 81.516
390.220 5.150 60.727
390.230 4.710 54.127
390.240 5.070 47.900
390.250 5.550 63.724
390.260 4.770 31.939
390.280 4.330 29.967
390.290 5.480 66.785
390.300 4.100 38.328
390.330 5.810 88.659
390.360 5.460 81.097
390.420 4.210 81.714
390.470 4.800 69.642
390.480 4.460 72.530
390.500 3.780 74.517
390.510 4.010 78.842
390.520 4.330 74.889
390.530 4.470 72.533
390.540 4.860 74.286
390.550 5.020 68.411
390.560 4.340 69.315
390.570 4.620 68.274
390.580 5.400 87.768
390.590 4.750 69.180
390.600 4.530 85.593
390.610 5.310 70.805
390.620 4.920 88.745
390.630 5.160 73.576
390.640 5.900 68.078
390.660 5.200 73.061
390.670 4.730 51.142
390.680 4.290 64.873
390.690 4.460 81.324
390.700 4.580 87.032
390.810 5.610 87.781
390.850 5.750 84.019
390.870 4.740 62.157
390.900 5.670 87.640
390.940 5.010 63.149
390.950 4.630 81.577
390.960 4.050 86.640
390.990 4.520 84.279
391.000 4.220 66.856
391.010 4.260 75.621
391.020 5.780 63.069
391.030 4.780 50.666
391.050 4.580 64.769
391.060 4.600 28.405
391.070 4.450 52.181
391.080 3.730 53.440
391.090 4.530 52.706
391.100 4.550 40.440
391.110 4.580 48.026
391.120 4.260 46.702
391.130 5.000 38.286
391.140 4.950 55.370
391.150 4.480 40.763
391.160 4.940 41.780
391.170 4.900 46.363
391.180 5.140 41.987
391.200 4.990 41.075
391.210 4.900 46.693
391.220 4.380 24.076
391.240 4.000 69.798
391.250 4.180 56.765
391.260 4.200 62.133
391.270 3.930 71.551
391.280 5.090 61.776
391.290 4.280 88.312
391.300 4.320 45.541
391.310 4.310 59.405
391.320 4.260 63.678
391.340 5.000 74.688
391.350 4.430 71.818
391.360 4.240 57.627
391.370 4.760 56.772
391.380 4.610 75.378
391.390 4.960 63.598
391.400 5.010 87.534
391.410 4.740 59.655
391.430 4.680 80.822
391.440 5.460 88.752
391.450 4.730 68.661
391.460 4.190 50.268
391.470 4.000 64.492
391.480 4.510 54.990
391.490 5.130 61.648
391.500 4.790 64.108
391.510 4.210 70.151
391.520 4.050 53.063
391.530 4.900 53.423
391.540 4.660 36.456
391.550 4.600 60.883
391.560 4.070 58.263
391.570 4.440 73.355
391.600 4.520 70.246
391.620 4.290 88.455
391.630 4.730 53.971
391.640 4.280 62.408
391.650 4.670 68.288
391.680 4.450 45.043
391.690 4.420 77.927
391.700 3.990 66.777
391.710 4.220 34.770
391.720 4.550 70.472
391.730 4.280 83.124
391.740 4.250 63.689
391.750 4.130 69.253
391.760 4.070 63.865
391.770 4.070 88.505
391.790 5.300 35.183
391.800 4.220 83.824
391.820 3.930 86.689
391.830 5.070 66.273
391.840 4.740 80.609
391.850 4.360 67.684
391.860 4.200 64.818
391.870 4.210 54.056
391.890 4.280 80.157
391.900 4.610 47.367
391.910 4.480 53.264
391.920 4.340 50.044
391.940 4.990 53.348
391.950 4.440 45.879
391.960 4.540 79.151
391.970 4.540 49.903
391.980 5.160 43.602
391.990 4.320 25.624
392.000 4.140 67.267
392.010 4.240 77.078
392.020 4.490 80.541
392.030 4.020 58.873
392.060 4.360 71.831
392.070 4.780 72.432
392.090 4.160 54.574
392.100 4.450 74.818
392.110 4.520 25.328
392.120 4.410 56.295
392.130 4.950 27.122
392.140 4.670 60.382
392.150 4.700 56.118
392.160 4.520 57.772
392.170 4.660 68.057
392.180 4.270 65.031
392.190 4.540 45.718
392.200 4.400 44.537
392.210 4.090 60.210
392.220 4.550 59.261
392.230 4.350 48.116
392.240 4.180 60.464
392.250 4.500 71.159
392.260 4.550 60.901
392.270 4.670 60.708
392.280 4.630 59.345
392.290 4.930 57.130
392.300 4.030 43.234
392.310 4.410 85.988
392.320 4.300 52.120
392.330 4.460 77.809
392.340 5.220 71.823
392.350 4.640 58.556
392.360 4.330 85.994
392.370 4.230 52.244
392.380 4.230 31.933
392.390 4.240 52.172
392.420 4.700 84.582
392.430 4.350 56.689
392.440 4.490 60.009
392.450 4.040 67.790
392.460 4.830 45.683
392.470 4.630 81.387
392.480 4.180 52.125
392.490 5.350 64.681
392.500 4.120 74.909
392.510 4.250 56.120
392.520 4.670 60.131
392.530 4.630 77.653
392.540 4.440 64.156
392.670 4.910 85.885
392.760 5.950 86.090
392.780 4.690 67.316
392.850 5.180 74.168
392.860 5.290 89.784
392.880 5.310 70.129
392.890 4.810 70.233
392.900 4.320 83.830
392.910 3.970 82.795
392.930 5.060 86.056
392.940 5.190 84.149
392.960 4.760 78.083
392.970 4.440 69.064
392.980 3.940 70.141
392.990 4.360 80.561
393.000 5.050 84.710
393.010 4.470 71.934
393.030 4.920 88.473
393.040 4.570 77.351
393.060 4.590 89.131
393.070 4.640 76.124
393.090 4.450 82.494
393.110 4.540 89.377
393.130 4.670 68.002
393.140 4.330 61.428
393.180 4.310 85.185
393.200 4.620 74.864
393.270 4.950 80.049
393.300 5.550 74.386
393.330 4.690 87.900
393.340 4.160 71.813
393.350 4.290 82.075
393.360 4.710 82.170
393.370 4.080 83.439
393.380 3.810 89.424
393.390 4.810 84.460
393.410 4.440 50.034
393.420 4.830 19.299
393.440 3.980 74.454
393.450 4.570 48.642
393.460 4.070 89.308
393.470 4.830 89.231
393.480 4.840 54.444
393.490 4.630 57.528
393.500 5.970 34.940
393.510 4.860 60.597
393.520 5.590 70.163
393.530 5.180 39.213
393.540 4.840 55.268
393.550 4.840 55.892
394.770 5.680 85.813
394.790 5.990 85.311
394.900 5.810 88.117
395.110 6.000 71.783
395.140 5.050 84.945
395.160 4.500 76.435
395.170 4.570 64.382
395.200 4.910 82.006
395.210 4.430 59.358
395.220 4.900 82.240
395.230 4.540 56.265
395.240 4.710 76.733
395.250 5.130 58.544
395.260 4.590 74.595
395.290 5.910 86.174
395.320 4.740 64.633
395.330 4.670 56.126
395.340 4.530 72.322
395.350 4.550 60.755
395.650 4.450 67.165
395.660 4.890 68.971
395.670 4.530 59.586
395.680 5.980 70.329
395.710 5.940 86.192
395.890 5.920 4.646
395.910 5.610 23.493
395.920 5.450 27.468
395.940 5.510 30.803
395.960 5.850 22.398
395.970 5.180 25.977
395.980 5.020 34.645
395.990 5.140 87.198
396.250 5.570 75.475
396.320 3.940 85.524
396.340 4.540 80.311
396.350 5.930 82.005
396.360 5.430 71.939
396.370 5.730 79.326
396.420 5.110 84.859
396.580 4.750 75.009
396.660 5.770 74.355
396.670 5.380 87.375
396.740 4.350 87.854
396.830 4.600 87.474
396.880 5.660 80.605
396.890 5.120 86.667
396.900 5.570 77.089
397.000 5.740 88.155
397.030 5.900 78.239
397.040 4.490 61.285
397.050 4.570 26.378
397.060 5.770 82.743
397.070 5.450 66.523
397.090 5.640 37.042
397.100 4.540 35.041
397.110 4.050 68.053
397.120 4.670 31.100
397.130 4.580 43.805
397.140 4.640 70.914
397.150 4.080 84.173
397.160 4.380 63.372
397.170 3.710 75.511
397.240 4.660 64.940
397.270 4.600 71.365
397.280 4.480 67.729
397.300 4.150 85.226
397.310 3.850 65.308
397.320 3.760 81.178
397.330 4.040 57.695
397.340 4.230 72.411
397.350 3.910 77.081
397.360 4.730 79.550
397.380 3.740 67.233
397.390 4.220 60.406
397.400 4.080 55.638
397.420 4.320 57.665
397.440 5.210 72.338
397.450 4.270 56.936
397.460 4.330 67.161
397.470 4.380 79.952
397.480 4.430 68.292
397.490 5.000 63.803
397.500 5.140 65.555
397.510 4.740 37.824
397.520 4.220 22.013
397.530 4.830 64.132
397.540 5.110 45.076
397.550 4.520 48.655
397.560 4.290 74.872
397.570 4.260 54.101
397.580 4.040 78.049
397.590 4.420 64.522
397.600 4.320 67.397
397.610 4.170 57.675
397.620 4.060 52.018
397.630 4.440 62.143
397.640 4.160 78.759
397.650 4.130 53.131
397.660 4.300 76.341
397.680 4.810 53.484
397.690 4.790 34.816
397.700 4.630 49.186
397.710 4.350 46.277
397.720 4.290 45.259
397.730 4.380 80.465
397.740 4.170 68.881
397.750 4.340 39.639
397.770 4.340 76.368
397.780 4.630 50.484
397.790 4.140 51.979
397.800 4.680 77.508
397.810 4.400 50.655
397.820 4.920 19.234
397.830 5.090 60.151
397.840 4.570 47.538
397.850 4.620 75.718
397.860 5.030 43.432
397.870 4.400 51.932
397.880 4.220 61.629
397.890 4.340 66.973
397.900 4.470 72.085
397.910 4.620 47.222
397.920 4.440 35.012
397.930 4.490 38.164
397.940 4.670 42.572
397.950 4.700 46.955
397.960 4.320 65.038
397.970 4.280 59.189
397.980 4.600 51.364
397.990 4.360 51.958
398.000 4.440 45.119
398.010 4.670 51.169
398.020 5.130 45.150
398.030 4.340 44.638
398.040 4.800 66.123
398.050 4.500 44.300
398.060 4.340 38.140
398.070 4.540 36.220
398.080 4.730 50.233
398.090 4.380 78.890
398.100 4.120 76.246
398.120 4.290 79.315
398.130 4.600 34.744
398.140 3.950 75.600
398.150 4.810 45.853
398.160 4.300 65.643
398.170 4.110 78.220
398.180 4.700 76.877
398.190 4.140 64.016
398.200 4.360 45.933
398.210 4.130 59.507
398.230 4.360 41.707
398.240 4.700 34.739
398.250 4.930 48.679
398.260 5.290 49.136
398.270 4.360 35.928
398.280 4.820 47.181
398.290 4.040 89.751
398.300 4.820 41.883
398.310 4.310 72.538
398.320 4.460 50.851
398.330 4.380 59.471
398.340 4.610 55.252
398.350 4.940 57.297
398.360 4.500 40.996
398.370 4.340 38.807
398.380 4.470 56.527
398.390 4.180 64.502
398.400 4.290 66.008
398.410 4.450 53.065
398.420 4.520 67.887
398.430 4.690 64.530
398.440 4.520 27.797
398.460 4.280 27.737
398.470 5.090 17.679
398.480 5.080 79.899
398.490 4.970 33.384
398.500 4.580 85.954
398.510 4.270 55.426
398.520 4.520 20.376
398.540 4.360 38.549
398.550 4.340 40.980
398.560 4.260 65.096
398.570 4.450 48.868
398.580 4.250 47.769
398.590 4.200 50.418
398.600 4.400 60.509
398.610 4.940 46.711
398.620 4.770 13.114
398.630 5.070 39.598
398.640 5.110 24.814
398.650 4.710 36.014
398.660 4.100 68.116
398.670 4.640 60.157
398.680 5.120 19.867
398.690 4.800 13.395
398.700 4.480 11.292
398.710 5.100 50.382
398.720 4.820 53.016
398.730 5.240 41.162
398.740 4.710 31.749
398.750 4.510 55.561
398.760 4.370 38.647
398.770 4.580 30.422
398.780 4.220 39.869
398.790 4.800 54.838
398.800 4.520 50.599
398.810 4.010 51.798
398.820 4.360 60.794
398.830 4.280 44.588
398.840 4.990 54.563
398.850 4.250 66.532
398.860 4.390 56.443
398.870 4.640 38.649
398.880 4.650 49.702
398.890 4.470 39.342
398.900 4.480 50.537
398.910 4.630 58.484
398.920 4.720 42.921
398.930 4.540 32.259
398.940 4.600 23.929
398.950 4.300 50.695
398.960 4.420 9.820
398.970 4.410 18.719
398.980 4.630 33.020
398.990 4.650 44.854
399.000 4.610 50.587
399.010 4.530 40.723
399.020 4.660 34.623
399.030 4.260 53.571
399.040 4.140 59.103
399.050 4.360 31.279
399.060 4.150 42.981
399.070 4.650 49.872
399.080 4.790 42.011
399.090 4.890 42.635
399.100 4.530 42.991
399.110 4.320 53.087
399.120 4.420 32.978
399.130 4.720 34.055
399.140 4.430 16.557
399.150 4.670 42.865
399.160 4.410 42.712
399.170 4.770 34.271
399.180 4.600 57.130
399.190 4.430 44.824
399.200 4.590 44.621
399.210 4.390 42.178
399.220 4.980 53.961
399.230 4.620 43.035
399.240 4.960 34.287
399.250 4.920 32.777
399.270 4.570 51.845
399.280 4.360 39.191
399.290 4.320 50.064
399.300 4.690 23.347
399.310 4.430 32.239
399.330 4.720 32.097
399.340 4.270 45.147
399.350 4.300 41.238
399.360 4.230 39.390
399.370 4.420 42.098
399.380 4.370 56.966
399.390 4.680 25.769
399.400 4.120 51.621
399.410 4.350 41.428
399.420 4.090 52.607
399.430 4.480 51.788
399.440 4.830 38.947
399.450 4.470 30.943
399.460 4.490 40.284
399.470 4.820 56.780
399.480 4.310 65.887
399.490 5.520 51.793
399.510 4.960 53.073
399.520 4.400 27.291
399.530 5.280 37.075
399.550 4.720 34.339
399.560 4.510 67.224
399.570 4.540 44.309
399.580 4.560 45.600
399.590 4.440 45.898
399.600 4.500 44.470
399.610 4.600 68.261
399.620 4.130 52.907
399.630 4.520 40.203
399.640 4.880 17.279
399.650 4.400 31.713
399.660 4.490 40.836
399.670 4.480 29.645
399.680 4.430 41.653
399.690 4.620 48.645
399.700 4.790 71.950
399.710 4.840 30.283
399.720 4.760 29.798
399.730 4.940 24.918
399.740 4.970 32.969
399.750 4.270 51.554
399.760 4.590 41.399
399.770 4.430 52.965
399.780 4.540 57.015
399.790 4.690 66.207
399.800 4.310 54.166
399.810 4.620 33.179
399.820 4.510 51.225
399.830 4.230 52.678
399.840 4.310 44.809
399.850 4.400 56.603
399.860 3.960 53.408
399.870 5.090 60.447
399.880 4.640 43.748
399.890 4.430 59.705
399.900 4.370 58.772
399.910 4.190 70.455
399.920 4.570 29.909
399.930 4.100 69.251
399.940 4.020 54.520
399.950 4.430 52.695
399.960 4.350 51.944
400.040 3.860 70.653
400.080 4.510 80.534
400.090 4.420 77.919
400.110 4.160 88.399
400.120 4.140 27.556
400.140 4.270 70.717
400.150 4.650 51.474
400.170 4.550 81.621
400.180 4.170 67.710
400.190 4.320 66.829
400.210 4.300 62.442
400.220 4.640 40.506
400.230 4.390 50.978
400.240 4.780 26.713
400.250 4.070 44.122
400.260 4.040 73.968
400.270 4.360 40.502
400.280 4.540 78.709
400.290 4.140 71.910
400.300 4.670 55.732
400.310 4.410 42.009
400.320 4.320 37.440
400.330 4.660 24.750
400.340 4.370 54.985
400.350 4.290 58.855
400.360 4.190 64.964
400.370 4.780 49.267
400.380 5.240 54.144
400.390 4.770 34.738
400.400 4.210 52.851
400.410 4.320 59.820
400.420 4.390 38.755
400.430 4.520 48.115
400.440 4.360 42.467
400.450 4.590 22.092
400.470 4.220 63.595
400.480 4.470 83.530
400.490 4.890 59.377
400.500 4.320 51.305
400.510 4.640 53.500
400.520 4.440 54.980
400.530 4.240 81.030
400.540 4.640 48.166
400.550 5.480 67.972
400.560 4.490 16.884
400.570 4.510 49.885
400.580 4.440 34.500
400.590 4.420 84.180
400.600 4.450 49.381
400.610 4.190 51.185
400.620 4.440 48.027
400.630 4.410 40.159
400.640 4.230 57.186
400.650 4.460 61.975
400.660 4.290 65.741
400.670 4.300 48.900
400.680 4.500 75.007
400.690 4.590 71.024
400.700 4.950 72.087
400.710 4.340 81.387
400.720 5.160 84.482
400.760 5.720 82.571
400.770 4.720 70.924
400.780 4.460 73.024
400.790 4.330 80.265
400.800 4.610 67.805
400.810 4.240 70.420
400.820 5.200 54.109
400.830 4.160 59.683
400.840 4.180 75.151
400.850 4.670 75.487
400.860 4.850 69.666
400.870 5.420 65.502
400.880 4.140 71.913
400.890 4.630 81.290
400.900 3.980 72.349
400.910 4.520 73.108
400.920 4.100 50.987
400.930 4.520 49.745
400.940 4.570 42.772
400.950 4.410 48.805
400.960 5.000 62.202
400.980 4.520 74.514
401.020 4.630 65.098
401.030 3.940 65.495
401.250 5.860 86.645
401.260 4.390 83.190
401.270 4.410 74.329
401.280 5.290 81.037
401.310 4.800 78.774
401.330 5.120 64.782
401.380 5.710 64.754
401.390 4.880 65.315
401.400 4.350 75.216
401.410 5.270 72.504
401.420 5.520 73.481
401.430 5.430 76.854
401.440 4.600 63.084
401.460 5.000 53.625
401.500 5.530 83.097
401.510 5.860 88.197
401.520 4.310 81.835
401.530 4.730 84.324
401.540 5.660 86.602
401.550 4.350 78.163
401.560 4.390 56.186
401.570 4.090 69.302
401.580 4.630 61.383
401.590 4.640 38.218
401.600 4.740 83.394
401.610 4.690 67.125
401.620 3.860 52.836
401.640 5.310 47.336
401.660 5.850 74.017
401.670 5.500 85.960
401.740 5.180 82.528
401.750 5.970 75.667
401.760 4.200 52.995
401.780 4.070 48.272
401.790 4.500 56.798
401.800 3.760 67.158
401.810 4.800 68.713
401.820 5.590 79.413
401.850 4.480 73.879
401.860 4.420 52.036
401.870 4.580 27.769
401.880 4.860 29.740
401.890 4.470 73.700
401.900 3.900 68.524
401.910 4.540 72.768
401.920 4.630 57.501
401.930 4.510 43.518
401.940 4.430 55.488
401.950 4.510 54.122
401.960 4.440 52.578
401.970 4.220 29.342
401.980 4.310 57.300
401.990 4.640 58.832
402.000 5.020 47.364
402.010 4.140 64.695
402.040 4.750 82.047
402.060 4.620 78.551
402.070 4.210 48.436
402.080 4.610 69.553
402.090 4.360 44.586
402.100 4.510 45.187
402.110 4.460 77.137
402.120 4.350 54.380
402.130 4.000 72.105
402.140 4.430 77.041
402.150 4.630 44.132
402.160 5.010 57.721
402.170 4.490 56.766
402.180 4.600 53.674
402.190 4.140 68.631
402.200 4.550 65.507
402.240 5.010 45.499
402.330 4.960 77.582
402.340 4.460 66.422
402.350 3.930 68.916
402.360 3.970 56.538
402.370 3.860 77.760
402.380 4.180 77.586
402.390 4.130 40.235
402.400 3.750 86.564
402.410 3.960 73.155
402.420 3.980 66.153
402.430 4.380 76.204
402.440 3.950 53.220
402.450 3.950 60.691
402.460 4.190 83.421
402.470 4.110 74.148
402.490 4.360 72.210
402.500 3.970 65.617
402.510 4.010 86.757
402.520 3.980 79.532
402.530 4.210 79.379
402.550 3.710 89.547
402.560 4.120 60.709
402.580 3.850 79.798
402.620 3.880 61.274
402.670 4.320 68.146
402.680 4.200 34.220
402.690 4.010 59.993
402.700 5.020 87.884
402.710 3.680 59.817
402.720 4.570 73.440
402.730 4.640 78.750
402.740 4.460 84.048
402.820 5.560 86.150
403.010 5.280 89.669
403.410 5.980 67.045
403.610 5.380 38.786
403.850 4.890 78.831
403.860 4.770 76.892
403.870 5.240 81.302
403.880 4.670 77.674
403.890 4.410 67.753
403.900 4.860 61.646
403.910 5.050 85.189
403.920 5.050 46.685
403.930 5.810 88.804
403.940 4.810 78.033
403.950 5.410 79.821
403.970 5.030 53.107
403.980 4.690 58.610
403.990 5.390 75.596
404.000 5.290 74.237
404.010 4.950 73.404
404.020 4.440 64.372
404.030 4.050 64.780
404.040 4.030 72.850
404.050 4.260 63.056
404.060 5.010 84.247
404.070 5.040 88.006
404.080 5.040 69.907
404.090 4.840 67.646
404.100 4.580 38.981
404.110 4.500 81.135
404.120 4.320 66.986
404.130 5.200 70.249
404.170 5.570 79.840
404.210 4.810 80.573
404.220 4.790 83.404
404.280 4.740 84.407
404.290 5.770 85.177
404.300 4.180 81.138
404.370 5.970 83.714
404.550 5.770 83.906
404.570 5.950 65.760
404.580 5.280 65.287
404.650 4.820 85.947
404.660 4.030 68.759
404.670 3.710 81.501
404.720 4.730 53.931
404.730 4.790 84.732
404.740 5.280 87.382
404.800 4.820 86.231
404.830 5.270 66.925
404.980 5.430 81.981
405.000 4.950 77.162
405.040 5.190 76.994
405.050 4.700 74.307
405.070 5.780 83.074
405.100 5.520 84.900
405.270 4.760 80.778
405.280 4.110 61.590
405.290 4.290 50.900
405.300 4.680 85.636
405.310 4.690 60.542
405.320 3.930 83.303
405.340 5.040 70.482
405.350 4.370 44.397
405.360 4.270 65.366
405.380 4.200 83.997
405.390 5.250 80.949
405.410 5.320 89.665
405.420 5.440 84.617
405.450 5.360 70.120
405.570 5.830 88.473
405.610 5.890 75.422
405.630 5.250 86.896
405.650 5.610 87.062
405.670 5.420 83.432
405.680 5.600 85.493
405.690 5.300 85.360
405.700 5.410 77.235
405.710 5.360 81.721
405.740 4.460 49.742
405.750 4.740 45.476
405.760 4.170 81.952
405.770 4.070 69.264
405.780 3.700 87.144
405.800 4.040 74.164
405.810 4.530 71.813
405.820 4.630 75.160
405.890 5.340 76.860
405.990 5.330 78.685
406.030 4.300 77.211
406.040 4.930 87.146
406.050 4.460 82.879
406.060 4.500 88.648
406.070 4.200 67.815
406.080 4.620 77.148
406.090 4.190 52.491
406.100 5.220 82.441
406.110 4.330 68.243
406.120 3.990 68.463
406.130 4.530 59.793
406.140 4.640 67.016
406.160 4.290 64.338
406.180 4.170 66.120
406.190 4.240 64.005
406.200 4.670 85.611
406.210 4.730 78.769
406.220 5.010 80.133
406.230 4.250 65.299
406.240 4.520 88.632
406.250 4.080 68.175
406.260 4.330 88.541
406.280 4.620 78.609
406.310 5.860 79.654
406.330 5.450 81.348
406.360 4.150 44.063
406.370 4.000 70.637
406.380 4.530 57.040
406.390 4.060 55.766
406.400 4.800 84.418
406.410 4.860 51.794
406.420 4.420 65.087
406.430 4.330 77.382
406.440 3.930 62.848
406.450 4.140 74.499
406.460 4.510 70.240
406.470 5.080 80.421
406.560 5.990 86.971
406.670 5.200 83.422
406.720 5.970 89.378
406.780 5.330 74.796
407.390 4.540 77.935
407.420 3.970 80.827
407.440 4.170 77.187
407.450 4.120 85.221
407.460 5.070 84.668
407.480 3.970 84.673
407.490 4.740 56.526
407.530 4.550 85.615
407.550 4.540 76.491
407.560 4.360 71.741
407.570 4.280 54.216
407.590 4.450 83.199
407.600 4.270 66.972
407.630 4.670 70.282
407.650 4.430 89.048
407.660 4.310 74.293
407.670 5.020 63.921
407.680 4.770 88.119
407.690 4.930 89.404
407.700 4.790 79.265
407.710 4.230 61.225
407.730 4.550 58.910
407.740 4.940 76.682
407.750 5.010 55.085
407.760 5.190 35.909
407.770 5.840 89.426
407.780 4.670 89.945
407.810 4.280 85.243
407.820 4.530 85.428
407.840 4.370 77.134
407.850 4.410 87.865
407.860 3.980 56.735
407.870 4.370 87.354
407.880 4.080 61.068
407.890 4.900 84.668
407.900 4.530 49.303
407.910 4.420 43.963
407.920 4.900 72.591
407.930 4.200 73.551
407.940 4.190 47.778
407.950 4.310 49.597
407.960 4.940 89.304
407.970 4.340 57.576
407.990 4.700 81.708
408.010 4.660 80.156
408.020 4.890 59.897
408.030 4.390 69.324
408.040 4.660 65.784
408.060 4.040 59.981
408.070 4.460 80.618
408.080 4.510 39.669
408.090 4.190 80.767
408.100 5.080 73.292
408.130 5.560 72.030
408.150 5.330 89.432
408.170 4.820 64.077
408.190 4.660 82.518
408.330 4.100 79.526
408.340 4.380 80.381
408.350 4.020 56.199
408.360 4.720 51.585
408.370 4.190 50.324
408.380 4.190 62.548
408.390 4.430 82.702
408.400 3.810 89.455
408.410 3.790 82.383
408.420 3.940 83.347
408.430 4.420 87.947
408.440 4.410 78.481
408.450 4.020 86.467
408.470 3.770 89.685
408.490 3.710 88.113
408.500 4.010 69.692
408.520 4.090 87.120
408.540 4.130 87.937
408.560 4.980 71.820
408.720 5.590 78.798
408.730 5.260 77.392
408.740 4.890 85.174
408.760 4.170 50.546
408.870 5.690 89.124
409.120 5.570 89.531
409.150 4.290 76.372
409.160 4.120 71.143
409.170 4.870 89.446
409.180 4.580 82.273
409.190 4.820 81.982
409.200 5.160 88.003
409.240 4.220 64.803
409.250 4.550 40.352
409.270 5.710 88.058
409.340 5.030 70.339
409.360 4.210 86.870
409.370 5.680 41.020
409.380 4.300 49.922
409.430 5.330 89.353
409.470 4.740 76.896
409.490 4.070 73.880
409.500 3.920 73.218
409.510 4.250 79.027
409.520 4.810 84.256
409.530 4.250 55.604
409.540 5.020 69.223
409.710 4.720 74.945
409.720 5.620 77.730
409.730 5.790 72.492
409.740 5.210 69.660
409.750 5.280 85.049
409.760 4.920 61.134
409.770 4.810 79.805
409.780 3.810 56.553
409.790 4.180 76.328
409.800 4.040 63.388
409.810 5.120 56.158
409.820 4.920 86.594
409.840 4.000 79.734
409.850 3.830 70.381
409.860 3.750 85.352
409.870 4.440 80.973
409.890 5.410 82.293
409.900 4.970 69.426
409.920 4.650 82.764
409.930 4.600 48.662
409.940 4.400 29.028
409.950 5.160 89.797
410.050 5.670 15.775
410.060 5.700 22.985
410.070 4.940 30.200
410.110 4.790 38.401
410.120 4.630 41.949
410.210 5.610 85.446
410.220 5.510 88.844
410.300 5.560 25.038
410.310 5.690 67.340
410.330 5.760 1.554
410.340 5.930 45.162
410.350 5.750 39.190
410.360 4.860 41.068
410.370 5.600 55.248
410.380 4.640 26.552
410.390 5.210 51.317
410.400 5.010 49.334
410.410 4.610 55.011
410.420 4.690 52.707
410.430 4.470 49.782
410.440 4.820 43.451
410.450 5.550 81.043
410.460 4.790 37.387
410.470 4.970 30.559
410.480 4.730 42.971
410.490 4.700 59.399
410.500 5.650 66.070
410.510 5.490 71.914
410.520 4.250 65.354
410.530 4.450 55.940
410.540 4.910 79.444
410.550 4.540 81.683
410.560 4.500 79.572
410.570 4.840 36.265
410.580 5.380 29.360
410.600 4.530 35.559
410.610 4.660 33.148
410.620 4.740 35.198
410.630 5.490 67.193
410.640 4.200 34.770
410.650 5.590 33.804
410.660 4.980 28.642
410.670 5.170 41.083
410.680 5.400 57.019
410.690 4.720 42.446
410.700 4.720 56.634
410.710 4.520 47.913
410.720 4.430 34.768
410.730 4.910 61.344
410.740 4.290 52.488
410.750 4.740 52.132
410.760 4.500 22.977
410.770 5.370 48.613
410.780 4.900 50.612
410.790 5.780 85.331
410.860 5.850 80.510
410.880 5.240 78.447
410.910 4.920 60.695
410.920 4.970 55.198
410.930 5.220 62.123
410.940 5.170 60.070
410.950 5.250 37.629
410.960 4.910 46.614
410.970 5.170 48.260
411.180 5.180 75.566
411.190 5.040 40.321
411.200 4.780 60.149
411.210 4.690 33.083
411.220 4.500 43.969
411.230 5.220 48.543
411.240 4.930 30.596
411.250 4.460 23.767
411.260 4.830 35.081
411.270 4.350 37.383
411.280 4.670 71.862
411.290 4.580 54.754
411.300 3.960 83.968
411.310 5.110 73.379
411.320 5.230 60.280
411.330 4.840 70.573
411.340 4.910 70.237
411.350 5.630 61.446
411.360 5.530 73.978
411.370 5.600 59.060
411.380 5.250 74.349
411.390 4.960 49.807
411.400 4.590 36.112
411.410 4.870 39.559
411.420 5.150 83.964
411.430 5.310 66.811
411.440 4.500 67.489
411.450 5.070 61.646
411.460 4.630 56.285
411.470 4.800 27.279
411.480 5.250 66.478
411.490 4.630 36.099
411.500 4.650 45.647
411.510 4.340 29.131
411.520 4.800 67.656
411.530 5.070 56.072
411.540 4.860 84.843
411.550 4.860 58.597
411.570 4.960 49.232
411.580 5.650 44.404
411.590 5.570 65.527
411.600 5.180 27.297
411.610 4.490 40.439
411.620 4.640 55.922
411.630 4.580 53.092
411.650 5.870 78.862
411.660 5.290 30.044
411.670 5.890 72.785
411.690 5.020 49.130
411.700 5.000 19.374
411.710 4.720 65.365
411.720 4.060 62.724
411.730 4.540 58.323
411.740 4.720 28.092
411.750 4.470 54.460
411.760 5.310 33.877
411.770 4.600 48.244
411.780 4.800 40.168
411.790 4.740 50.196
411.800 4.890 63.089
411.810 4.450 19.561
411.820 4.760 40.516
411.830 4.690 46.030
411.840 4.290 48.625
411.850 4.490 35.742
411.860 4.690 43.211
411.870 5.140 34.359
411.880 5.050 49.306
411.890 4.310 49.909
411.900 4.500 43.034
411.910 4.460 37.327
411.920 4.930 37.918
411.930 4.510 38.496
411.940 5.070 8.127
411.950 4.990 43.720
411.960 4.850 20.254
411.970 4.910 54.355
411.980 5.600 64.257
411.990 4.960 28.219
412.000 5.610 12.049
412.010 4.750 41.428
412.020 4.360 43.300
412.030 4.790 67.200
412.040 4.670 71.159
412.050 4.630 30.303
412.060 4.930 65.761
412.080 5.030 46.133
412.090 5.180 12.076
412.100 4.650 59.428
412.110 5.500 59.692
412.120 4.870 70.394
412.130 4.660 48.636
412.140 4.180 55.953
412.150 5.030 27.338
412.160 5.050 46.012
412.170 5.760 15.909
412.180 5.690 59.805
412.190 5.750 61.922
412.200 4.890 34.151
412.210 5.250 67.178
412.220 4.940 68.747
412.230 5.110 59.095
412.240 5.020 52.539
412.250 5.140 5.816
412.260 5.340 53.485
412.270 4.490 50.983
412.280 5.000 15.602
412.290 4.600 38.222
412.300 4.140 52.784
412.310 4.790 52.631
412.320 4.970 45.651
412.330 4.860 35.650
412.340 4.710 51.304
412.350 5.390 23.244
412.360 5.620 26.859
412.370 5.200 51.479
412.380 5.930 40.985
412.390 5.010 51.321
412.400 5.260 87.508
412.410 5.570 54.655
412.420 5.940 31.008
412.430 5.210 38.917
412.440 5.310 76.090
412.450 5.040 48.202
412.470 5.530 80.685
412.480 4.910 74.141
412.490 5.120 64.255
412.510 5.280 79.805
412.520 5.290 67.066
412.550 4.950 74.844
412.560 5.170 41.071
412.570 5.240 46.460
412.580 4.200 76.194
412.610 4.970 81.404
412.620 4.120 82.795
412.630 4.950 69.055
412.640 5.070 57.565
412.650 4.420 72.190
412.660 3.860 77.934
412.680 3.990 64.087
412.690 4.440 89.702
412.710 5.040 87.513
412.740 5.630 78.000
412.780 5.160 82.450
412.810 5.620 87.085
412.820 5.480 88.399
412.830 4.370 41.689
412.840 4.440 82.099
412.850 4.910 72.121
412.860 4.700 57.677
412.870 4.590 52.979
412.880 4.160 49.197
412.890 4.710 49.331
412.900 4.480 55.989
412.910 3.910 82.766
412.920 4.420 81.044
412.940 4.660 59.329
412.950 4.900 56.347
412.960 4.090 85.788
412.970 3.970 63.726
412.980 4.160 65.625
412.990 4.710 75.920
413.010 4.880 45.618
413.070 4.310 64.371
413.090 4.290 58.262
413.130 5.340 88.307
413.220 4.630 86.639
413.240 5.090 72.781
413.250 5.340 63.927
413.260 5.840 55.699
413.270 5.280 84.988
413.280 5.560 87.735
413.290 4.760 55.381
413.300 5.040 83.997
413.310 5.250 88.023
413.320 5.050 62.207
413.330 5.230 38.557
413.340 5.460 48.180
413.350 5.620 58.972
413.410 5.660 89.332
413.440 5.460 76.534
413.490 5.280 89.488
413.510 4.650 79.183
413.520 4.530 78.323
413.530 4.190 85.931
413.550 4.530 71.164
413.560 5.810 86.808
413.640 4.790 81.221
413.650 5.190 87.663
413.700 4.560 72.754
413.710 4.670 87.017
413.720 4.910 83.236
413.730 4.270 63.085
413.740 5.290 74.382
413.760 5.440 81.479
413.770 4.990 72.625
413.780 5.720 88.868
413.800 5.170 86.365
413.850 5.160 89.202
413.860 4.540 74.988
413.870 4.870 82.782
414.010 4.150 81.906
414.020 4.260 80.057
414.220 5.130 89.567
414.250 5.770 74.617
414.280 4.740 81.280
414.300 4.290 76.009
414.310 4.340 63.338
414.320 4.800 74.165
414.330 4.740 65.707
414.340 4.770 86.952
414.350 4.940 65.747
414.360 4.420 76.607
414.370 4.640 72.533
414.380 4.600 77.950
414.400 4.800 72.322
414.440 4.440 32.869
414.450 4.180 57.724
414.460 4.600 72.745
414.470 4.600 55.817
414.480 4.640 55.344
414.490 4.730 85.945
414.500 4.840 62.381
414.510 4.450 59.715
414.520 4.870 71.947
414.530 5.490 71.304
414.540 4.660 68.029
414.550 4.760 69.431
414.610 5.350 77.739
414.630 5.430 81.845
414.640 4.250 71.350
414.670 4.610 87.789
414.820 4.060 66.254
414.830 4.410 63.684
414.840 4.910 73.868
415.020 4.780 63.494
415.040 5.150 87.774
415.050 4.180 63.897
415.060 3.790 71.530
415.090 4.960 79.514
415.120 5.060 87.526
415.150 4.750 85.285
415.160 5.170 89.271
415.170 4.730 80.152
415.290 5.320 75.650
415.300 4.740 82.006
415.310 4.390 76.968
415.340 4.740 66.457
415.360 4.810 64.339
415.450 5.170 79.932
417.800 5.640 72.721
417.820 4.680 77.211
417.830 4.490 70.517
417.840 4.540 68.398
417.850 4.550 73.319
417.860 4.740 71.530
417.890 5.930 75.476
418.800 5.740 87.149
418.810 4.950 59.953
423.090 5.730 69.800
423.370 5.300 69.842
423.380 4.720 53.878
423.390 4.640 25.093
423.400 5.440 56.659
423.410 4.900 59.326
423.420 4.930 58.555
423.430 5.070 50.273
423.440 4.510 45.425
423.450 4.730 40.291
423.460 4.910 46.500
423.470 4.690 38.641
423.480 4.670 29.745
423.490 4.470 41.368
423.500 5.060 41.384
423.510 5.300 46.816
423.520 5.290 75.774
423.530 5.730 60.973
423.540 5.150 50.749
423.550 5.130 40.516
423.560 4.790 24.774
423.570 4.660 46.481
423.590 5.820 61.467
423.710 5.980 87.449
423.720 5.050 73.393
423.730 5.250 65.998
423.740 4.750 62.577
423.750 4.520 79.397
423.760 4.930 66.943
423.770 5.630 69.969
423.780 5.450 89.690
423.790 4.980 65.215
423.800 5.490 63.222
423.810 5.940 83.311
423.940 4.900 79.823
423.950 5.120 78.099
423.960 5.300 73.119
423.970 4.890 72.853
424.210 5.990 84.175
424.220 5.590 82.163
424.290 5.460 84.628
424.310 5.090 73.583
424.320 4.380 61.770
424.330 4.850 67.699
424.370 4.820 88.357
424.380 5.140 62.295
424.390 5.530 81.071
424.400 4.600 87.129
424.410 5.660 88.399
424.440 5.180 68.849
424.450 4.200 58.221
424.460 4.980 89.461
424.470 5.250 89.142
424.480 4.500 54.599
424.490 4.540 64.865
424.500 4.270 53.076
424.510 4.390 62.155
424.520 4.650 64.267
424.540 4.420 68.602
424.550 4.720 68.114
424.560 4.470 85.166
424.570 4.610 52.831
424.580 4.120 63.710
424.590 4.730 54.076
424.600 4.840 62.784
424.610 4.540 63.866
424.620 4.330 42.834
424.740 5.250 84.038
424.750 5.420 74.385
424.760 5.460 72.290
424.780 5.020 69.774
424.790 5.660 60.462
424.800 4.820 72.094
424.810 4.550 87.788
424.830 4.060 59.860
424.840 4.730 76.169
424.850 4.210 64.206
424.860 4.540 79.084
424.870 4.910 61.509
424.880 4.520 84.409
424.890 4.760 84.622
424.900 5.010 80.751
424.910 4.590 70.641
424.930 4.650 68.057
424.940 4.590 87.180
424.950 5.180 78.763
424.960 5.350 87.205
424.980 4.400 71.201
424.990 4.410 41.883
425.000 5.010 71.789
425.030 3.820 64.386
425.040 4.490 77.279
425.050 5.290 73.318
425.060 4.730 74.873
425.070 4.440 71.365
425.080 4.630 83.637
425.100 4.950 82.149
425.110 4.010 61.742
425.120 4.390 55.873
425.130 4.590 45.301
425.140 4.470 44.724
425.150 4.750 84.775
425.160 4.930 77.457
425.170 4.720 73.065
425.180 4.890 49.862
425.190 4.580 44.291
425.200 3.990 49.540
425.210 5.320 84.036
425.250 4.340 71.286
425.260 4.600 81.334
425.270 4.710 69.562
425.280 4.850 80.768
425.300 4.460 76.096
425.310 4.970 75.491
425.320 4.620 65.666
425.330 4.960 68.944
425.340 4.940 64.316
425.350 4.640 55.843
425.360 4.640 70.001
425.370 4.530 65.678
425.380 4.630 54.676
425.390 5.240 80.287
425.400 5.320 81.113
425.410 5.010 70.866
425.420 4.770 67.710
425.440 4.380 76.019
425.450 4.240 54.290
425.460 4.380 59.108
425.470 4.580 74.344
425.480 4.020 65.172
425.490 4.350 56.661
425.500 4.670 72.194
425.510 4.610 53.333
425.520 4.600 86.942
425.530 4.390 72.208
425.540 4.480 37.929
425.550 5.250 85.223
425.560 4.240 57.906
425.570 4.970 77.816
425.580 4.700 67.844
425.590 4.330 66.714
425.600 4.480 74.861
425.610 4.750 76.731
425.620 4.800 76.028
425.630 4.750 73.161
425.640 4.480 68.614
425.650 4.920 76.875
425.660 4.250 69.577
425.670 5.150 58.253
425.680 4.490 60.888
425.690 4.680 86.448
425.720 4.430 62.446
425.730 4.630 76.811
425.740 5.040 74.068
425.750 4.320 47.564
425.770 5.950 86.706
425.780 4.370 48.890
425.790 4.450 74.953
425.810 4.360 67.454
425.820 4.460 67.334
425.830 4.980 81.104
425.840 5.030 89.801
425.850 4.530 69.604
425.870 4.460 72.224
425.880 4.930 78.656
425.890 4.120 66.483
425.900 4.600 73.747
425.910 4.350 57.019
425.920 5.490 70.594
425.930 4.150 60.228
425.940 4.790 79.840
425.950 4.440 60.625
425.960 4.750 68.320
425.970 4.720 78.188
425.980 4.370 70.069
425.990 4.280 65.143
426.000 4.360 63.494
426.010 5.090 69.753
426.020 4.520 66.077
426.030 4.420 63.477
426.040 4.170 60.591
426.050 4.470 73.178
426.070 4.790 79.126
426.080 4.190 63.665
426.090 4.880 65.951
426.100 4.300 89.187
426.110 4.120 70.835
426.130 4.870 77.637
426.140 4.700 75.545
426.150 4.590 69.348
426.170 4.370 52.477
426.180 4.430 71.071
426.200 5.060 69.462
426.210 4.830 79.576
426.220 4.660 54.583
426.230 5.170 76.337
426.240 5.460 87.841
426.310 4.340 72.253
426.320 4.550 83.900
426.330 4.740 79.196
426.340 4.910 83.116
426.360 4.960 63.489
426.370 5.350 62.212
426.380 6.000 65.613
426.390 4.750 75.778
426.400 4.830 53.402
426.410 5.190 48.861
426.420 4.690 57.632
426.430 3.930 59.017
426.440 4.320 61.390
426.450 4.240 78.611
426.460 4.630 89.425
426.470 4.170 81.324
426.480 4.310 67.841
426.490 4.530 64.933
426.500 4.090 67.186
426.510 4.330 46.928
426.520 4.200 84.843
426.530 4.720 50.043
426.540 4.300 65.869
426.560 4.040 61.480
426.570 4.370 87.505
426.580 4.140 73.815
426.590 4.840 88.053
426.600 4.500 66.267
426.610 4.680 79.181
426.620 4.160 66.090
426.630 5.070 82.996
426.640 4.190 78.533
426.650 4.340 68.489
426.660 3.890 86.312
426.670 4.330 80.769
426.680 4.410 78.087
426.690 4.810 32.222
426.700 4.140 61.551
426.710 3.840 72.320
426.720 4.020 65.087
426.730 3.890 65.754
426.740 3.710 77.748
426.750 4.090 79.231
426.760 4.100 75.971
426.770 3.880 71.292
426.780 3.940 86.235
426.790 4.020 66.829
426.810 4.590 42.603
426.820 5.080 35.815
426.830 4.710 32.666
426.840 4.930 32.916
426.850 4.860 45.314
426.860 4.750 27.744
426.870 5.010 65.810
426.880 5.340 83.699
426.890 4.610 80.659
426.900 4.200 50.537
426.910 4.660 82.941
426.940 5.030 73.448
426.960 5.610 79.706
426.970 4.990 86.664
426.980 4.510 60.752
426.990 4.310 57.522
427.000 5.240 61.719
427.010 4.280 71.151
427.020 4.250 52.745
427.030 4.230 38.969
427.040 4.350 56.608
427.050 4.230 43.420
427.060 4.330 65.201
427.070 4.220 42.493
427.080 4.650 55.828
427.090 4.220 50.552
427.100 4.270 65.844
427.110 4.640 60.313
427.120 4.160 52.156
427.130 4.210 56.048
427.140 4.650 71.723
427.150 4.400 66.307
427.160 4.440 80.582
427.170 4.380 56.509
427.180 4.200 52.422
427.190 4.560 65.710
427.200 4.760 82.731
427.210 5.140 41.090
427.220 4.480 74.988
427.230 4.460 46.793
427.240 4.470 41.230
427.250 4.720 31.549
427.260 4.620 21.216
427.270 4.260 62.079
427.280 4.640 31.846
427.290 4.480 29.204
427.300 4.870 12.342
427.310 5.150 58.499
427.320 4.160 80.725
427.330 4.810 53.325
427.340 4.370 42.558
427.350 4.610 36.077
427.360 4.530 22.294
427.370 4.600 57.182
427.380 4.300 69.691
427.390 5.220 53.568
427.400 5.740 54.347
427.410 4.220 53.684
427.420 4.680 40.093
427.430 5.110 60.765
427.440 4.380 57.090
427.450 4.430 46.562
427.460 4.810 21.472
427.470 4.630 38.495
427.480 4.850 38.892
427.490 4.960 37.334
427.500 4.860 55.185
427.510 5.100 62.273
427.520 4.970 69.250
427.530 4.740 58.444
427.540 4.500 43.409
427.550 4.240 53.169
427.560 4.590 42.364
427.570 5.030 37.346
427.580 5.220 38.089
427.590 5.120 53.905
427.600 5.360 76.127
427.610 4.750 79.357
427.620 4.340 23.815
427.630 4.620 44.768
427.640 4.880 32.225
427.650 4.460 55.604
427.660 4.940 23.839
427.670 4.910 73.092
427.680 4.540 49.980
427.690 5.460 81.003
427.700 4.560 55.807
427.710 4.840 57.473
427.720 4.660 49.972
427.760 4.420 35.923
427.770 4.390 68.312
427.780 4.190 64.128
427.790 3.960 45.596
427.800 4.580 21.468
427.810 4.880 39.626
427.840 4.630 61.636
427.850 4.410 51.929
427.860 4.320 42.490
427.870 4.370 57.276
427.880 4.450 51.745
427.890 4.070 67.217
427.900 4.740 50.753
427.910 4.680 50.961
427.920 4.510 46.510
427.930 4.570 60.714
427.940 5.060 53.782
427.950 5.240 48.466
427.960 4.880 62.506
427.970 4.550 42.030
427.980 4.490 61.764
427.990 4.520 48.674
428.000 4.690 57.195
428.010 5.110 52.729
428.020 4.610 73.632
428.030 4.890 29.618
428.040 4.950 61.199
428.050 4.760 55.209
428.060 4.980 50.799
428.070 4.980 34.619
428.080 4.980 47.725
428.090 5.200 61.843
428.100 4.710 54.287
428.110 4.650 42.781
428.120 4.480 67.215
428.130 4.160 37.079
428.140 4.510 38.491
428.150 4.450 51.880
428.160 5.060 43.407
428.170 5.020 57.277
428.180 4.610 28.303
428.190 4.240 52.340
428.200 4.730 54.638
428.210 4.520 78.961
428.230 4.920 72.660
428.240 5.130 77.201
428.250 4.310 34.655
428.260 4.640 64.195
428.270 5.010 79.477
428.280 4.780 39.058
428.290 4.590 50.337
428.300 4.310 67.610
428.310 4.930 60.151
428.320 4.370 55.265
428.330 4.690 53.149
428.340 4.160 60.266
428.350 4.890 37.348
428.360 4.600 14.151
428.370 4.210 49.608
428.380 4.670 42.240
428.390 4.440 65.471
428.400 4.410 56.479
428.410 4.940 56.110
428.420 4.580 48.379
428.430 4.590 60.690
428.440 4.440 28.389
428.450 4.840 36.751
428.460 4.400 55.676
428.470 4.930 65.112
428.480 5.150 54.190
428.500 4.380 55.018
428.510 4.190 55.792
428.520 4.110 43.098
428.530 4.490 65.632
428.540 5.240 84.261
428.550 5.080 79.626
428.560 4.830 82.377
428.580 4.870 67.521
428.590 4.570 63.046
428.600 5.330 81.587
428.610 4.600 81.979
428.620 4.340 57.809
428.630 4.450 67.631
428.640 4.720 58.746
428.650 4.740 68.053
428.660 4.710 71.428
428.670 4.730 82.394
428.680 4.260 52.366
428.690 5.240 89.812
428.700 5.290 63.914
428.710 4.520 32.352
428.720 4.740 54.190
428.730 4.540 67.424
428.760 4.980 74.531
428.770 4.480 42.301
428.780 5.200 45.529
428.790 4.470 32.261
428.800 4.280 59.005
428.810 4.500 46.525
428.820 4.840 50.122
428.830 4.830 34.083
428.840 5.280 54.062
428.850 4.690 67.819
428.860 4.690 52.358
428.870 4.460 63.396
428.880 4.670 60.831
428.890 4.250 52.623
428.900 4.930 62.655
428.910 4.390 40.043
428.920 4.760 65.558
428.930 5.480 39.743
428.940 4.610 68.384
428.950 4.560 35.773
428.960 4.430 51.146
428.970 4.420 39.399
428.980 4.510 41.339
428.990 4.950 56.052
429.000 5.100 66.894
429.010 4.870 76.615
429.020 4.480 58.781
429.030 4.900 43.030
429.040 4.500 50.746
429.050 4.360 73.626
429.060 4.090 78.829
429.070 4.350 78.586
429.080 4.740 62.495
429.090 4.460 50.129
429.100 4.410 25.651
429.110 4.310 59.747
429.120 4.680 70.772
429.130 4.290 79.821
429.140 4.810 28.682
429.150 4.530 39.217
429.160 4.090 57.003
429.170 4.600 58.455
429.190 4.420 51.318
429.200 4.250 28.341
429.210 4.340 32.626
429.220 4.430 65.145
429.230 4.620 37.503
429.240 4.410 75.292
429.250 4.590 44.988
429.260 4.450 41.744
429.270 4.270 60.984
429.290 4.650 79.023
429.300 4.210 83.393
429.310 4.480 32.870
429.320 4.440 28.754
429.330 4.570 40.980
429.340 4.730 36.021
429.350 4.380 74.233
429.360 4.320 56.277
429.370 4.300 49.935
429.380 4.620 41.950
429.390 4.400 35.795
429.400 4.820 63.397
429.410 4.180 48.298
429.420 4.610 48.835
429.430 4.670 40.046
429.440 4.790 29.833
429.450 4.550 52.009
429.460 4.480 61.500
429.470 4.790 71.905
429.480 4.060 58.361
429.490 4.530 38.490
429.500 4.100 54.666
429.510 4.750 46.618
429.520 5.040 20.925
429.530 4.280 33.026
429.540 4.330 34.685
429.550 4.180 74.866
429.560 4.840 49.435
429.570 4.630 25.803
429.580 4.540 48.373
429.590 4.160 40.781
429.600 4.340 39.735
429.610 4.240 53.087
429.620 4.340 39.332
429.630 4.410 38.311
429.640 4.500 63.927
429.650 4.340 49.639
429.660 4.330 50.874
429.670 4.420 45.346
429.680 4.080 48.412
429.690 4.450 65.178
429.700 4.620 42.218
429.710 4.160 59.763
429.720 4.410 54.195
429.730 4.150 77.525
429.740 4.560 38.878
429.750 4.660 57.051
429.760 4.130 54.635
429.770 4.210 69.894
429.780 4.920 53.925
429.790 4.490 53.091
429.800 4.620 79.534
429.810 4.820 73.530
429.820 4.870 51.465
429.830 4.340 52.966
429.840 4.180 66.703
429.850 4.080 89.568
429.860 4.990 63.925
429.870 4.940 80.007
429.880 4.230 62.415
429.890 4.570 43.480
429.900 4.470 67.574
429.910 4.420 50.233
429.920 4.650 75.096
429.930 4.130 65.146
429.940 4.230 36.643
429.950 4.500 37.530
429.960 4.330 57.495
429.970 5.110 47.824
429.980 5.360 71.078
429.990 4.880 43.078
430.000 4.850 67.636
430.010 5.220 20.446
430.020 4.650 49.401
430.030 4.690 40.957
430.040 4.930 59.686
430.050 4.530 85.050
430.060 4.750 79.508
430.070 5.090 78.994
430.080 4.680 30.768
430.090 4.420 54.922
430.100 4.260 38.285
430.110 4.430 55.160
430.120 4.960 48.201
430.130 5.020 53.016
430.140 5.150 75.054
430.150 4.620 58.371
430.160 4.430 28.974
430.170 5.110 33.267
430.180 4.360 38.210
430.190 4.680 32.357
430.200 5.120 42.232
430.210 4.620 32.513
430.220 4.130 44.422
430.230 4.530 38.123
430.240 4.250 46.879
430.250 4.480 36.123
430.260 4.370 42.674
430.270 4.070 66.844
430.280 4.610 48.917
430.290 4.410 57.917
430.300 4.250 51.804
430.310 4.790 32.343
430.320 4.520 33.907
430.330 4.770 40.230
430.340 5.290 47.078
430.350 4.290 59.220
430.360 4.580 46.557
430.370 4.870 84.961
430.380 4.310 35.379
430.390 4.130 36.914
430.400 4.040 53.044
430.410 4.220 51.376
430.420 4.260 61.028
430.430 4.450 66.525
430.440 4.710 53.097
430.450 4.920 54.626
430.460 4.370 40.677
430.470 4.450 47.558
430.480 4.340 69.825
430.490 4.640 60.402
430.500 4.490 59.992
430.520 4.760 52.765
430.530 4.360 47.646
430.540 4.580 32.902
430.550 4.470 49.955
430.560 4.960 37.062
430.570 4.600 59.236
430.580 4.550 50.230
430.590 4.260 49.091
430.600 4.420 76.743
430.610 4.690 57.425
430.620 4.390 50.694
430.630 4.240 58.014
430.640 4.180 56.057
430.650 3.750 71.391
430.660 4.700 73.932
430.670 4.350 67.684
430.680 4.220 52.535
430.690 4.320 65.321
430.700 4.470 75.476
430.710 4.170 36.835
430.730 4.450 54.884
430.740 4.580 69.693
430.750 4.890 73.496
430.760 4.380 46.409
430.770 4.200 60.879
430.780 4.180 63.459
430.790 4.430 65.028
430.800 4.310 58.126
430.810 4.430 53.370
430.820 4.170 60.971
430.830 4.430 60.386
430.840 4.750 44.396
430.850 4.230 72.207
430.860 4.540 51.065
430.870 4.530 58.296
430.880 4.590 64.480
430.890 4.640 37.733
430.900 4.970 49.322
430.910 4.990 22.802
430.920 4.400 52.870
430.950 4.320 68.565
430.960 4.470 43.938
430.970 4.700 63.710
430.980 4.440 47.768
430.990 4.200 88.031
431.010 4.060 78.793
431.020 4.480 72.550
431.030 4.740 48.907
431.040 4.410 80.736
431.050 4.230 46.743
431.060 5.160 41.082
431.070 4.170 64.425
431.080 4.490 59.643
431.090 4.300 56.273
431.100 4.610 64.043
431.110 4.630 50.674
431.120 4.330 36.015
431.130 4.030 44.468
431.140 4.210 60.308
431.150 4.230 44.188
431.160 4.650 31.310
431.180 5.090 67.997
431.190 5.430 88.522
431.210 4.490 82.756
431.220 4.010 81.355
431.240 4.930 50.227
431.250 4.490 40.347
431.260 4.470 41.664
431.270 4.300 30.804
431.280 4.640 64.683
431.290 4.350 62.976
431.300 4.720 43.659
431.310 4.570 57.427
431.320 3.870 80.151
431.330 4.550 78.445
431.340 4.330 35.952
431.350 4.120 69.283
431.360 4.510 45.411
431.370 4.760 71.202
431.380 4.790 77.656
431.390 4.840 58.324
431.400 4.330 78.700
431.410 4.460 43.116
431.420 4.400 67.607
431.430 4.550 41.548
431.440 4.620 50.589
431.450 4.210 87.063
431.460 4.050 70.889
431.470 5.050 37.571
431.480 4.110 73.515
431.490 4.100 60.452
431.500 4.510 36.533
431.510 4.620 50.623
431.530 4.410 46.105
431.540 4.510 58.714
431.550 4.030 47.986
431.560 4.240 48.837
431.570 4.310 47.228
431.580 4.860 54.960
431.590 4.220 39.336
431.600 4.650 62.192
431.610 4.670 64.534
431.620 4.400 39.342
431.630 4.140 59.176
431.640 4.500 40.738
431.650 4.480 26.267
431.660 3.910 52.337
431.670 4.740 42.056
431.680 4.490 59.059
431.690 4.610 55.203
431.700 4.830 37.427
431.710 4.430 51.549
431.720 4.220 42.597
431.730 4.140 52.293
431.740 4.450 30.103
431.750 4.270 53.921
431.760 4.150 49.816
431.770 4.420 38.667
431.780 4.110 60.361
431.790 4.490 48.600
431.800 4.440 47.564
431.810 4.450 56.819
431.820 4.910 69.341
431.830 5.230 83.051
431.850 4.190 42.435
431.860 4.380 51.386
431.870 3.980 61.275
431.880 3.910 49.913
431.890 4.940 32.314
431.900 4.840 28.622
431.910 4.760 41.469
431.920 4.710 58.230
431.930 4.550 30.904
431.940 4.920 72.039
431.950 4.160 63.635
431.960 4.100 82.015
431.970 4.530 77.361
431.980 4.200 56.611
431.990 4.220 83.926
432.040 4.240 78.243
432.060 4.450 71.797
432.070 4.980 48.548
432.080 5.010 20.518
432.090 4.410 66.237
432.100 4.260 71.175
432.110 4.500 85.217
432.120 4.590 65.527
432.130 5.040 27.508
432.140 4.490 49.406
432.160 4.720 71.228
432.170 4.350 77.985
432.180 4.390 53.230
432.190 4.530 62.831
432.200 4.920 78.724
432.210 4.350 47.502
432.220 4.720 57.633
432.230 5.300 74.408
432.240 4.860 68.089
432.250 5.240 84.261
432.270 3.990 47.846
432.280 4.690 89.339
432.290 4.800 75.440
432.300 5.520 83.126
432.490 4.310 53.697
432.500 4.340 84.653
432.510 4.480 76.710
432.520 5.390 70.138
432.530 5.360 89.142
432.610 4.790 73.290
432.760 5.460 88.197
432.790 4.310 52.022
432.800 5.280 69.788
432.810 4.890 63.190
432.820 4.520 48.337
432.830 4.600 47.278
432.840 4.330 63.588
432.850 4.250 71.393
432.870 4.950 87.700
432.890 4.720 77.689
432.900 4.320 78.751
433.130 5.740 86.118
433.220 5.080 85.022
433.230 4.020 56.724
433.240 4.460 74.937
433.250 4.300 67.699
433.260 4.300 57.523
433.270 4.200 61.193
433.280 4.080 70.233
433.290 4.170 49.872
433.300 4.770 56.854
433.310 4.850 69.990
433.320 5.020 61.419
433.330 4.390 65.382
433.340 4.550 53.482
433.350 4.940 60.854
433.360 4.590 59.608
433.370 4.240 78.958
433.390 5.880 83.612
433.400 5.980 83.712
433.610 5.450 88.127
433.870 4.500 49.957
433.880 4.340 61.192
433.890 3.940 60.930
433.900 4.330 77.431
433.910 4.430 73.732
433.920 4.130 69.642
433.930 4.260 65.898
433.940 5.130 89.942
433.950 4.860 26.549
433.960 4.430 38.368
433.970 4.840 59.188
433.980 4.930 10.544
433.990 4.640 28.993
434.000 4.360 53.359
434.010 4.970 27.927
434.020 4.930 24.378
434.030 4.880 41.450
434.040 4.270 36.712
434.050 4.450 54.923
434.060 4.370 62.966
434.070 4.580 68.396
434.110 4.410 85.269
434.120 4.490 35.344
434.130 4.050 71.500
434.150 4.290 58.324
434.160 4.800 50.384
434.170 4.280 69.568
434.180 4.180 53.260
434.200 3.930 48.238
434.210 4.600 33.482
434.220 3.900 78.355
434.230 3.950 82.895
434.240 3.990 81.699
434.250 3.870 71.264
434.270 4.250 81.042
434.280 3.840 71.657
434.310 4.070 62.157
434.320 3.900 73.535
434.330 4.200 69.417
434.340 4.520 49.934
434.370 4.450 80.486
434.380 4.160 75.499
434.400 4.590 82.778
434.410 3.990 82.638
434.430 4.270 89.952
434.640 4.340 87.976
434.810 5.840 77.744
434.830 5.820 63.720
434.840 5.280 72.773
434.850 5.660 41.202
434.870 5.540 43.065
434.890 5.630 57.004
434.910 5.950 65.782
434.980 5.790 35.887
435.090 5.670 51.910
435.100 5.680 11.506
435.490 5.740 37.605
435.550 5.830 87.552
435.640 5.620 50.106
435.650 5.750 44.442
435.660 5.730 59.520
435.670 5.910 57.729
435.690 5.770 79.518
435.720 4.250 63.446
435.730 4.230 56.432
435.740 4.470 60.913
435.750 4.270 60.948
435.760 4.800 56.898
435.800 5.130 77.700
435.810 4.780 85.491
435.820 4.260 74.125
435.830 4.450 68.920
435.840 4.110 62.231
435.860 4.500 78.859
435.870 4.120 81.544
435.880 4.360 56.663
435.890 3.870 51.276
435.900 4.000 66.635
435.910 3.760 58.871
435.920 4.530 80.996
435.930 4.660 72.476
435.940 4.190 54.004
435.950 4.070 72.835
436.030 6.000 68.797
436.080 6.000 84.749
436.300 5.920 71.479
436.340 5.860 40.791
436.350 5.450 37.456
436.360 5.650 63.823
436.380 5.630 41.870
436.570 5.950 89.120
436.710 5.600 57.495
436.890 5.810 74.366
437.020 5.980 71.265
437.130 5.460 81.738
437.580 5.880 70.200
437.730 4.640 88.336
437.740 4.020 80.808
437.760 5.090 76.262
437.780 4.580 77.469
437.790 4.490 88.367
437.800 4.130 71.086
437.810 3.970 70.747
437.830 4.380 50.305
437.840 4.700 69.994
437.850 4.350 80.905
437.860 5.270 62.378
437.870 4.580 67.331
437.880 4.450 67.970
437.890 4.310 62.903
437.900 4.170 64.147
437.910 4.310 61.706
437.920 4.800 55.810
437.930 3.960 56.063
437.940 4.150 43.411
437.950 4.170 81.720
437.960 4.130 34.730
437.970 4.370 62.579
437.980 4.480 26.356
438.000 4.030 25.446
438.010 4.410 75.903
438.020 4.300 36.003
438.030 4.130 32.849
438.040 4.430 86.397
438.050 4.960 60.431
438.060 4.070 77.775
438.100 4.460 56.134
438.110 4.290 56.308
438.120 5.090 87.427
438.130 4.530 76.199
438.140 3.880 73.567
438.150 3.840 77.608
438.160 3.910 66.257
438.170 4.110 86.121
438.180 4.470 88.002
438.190 3.790 56.791
438.210 3.880 68.943
438.220 3.980 77.440
438.230 4.000 85.643
438.240 4.480 77.262
438.250 4.210 53.468
438.260 4.290 63.453
438.270 3.960 63.268
438.280 4.530 72.218
438.290 4.040 50.450
438.300 4.210 62.489
438.310 4.420 71.268
438.320 4.360 75.749
438.330 3.990 75.663
438.350 4.050 71.484
438.360 3.880 82.322
438.370 4.030 76.611
438.390 4.950 37.046
438.410 4.190 86.897
438.430 4.520 33.570
438.440 4.520 79.489
438.450 5.370 85.646
438.460 4.180 64.975
438.470 4.400 58.937
438.480 4.820 27.863
438.490 4.210 83.718
438.510 4.220 58.052
438.520 4.340 51.335
438.530 4.320 37.153
438.540 4.830 89.860
438.550 4.090 65.843
438.560 4.690 67.988
438.570 4.060 72.434
438.650 4.650 63.907
438.660 4.780 79.147
438.670 4.310 69.018
438.680 4.530 57.930
438.700 4.510 72.187
438.710 4.270 77.392
438.720 4.960 70.674
438.730 4.380 83.942
438.740 4.160 70.918
438.750 4.230 77.851
438.760 4.400 69.219
438.770 4.630 43.728
438.780 4.210 73.547
438.790 4.360 78.199
438.800 4.830 73.669
438.810 4.550 72.949
438.820 4.580 82.803
438.830 5.230 83.188
438.850 5.030 88.522
438.860 4.370 57.884
438.870 4.470 67.460
438.880 4.880 89.118
438.900 4.810 59.952
438.910 4.460 69.493
438.920 4.830 88.534
438.930 5.200 71.256
438.940 4.720 77.608
438.950 4.760 71.307
438.960 4.410 24.049
438.970 4.200 51.842
438.980 4.420 55.394
438.990 4.780 87.823
439.000 4.410 89.439
439.020 4.360 72.097
439.030 4.090 63.053
439.040 4.000 74.308
439.050 4.760 60.229
439.060 4.150 67.944
439.070 4.310 40.760
439.080 4.190 64.403
439.090 4.100 68.454
439.100 4.350 87.440
439.110 4.310 63.344
439.120 4.950 36.938
439.130 4.770 78.696
439.140 5.100 77.694
439.150 4.160 73.047
439.160 4.190 53.031
439.170 4.310 74.388
439.180 4.140 56.252
439.190 4.450 35.380
439.200 4.750 64.450
439.210 4.170 67.757
439.220 3.950 66.238
439.230 4.420 55.718
439.240 4.480 73.087
439.250 4.810 80.839
439.260 5.250 83.964
439.270 4.270 74.458
439.280 4.480 47.972
439.290 3.990 57.414
439.300 4.540 50.169
439.310 4.320 75.799
439.320 4.090 56.025
439.330 4.410 86.918
439.340 4.310 56.386
439.350 4.040 65.369
439.360 4.400 81.284
439.370 4.950 79.676
439.380 4.200 86.274
439.390 4.000 65.785
439.400 4.500 31.934
439.410 4.420 62.958
439.420 4.710 63.710
439.430 4.560 49.026
439.440 4.670 58.943
439.460 4.880 64.199
439.470 4.790 88.821
439.480 5.080 73.587
439.490 4.830 48.115
439.500 4.360 79.543
439.510 3.880 51.589
439.520 5.060 66.227
439.530 4.280 63.072
439.540 3.940 56.452
439.550 4.700 75.439
439.580 5.410 47.283
439.590 4.530 64.570
439.610 4.920 23.892
439.620 4.450 50.583
439.630 5.690 71.167
439.670 5.850 78.353
440.200 5.970 89.106
440.210 4.880 88.761
440.220 4.210 47.073
440.240 4.900 62.860
440.250 4.470 30.201
440.260 4.450 45.307
440.270 4.360 67.545
440.280 4.080 88.027
440.290 3.770 89.887
440.300 3.890 86.876
440.310 4.390 83.648
440.320 4.230 67.966
440.330 4.200 88.601
440.340 4.500 84.190
440.350 4.590 86.474
440.360 5.190 72.792
440.380 4.450 61.382
440.420 4.620 81.702
440.430 4.170 37.832
440.440 4.200 86.473
440.460 4.090 84.640
440.470 4.230 55.726
440.480 4.240 70.128
440.500 4.160 78.604
440.510 3.980 77.108
440.520 3.730 84.383
440.540 4.200 72.943
440.550 4.230 89.248
440.560 4.060 82.731
440.600 3.900 88.391
440.610 4.770 73.213
440.620 4.350 61.625
440.630 3.910 86.814
440.640 4.310 58.838
440.650 4.260 80.520
440.660 4.020 60.018
440.670 3.990 49.208
440.710 4.800 83.485
440.720 4.190 58.711
440.730 4.390 69.721
440.740 4.720 57.537
440.750 4.420 56.591
440.760 3.990 42.009
440.770 4.540 45.584
440.780 4.070 66.549
440.790 4.310 55.378
440.800 4.360 59.186
440.810 4.000 66.980
440.820 3.920 71.673
440.830 3.940 67.064
440.840 4.940 84.102
440.850 5.020 76.777
440.860 4.350 74.545
440.870 4.390 68.155
440.890 4.150 56.280
440.920 4.600 68.908
440.930 4.050 72.970
440.940 4.220 79.033
440.950 4.350 58.041
440.970 4.800 71.437
440.980 4.430 68.996
440.990 4.140 82.164
441.000 4.480 74.113
441.020 4.780 83.936
441.040 5.540 89.077
441.060 4.830 86.360
441.070 4.710 72.987
441.080 5.430 81.695
441.090 4.930 74.883
441.110 5.170 88.782
441.490 5.920 77.349
441.640 5.180 82.402
441.870 5.530 85.458
441.880 4.230 68.614
441.890 4.120 70.670
441.900 4.890 87.038
441.910 5.300 71.171
441.930 4.470 44.706
441.940 4.520 83.714
441.950 4.590 35.529
441.960 5.410 48.450
441.980 5.870 64.214
441.990 4.590 69.229
442.000 5.070 64.664
442.240 4.580 69.525
442.250 4.510 42.024
442.260 4.630 54.409
442.270 4.590 81.523
442.280 4.630 40.370
442.290 5.370 35.108
442.310 4.990 47.938
442.320 5.540 62.883
442.330 4.940 57.435
442.340 4.100 48.088
442.350 4.860 64.059
442.360 4.550 79.716
442.370 5.350 46.183
442.380 4.600 45.941
442.390 4.930 71.804
442.400 4.750 39.556
442.410 4.210 52.933
442.420 4.180 24.149
442.430 4.370 40.168
442.440 4.890 48.862
442.450 4.200 50.942
442.470 4.400 74.599
442.480 4.530 59.206
442.490 4.310 55.027
442.500 3.910 38.641
442.510 4.570 54.382
442.520 5.050 64.608
442.530 4.100 51.081
442.540 4.280 51.296
442.550 4.640 44.304
442.560 4.090 38.227
442.570 4.060 45.543
442.580 4.170 41.999
442.590 4.730 66.904
442.600 4.520 71.306
442.610 4.470 56.434
442.620 4.560 45.568
442.630 4.550 39.534
442.650 4.970 33.666
442.660 4.720 87.709
442.700 5.140 48.920
442.710 6.000 72.719
442.720 5.410 81.474
442.730 5.070 64.043
442.740 4.750 79.808
442.750 4.120 67.807
442.760 4.480 89.233
442.770 4.540 64.437
442.780 4.790 72.235
442.790 4.330 84.027
442.800 4.700 68.221
442.810 4.410 62.624
442.820 4.910 62.844
442.830 4.100 38.721
442.840 4.360 50.823
442.850 4.500 34.315
442.860 4.880 41.192
442.870 4.950 56.005
442.880 4.530 50.354
442.890 4.950 61.539
442.900 4.750 84.831
442.930 4.870 69.666
442.940 4.790 54.843
442.960 4.230 52.882
442.970 4.830 68.942
442.990 5.230 55.508
443.000 4.540 47.266
443.010 4.910 70.289
443.030 4.240 40.242
443.040 5.990 18.516
443.050 4.600 51.211
444.550 5.670 86.658
444.670 5.550 84.324
444.690 5.640 84.993
444.760 5.890 30.699
444.780 5.030 72.249
444.790 4.740 77.062
444.840 4.940 61.057
445.010 4.930 60.020
445.050 4.640 78.306
445.060 4.550 89.361
445.260 5.490 80.357
445.270 5.540 70.421
445.330 5.300 88.798
445.460 4.840 84.497
445.490 4.020 83.762
445.500 3.900 79.220
445.740 5.990 85.771
445.890 5.270 88.638
445.980 4.200 71.811
446.120 4.200 78.987
446.160 4.790 80.230
446.240 4.520 87.717
446.250 4.700 84.117
446.400 5.770 81.081
446.410 4.000 75.224
446.420 5.240 53.976
446.430 4.890 42.228
446.440 4.740 38.356
446.450 5.000 43.552
446.460 4.560 77.474
446.470 4.420 63.474
446.480 4.020 58.178
446.490 4.260 54.584
446.500 5.160 41.701
446.510 4.620 44.941
446.520 4.680 54.774
446.530 4.740 75.547
446.540 4.060 66.621
446.550 4.660 34.217
446.560 4.490 72.072
446.570 4.250 75.120
446.590 4.110 83.640
446.600 4.770 75.578
446.610 4.170 87.297
446.620 4.090 75.947
446.630 4.540 77.508
446.650 4.810 62.248
446.660 4.640 53.337
446.670 4.250 75.692
446.680 4.160 75.350
446.690 4.670 62.904
446.700 4.950 59.027
446.710 4.620 84.977
446.720 5.150 43.932
446.730 4.640 63.876
446.740 5.250 84.317
446.750 4.800 69.911
446.760 4.340 62.079
446.770 4.550 85.591
446.780 4.350 54.768
446.790 3.950 72.204
446.800 4.280 60.536
446.810 5.470 72.008
446.830 5.060 48.480
446.840 4.220 73.662
446.850 4.540 71.484
446.860 5.550 62.603
446.870 4.420 49.108
446.890 4.190 42.238
446.900 4.200 76.397
446.910 4.410 74.321
446.930 4.250 64.438
446.940 4.700 62.107
446.950 5.010 88.592
446.960 4.190 73.300
446.970 4.150 70.664
446.980 3.990 73.483
446.990 5.200 51.786
447.000 4.270 54.728
447.010 4.610 77.275
447.020 3.820 57.906
447.030 4.220 54.610
447.050 4.590 82.752
447.060 4.560 79.589
447.070 4.370 81.219
447.080 4.530 70.303
447.110 4.390 79.669
447.120 4.790 86.948
447.130 5.070 83.174
447.150 4.680 85.814
447.160 4.760 78.609
447.170 5.000 71.054
447.180 5.160 61.911
447.190 5.030 49.246
447.220 5.320 48.232
447.230 5.430 41.507
447.240 4.480 43.748
447.250 4.210 50.859
447.260 4.810 60.183
447.270 4.880 57.250
447.280 4.160 72.128
447.290 4.420 58.856
447.300 4.310 42.672
447.310 3.900 62.830
447.320 3.800 73.375
447.330 4.370 72.994
447.340 4.290 34.182
447.350 4.410 53.225
447.360 4.630 50.667
447.370 4.530 46.517
447.380 5.410 55.907
447.390 5.140 85.882
447.400 5.240 77.794
447.410 5.000 83.068
447.420 4.390 34.840
447.430 4.630 63.639
447.440 5.040 74.491
447.450 5.030 55.947
447.460 4.200 54.256
447.470 4.620 52.200
447.480 4.300 65.200
447.490 4.870 54.260
447.500 4.730 47.180
447.520 4.440 74.428
447.530 4.180 59.282
447.540 4.350 56.902
447.550 4.120 56.236
447.560 4.000 69.843
447.570 4.430 56.665
447.580 4.480 52.318
447.590 5.140 75.405
447.610 5.010 62.248
447.620 4.420 54.057
447.630 4.810 79.069
447.650 4.290 85.612
447.660 4.590 85.586
447.930 5.380 86.570
447.950 4.840 77.086
447.960 3.840 74.610
447.970 4.700 69.564
447.980 4.110 75.525
447.990 4.570 70.712
448.000 4.240 75.584
448.010 4.510 53.170
448.020 4.560 68.624
448.050 4.460 89.482
448.100 4.090 72.015
448.120 3.810 70.406
448.130 4.080 75.600
448.140 3.810 61.806
448.150 4.560 48.728
448.160 4.360 58.965
448.170 4.220 76.852
448.180 3.950 77.798
448.190 3.990 82.241
448.200 4.140 87.881
448.210 4.840 60.070
448.220 5.100 70.631
448.240 5.750 80.624
448.410 5.040 54.081
448.420 5.040 52.333
448.440 4.530 81.403
448.450 5.590 64.474
448.500 4.960 64.565
448.520 5.770 75.785
448.700 5.720 89.539
448.720 4.270 60.035
448.750 4.090 67.158
448.770 5.480 51.123
448.900 5.890 70.106
449.070 5.730 66.075
449.470 5.620 83.067
449.480 5.840 72.932
449.640 4.830 63.228
449.650 4.210 58.110
449.660 5.010 67.913
449.690 5.260 74.596
449.700 4.710 72.301
449.720 4.490 70.186
449.730 4.140 89.630
449.740 4.490 88.968
449.750 3.840 83.209
449.760 4.380 63.617
449.790 4.060 61.626
449.800 3.960 60.425
449.810 3.890 77.227
449.820 4.870 88.075
449.830 4.440 51.004
449.840 4.170 72.968
449.850 4.330 83.674
449.870 3.960 65.535
449.880 4.680 43.915
449.890 4.180 87.697
449.900 3.890 89.777
449.910 4.250 81.503
449.920 4.390 60.752
449.940 4.200 89.596
449.950 3.890 58.182
449.960 4.020 73.768
449.970 3.910 60.933
450.000 4.390 89.616
450.010 4.190 59.845
450.030 3.770 85.607
450.040 3.850 71.633
450.050 3.760 86.904
450.060 4.300 70.075
450.080 4.010 74.794
450.090 4.300 44.515
450.100 4.650 37.097
450.110 4.200 87.210
450.120 4.480 78.366
450.140 3.600 87.191
450.180 3.830 75.513
450.190 4.100 74.012
450.210 4.180 61.629
450.220 4.500 65.511
450.230 4.160 67.716
450.240 4.560 66.922
450.260 4.380 85.008
450.270 4.510 84.946
450.280 3.840 83.500
450.290 4.030 53.043
450.310 4.200 77.326
450.320 4.440 70.476
450.330 4.680 76.280
450.350 4.540 89.031
450.360 4.600 63.542
450.370 4.480 66.577
450.380 4.400 78.083
450.390 4.180 79.748
450.400 4.260 56.309
450.410 4.080 61.257
450.420 4.070 78.395
450.430 4.740 50.677
450.450 4.360 50.292
450.460 3.990 72.831
450.470 3.950 88.595
450.480 4.160 68.619
450.490 4.090 43.358
450.500 4.390 76.676
450.510 4.080 69.414
450.520 4.070 66.821
450.530 4.010 72.374
450.540 4.240 80.625
450.550 3.890 73.482
450.560 4.550 83.255
450.570 4.210 63.584
450.610 4.760 74.203
450.620 5.420 70.296
450.930 5.040 74.560
450.940 5.090 35.706
450.960 5.680 47.114
450.970 5.970 32.097
450.990 4.690 30.834
451.000 5.560 56.779
451.010 4.970 54.615
451.020 4.570 41.831
451.030 4.720 41.956
451.040 4.630 30.177
451.050 4.500 70.181
451.060 4.310 57.472
451.070 4.870 80.978
451.080 4.910 63.699
451.090 5.250 74.605
451.100 4.050 53.646
451.110 4.610 54.761
451.120 4.420 59.147
451.130 4.480 53.540
451.140 4.520 62.218
451.150 5.270 53.026
451.160 5.120 74.403
451.170 5.890 84.840
451.180 5.400 63.237
451.190 5.520 69.023
451.200 5.450 50.343
451.220 4.310 50.683
451.230 5.300 68.735
451.240 4.240 48.741
451.260 4.580 63.360
451.270 4.080 65.182
451.280 4.660 51.060
451.290 4.640 57.702
451.300 4.700 45.262
451.310 4.480 53.940
451.320 4.740 39.468
451.330 4.730 52.374
451.340 5.550 74.054
451.350 5.090 73.882
451.360 4.260 61.372
451.370 4.070 56.753
451.380 4.570 61.188
451.390 4.050 81.074
451.400 4.950 86.211
451.500 5.810 69.333
451.520 4.700 79.584
451.530 5.770 84.098
451.540 5.780 88.569
451.700 5.900 72.560
451.810 5.740 68.082
451.860 4.840 57.017
451.870 4.590 40.403
451.880 4.970 80.366
451.890 4.590 64.192
451.900 4.880 60.968
451.920 4.360 79.100
451.930 4.130 67.418
451.940 3.860 71.009
451.950 4.920 67.521
451.960 4.820 83.967
451.970 4.780 74.471
451.980 4.430 56.317
451.990 4.210 67.674
452.000 4.540 77.067
452.010 3.930 65.181
452.020 4.010 79.493
452.030 4.470 88.675
452.080 4.580 73.408
452.090 4.330 75.295
452.100 4.440 57.220
452.110 4.550 55.759
452.120 4.440 76.363
452.140 4.100 77.138
452.150 4.830 32.095
452.160 4.180 65.209
452.170 3.770 68.639
452.190 4.140 65.763
452.200 4.290 75.108
452.210 3.840 81.577
452.220 4.100 77.029
452.240 4.520 66.003
452.250 4.410 80.370
452.270 4.390 84.005
452.280 4.560 76.921
452.290 4.500 72.627
452.300 4.620 81.258
452.320 4.140 78.815
452.340 4.590 69.297
452.350 4.110 79.085
452.360 3.940 83.088
452.390 4.100 78.446
452.400 4.330 66.815
452.410 3.920 57.596
452.420 4.160 79.626
452.430 3.760 77.576
452.440 3.940 88.783
452.460 4.490 81.565
452.470 4.630 84.652
452.480 4.390 71.729
452.490 4.250 85.472
452.530 4.230 52.253
452.540 3.950 72.287
452.550 4.090 52.553
452.560 3.960 64.088
452.570 3.790 64.977
452.580 3.920 81.173
452.590 4.110 84.678
452.600 3.730 83.174
452.610 4.040 87.626
452.620 4.140 80.374
452.630 4.340 86.547
452.660 4.310 81.272
452.670 3.940 85.491
452.680 3.850 88.542
452.700 4.620 89.905
452.710 3.940 84.579
452.720 4.210 77.738
452.730 3.860 81.053
452.740 4.020 78.717
452.750 4.420 76.829
452.760 3.890 69.782
452.770 4.290 55.026
452.780 4.260 70.810
452.790 4.090 63.029
452.800 3.920 65.054
452.810 4.240 86.495
452.850 4.890 66.337
452.860 4.110 86.737
452.870 4.150 61.122
452.880 3.760 83.040
452.890 4.110 61.701
452.900 3.730 69.265
452.920 4.370 65.648
452.930 4.260 76.234
452.940 4.420 86.922
453.060 3.990 86.620
453.090 4.040 85.656
453.100 3.800 79.531
453.110 3.800 75.709
453.120 3.890 69.825
453.160 3.720 76.779
453.180 3.870 76.652
453.190 3.940 77.596
453.200 3.870 78.495
453.210 4.190 88.681
453.240 3.940 71.850
453.250 3.810 80.576
453.270 3.990 80.893
453.280 4.090 69.739
453.290 4.550 71.995
453.300 4.080 86.092
453.360 4.480 87.563
453.370 3.730 72.395
453.380 3.820 70.889
453.390 3.840 66.288
453.410 4.310 77.046
453.500 4.280 57.419
453.510 4.460 52.656
453.520 4.430 69.716
453.530 4.330 79.433
453.540 4.590 51.758
453.550 5.340 86.524
453.560 4.860 69.937
453.570 4.230 56.013
453.580 4.620 55.212
453.630 5.740 89.786
454.460 5.060 86.298
454.490 5.050 84.351
454.500 5.170 64.077
454.510 5.030 89.568
454.530 5.450 68.676
455.060 4.980 54.116
455.090 4.530 83.745
455.100 4.510 86.400
455.110 4.310 88.160
455.160 5.610 72.285
455.180 4.630 68.051
455.210 4.680 69.042
455.220 4.300 77.224
455.230 4.550 71.597
455.250 4.340 88.334
455.270 4.800 88.262
455.290 4.400 75.767
455.330 4.600 76.583
455.340 4.660 74.789
455.350 4.820 70.084
455.420 5.170 78.352
455.440 4.790 82.018
455.460 5.230 82.436
455.510 4.740 86.048
455.520 4.860 71.008
455.560 5.890 82.582
455.640 5.930 83.101
456.560 5.030 72.314
456.680 4.710 88.963
457.160 5.460 86.230
457.260 5.650 66.847
457.270 5.280 80.607
457.480 5.520 70.511
457.490 5.600 69.716
457.500 5.680 77.085
457.600 5.900 64.199
457.610 5.620 69.043
457.640 5.490 66.635
457.660 5.070 76.481
457.720 5.830 88.999
457.760 5.870 89.422
457.820 4.690 89.599
457.830 5.580 70.769
457.990 5.370 72.340
458.010 5.670 76.803
458.030 5.990 76.081
458.410 5.230 87.491
458.560 5.470 88.653
458.610 5.330 81.761
458.740 5.970 55.422
458.820 5.190 80.001
458.830 5.690 88.320
458.850 5.660 74.828
458.860 5.190 88.576
458.890 4.860 78.074
458.900 5.090 84.240
459.050 4.470 68.203
459.090 4.870 79.496
459.120 4.320 89.112
459.150 5.520 76.334
459.190 4.510 63.799
459.200 3.920 86.744
459.230 4.290 76.153
459.260 3.950 85.861
459.270 3.840 83.491
459.290 4.270 60.615
459.310 3.800 73.390
459.330 4.780 50.176
459.340 5.560 66.318
459.350 5.680 74.843
459.360 4.580 87.108
459.370 4.220 86.859
459.460 4.990 89.072
459.800 5.500 82.606
459.820 4.130 87.246
459.830 5.670 72.841
459.840 5.200 69.134
459.880 4.730 88.842
459.890 5.280 66.891
459.930 4.660 73.165
460.010 4.390 78.505
460.020 5.110 69.517
460.160 4.490 86.103
460.190 4.030 89.771
460.210 3.950 83.334
460.220 4.010 87.306
460.240 3.880 79.557
460.350 4.800 86.544
460.410 5.030 79.398
460.450 5.530 84.609
460.460 4.770 83.320
460.470 4.950 80.517
460.490 5.400 81.392
460.500 5.450 87.691
460.520 4.630 87.730
460.590 4.650 76.966
460.610 4.160 83.995
460.700 5.260 89.877
460.770 4.670 65.205
460.780 5.610 87.208
460.880 5.410 88.460
460.900 4.990 87.645
460.950 4.460 87.019
460.960 5.250 86.345
461.000 5.900 61.251
461.020 5.300 76.213
461.310 5.940 78.942
461.370 4.230 85.848
461.590 5.190 89.975
461.640 5.390 83.581
461.710 4.250 87.124
461.750 5.810 76.184
461.760 4.940 86.423
461.840 5.460 83.212
461.890 5.510 69.621
461.930 5.490 89.989
462.090 5.890 72.420
462.150 5.190 74.371
462.200 5.160 88.099
462.360 5.320 89.159
462.550 5.010 88.628
462.740 5.320 80.523
462.910 5.670 82.818
462.980 4.640 73.034
462.990 4.550 77.746
463.070 4.540 87.492
463.080 5.940 42.266
463.090 5.890 55.867
463.100 4.760 79.426
463.110 5.420 70.890
463.120 5.180 75.567
463.130 5.450 76.475
463.140 5.580 81.257
463.150 4.980 82.305
463.170 5.300 52.129
463.200 4.830 83.551
463.300 4.920 77.252
463.600 5.980 47.561
463.790 4.460 43.833
463.800 4.420 60.785
463.810 4.500 59.936
463.820 5.130 61.812
463.950 4.110 74.700
464.030 4.400 78.152
464.120 3.980 85.817
464.340 5.220 83.881
464.350 5.250 87.608
464.380 5.720 89.755
464.430 3.770 81.340
464.450 4.120 88.759
464.530 4.180 86.074
464.680 3.890 85.183
464.690 4.890 83.054
464.790 5.060 83.876
464.970 4.220 76.203
464.990 4.200 82.116
465.310 4.140 86.481
465.430 4.170 84.956
465.480 4.850 87.274
465.490 4.710 87.254
465.540 4.370 84.076
465.700 4.270 83.477
466.030 4.060 89.763
466.110 4.680 80.695
466.160 4.340 85.900
466.170 4.910 83.124
466.180 4.500 89.627
466.190 5.040 87.950
466.240 5.570 69.671
466.300 5.800 85.751
466.360 5.610 78.825
466.420 5.880 88.974
467.060 5.650 79.161
467.080 5.110 83.604
467.230 5.460 89.885
467.250 5.370 78.632
467.280 5.100 86.601
467.330 5.300 89.112
467.340 4.340 85.632
467.530 4.240 85.691
467.550 4.760 66.571
467.560 4.510 58.972
467.590 5.140 80.183
467.600 5.430 81.607
467.610 5.440 71.677
467.620 5.920 69.550
467.650 5.880 83.458
467.660 5.960 51.544
468.470 5.810 85.292
468.480 5.630 85.983
468.580 4.790 81.562
468.620 4.730 82.121
468.640 4.600 65.693
468.660 4.730 77.051
468.810 4.530 88.147
468.830 5.810 80.027
468.840 5.120 87.789
468.970 5.900 84.682
468.980 5.470 85.286
469.000 4.390 81.875
469.010 5.730 61.246
469.020 4.680 85.819
469.030 5.230 87.125
469.040 5.140 88.406
469.060 5.950 77.820
469.120 5.920 75.927
469.200 5.990 89.829
469.370 4.600 89.449
469.380 4.860 61.748
469.400 4.650 80.390
469.410 4.050 87.104
469.420 3.590 87.296
469.430 4.020 83.828
469.440 4.310 89.871
469.470 5.100 75.684
469.550 4.910 86.207
469.760 4.660 77.464
469.810 4.420 87.965
469.820 4.480 84.702
469.900 5.530 64.325
469.960 5.800 81.868
469.990 5.790 73.689
470.080 5.910 81.304
470.110 5.390 80.919
470.120 5.910 64.764
470.130 5.160 69.308
470.250 5.350 86.222
470.340 5.800 85.582
470.350 5.830 71.337
470.370 5.870 72.015
470.410 5.530 89.320
470.430 5.760 57.074
470.470 5.350 89.176
470.490 5.490 83.963
470.500 5.630 78.734
470.520 5.620 88.752
470.560 4.480 87.644
470.580 5.100 89.090
470.790 4.480 72.867
470.800 4.460 86.593
471.000 3.790 86.663
471.070 4.840 85.779
471.140 4.980 75.024
471.160 4.280 84.929
471.180 5.880 58.940
471.210 4.900 85.540
471.250 5.180 87.100
471.260 5.320 71.341
471.270 4.860 77.092
471.310 5.830 31.806
471.320 4.880 89.310
471.330 5.070 69.854
471.340 5.340 85.024
471.370 5.770 57.564
471.380 4.950 85.773
471.390 4.260 89.178
471.420 5.490 62.334
471.430 5.090 71.919
471.760 4.080 79.283
471.960 4.740 88.947
471.980 5.280 81.355
472.010 5.030 88.140
472.080 5.320 78.756
472.100 5.540 78.199
472.110 4.850 87.644
472.120 5.560 44.291
472.130 5.490 82.704
472.180 4.570 88.335
472.200 5.920 79.102
472.240 5.610 82.618
472.250 4.850 77.292
472.260 4.470 89.873
472.270 5.350 60.341
472.360 4.660 86.972
472.370 5.080 85.915
472.380 4.380 77.806
472.390 3.900 72.048
472.400 3.810 83.399
472.410 4.040 75.526
472.420 4.480 86.346
472.460 5.360 18.887
472.520 5.540 81.774
472.620 5.680 89.324
472.650 4.930 76.376
472.700 4.880 74.882
472.710 5.630 67.931
472.720 5.140 52.773
472.750 5.360 66.953
472.760 5.850 36.558
472.860 5.910 86.665
472.960 5.720 83.001
473.000 5.280 72.512
473.030 4.430 65.530
473.120 4.930 79.135
473.140 5.590 86.500
473.150 5.920 72.718
473.160 5.140 65.705
473.240 5.660 86.154
473.340 5.380 63.339
473.350 5.990 78.027
473.370 5.850 80.061
473.410 5.830 76.558
473.470 5.760 87.712
473.480 4.490 70.819
473.560 5.840 86.545
473.600 4.530 79.461
473.610 4.830 89.694
473.630 4.070 29.999
473.640 4.650 36.069
473.650 4.300 52.762
473.660 4.220 72.316
473.670 4.370 70.455
473.680 4.330 58.003
473.690 4.480 57.307
473.700 4.640 58.511
473.710 4.240 43.931
473.720 4.800 59.927
473.730 4.500 77.785
473.740 4.240 51.737
473.750 4.630 73.506
473.760 4.790 14.834
473.770 4.460 84.159
473.790 5.680 63.384
473.800 4.480 71.363
473.810 4.350 89.461
473.820 4.710 40.883
473.840 4.410 59.882
473.850 4.190 69.515
473.860 4.300 46.527
473.870 4.260 70.058
473.880 4.360 72.556
473.890 4.250 66.121
473.900 4.690 80.710
473.910 4.630 76.285
473.930 3.930 62.790
473.940 4.110 87.234
473.950 4.460 66.253
473.960 4.750 37.538
473.970 4.120 59.287
473.990 4.330 61.109
474.030 3.890 89.229
474.040 4.160 87.876
474.050 4.180 67.429
474.060 4.740 80.738
474.460 5.540 66.215
474.470 5.890 62.223
474.960 5.860 60.975
475.920 4.900 84.060
475.930 4.530 54.139
475.950 5.260 87.665
475.970 5.480 73.526
476.000 3.970 82.718
476.010 3.960 49.663
476.020 4.000 49.147
476.030 4.340 54.912
476.040 5.490 42.770
476.050 5.370 41.214
476.060 4.730 55.877
476.070 5.120 34.512
476.080 4.150 54.678
476.100 4.320 77.234
476.110 4.360 58.673
476.120 3.940 82.156
476.130 4.100 60.447
476.140 3.910 87.097
476.160 4.290 47.570
476.170 4.820 79.735
476.180 5.330 77.117
476.190 5.740 84.327
476.210 4.670 89.207
476.230 4.750 70.935
476.240 4.640 61.132
476.280 5.140 35.277
476.290 4.890 85.186
476.300 4.700 56.000
476.310 4.890 48.849
476.320 5.100 60.639
476.330 5.550 87.964
476.340 4.550 69.722
476.350 5.360 83.679
476.690 5.840 89.041
476.720 4.900 51.313
476.730 4.720 56.313
476.740 4.760 46.681
476.750 5.200 28.535
476.770 5.670 34.267
476.780 5.160 48.161
476.790 5.500 67.470
476.800 5.080 72.326
476.830 5.820 64.357
476.840 4.360 74.370
476.850 4.200 73.302
476.870 5.290 88.053
476.960 5.900 89.414
477.060 4.940 82.613
477.070 4.260 50.221
477.080 4.560 67.094
477.100 4.390 65.284
477.110 4.320 66.447
477.130 4.420 58.349
477.170 4.940 87.639
477.180 4.970 83.974
477.190 4.960 88.750
477.200 4.280 84.660
477.210 4.710 80.447
477.220 4.660 73.847
477.230 4.480 81.770
477.260 4.380 69.730
477.270 4.170 77.829
477.280 4.730 63.438
477.290 4.800 88.323
477.300 4.780 73.851
477.310 4.650 67.029
477.320 4.950 49.130
477.330 5.620 72.682
477.340 4.680 86.493
477.400 5.170 55.362
477.410 5.340 86.253
477.420 5.850 87.959
477.430 5.630 79.990
477.440 5.860 89.407
477.460 5.740 80.320
477.470 5.300 74.523
477.480 5.960 85.617
477.490 4.730 75.752
477.500 3.950 29.642
477.510 4.300 43.575
477.520 5.230 82.278
477.530 5.740 74.665
477.540 5.210 62.433
477.550 4.980 87.884
477.560 4.970 85.427
477.570 5.200 77.562
477.580 4.880 61.506
477.600 5.260 81.517
477.610 5.780 89.645
477.620 4.900 66.303
477.630 5.270 77.510
477.720 5.230 83.355
477.730 5.070 74.469
477.740 5.360 73.113
477.750 5.010 60.812
477.760 5.040 69.475
477.770 5.640 60.329
477.780 5.930 53.870
477.800 5.110 50.340
477.810 5.060 71.461
477.820 5.340 64.391
477.830 5.650 48.467
477.840 5.290 33.620
477.850 5.170 47.126
477.860 4.870 49.037
477.870 4.480 68.227
477.880 5.750 84.648
478.010 4.940 72.470
478.060 5.530 73.676
478.070 4.680 62.712
478.080 4.830 66.093
478.100 5.470 62.626
478.110 5.580 74.839
478.130 5.150 88.656
478.150 5.390 79.484
478.190 5.660 70.302
478.200 5.170 51.540
478.210 4.940 71.195
478.220 5.560 40.664
478.240 4.960 66.137
478.250 5.020 60.872
478.260 4.490 70.845
478.270 5.010 74.331
478.280 5.930 81.809
478.290 4.830 83.256
478.300 4.130 68.391
478.310 4.000 57.871
478.320 3.910 64.327
478.330 4.650 71.054
478.340 4.590 52.150
478.350 4.410 61.113
478.360 4.490 65.366
478.370 4.190 59.021
478.380 4.340 43.643
478.390 4.780 42.011
478.400 5.930 85.012
478.410 4.980 53.578
478.420 5.330 66.758
478.430 4.740 53.690
478.440 5.260 70.739
478.450 5.570 70.429
478.460 4.710 53.260
478.470 5.440 72.317
478.480 4.370 55.221
478.520 4.300 89.214
478.530 3.690 83.146
478.540 3.670 69.890
478.550 4.190 85.000
478.560 5.200 71.862
478.570 5.470 75.205
478.580 4.780 59.614
478.600 5.140 45.775
478.610 4.550 60.909
478.620 5.120 33.535
478.630 5.030 76.710
478.650 4.490 76.183
478.670 4.530 32.554
478.680 5.040 28.248
478.690 4.360 42.316
478.700 3.910 35.751
478.710 4.110 54.212
478.730 3.710 78.732
478.740 4.090 52.461
478.750 4.180 53.259
478.760 4.440 62.152
478.770 3.790 71.958
478.810 3.970 71.953
478.830 4.120 85.357
478.840 4.560 83.171
478.860 3.860 75.459
478.870 3.880 74.187
478.880 4.100 69.675
478.890 4.240 69.661
478.900 3.980 62.395
478.910 4.420 62.973
478.920 4.450 56.603
478.930 4.650 53.736
478.940 4.200 50.586
478.950 4.200 61.196
478.960 4.570 38.735
478.980 4.570 87.068
479.050 5.390 78.722
479.080 5.100 72.023
479.090 4.210 73.056
479.120 4.930 86.090
479.130 4.400 67.206
479.140 4.690 83.535
479.150 4.570 70.885
479.160 4.490 64.694
479.170 4.510 66.409
479.180 5.360 87.941
479.190 4.680 85.664
479.200 4.810 71.064
479.210 4.640 66.781
479.220 4.780 85.894
479.230 5.020 86.576
479.240 4.040 63.317
479.250 4.790 89.159
479.270 4.100 66.902
479.280 4.250 65.375
479.290 4.210 48.620
479.300 4.130 78.981
479.310 5.570 68.675
479.330 4.460 83.140
479.340 4.430 61.493
479.350 4.230 53.047
479.360 4.430 71.461
479.380 4.160 77.293
479.390 4.390 83.666
479.400 4.230 76.701
479.450 4.790 67.061
479.460 5.200 80.616
479.510 4.160 71.745
479.520 4.770 79.820
479.550 3.950 67.632
479.560 3.710 76.424
479.570 4.060 55.591
479.580 4.030 88.473
479.590 4.850 85.611
479.630 4.340 84.455
479.640 3.820 74.177
479.650 4.470 62.985
479.660 4.720 74.619
479.670 4.230 80.891
479.680 5.400 53.282
479.700 4.460 61.088
479.710 4.390 65.704
479.720 3.740 66.715
479.730 4.470 77.529
479.740 4.150 61.146
479.750 4.660 52.640
479.760 5.030 66.448
479.770 4.110 73.789
479.780 4.180 77.260
479.790 4.330 62.245
479.800 3.830 65.928
479.810 4.960 88.523
479.850 4.460 77.384
480.000 4.810 65.446
480.010 4.860 62.020
480.020 5.500 27.789
480.030 5.060 42.822
480.070 5.460 88.870
480.080 4.420 59.243
480.090 4.390 86.273
480.110 3.820 64.855
480.120 4.310 67.475
480.130 4.330 67.957
480.240 5.080 87.999
480.250 5.720 81.889
480.260 5.960 65.530
480.300 5.540 74.157
480.320 4.800 84.871
480.330 4.430 81.128
480.350 4.990 88.679
480.410 4.270 58.800
480.420 4.350 89.672
480.430 3.700 79.315
480.500 5.440 86.100
480.510 5.180 84.139
480.620 4.050 84.075
480.680 4.210 66.389
480.690 3.980 87.192
480.740 5.400 78.466
480.840 4.770 77.424
481.380 4.410 67.410
481.390 4.330 88.538
481.460 5.030 88.321
481.500 4.480 77.222
481.580 4.880 78.855
481.610 4.490 72.660
481.620 4.980 68.556
481.630 4.140 65.680
481.750 5.150 89.033
481.760 4.860 88.003
481.780 5.000 73.133
481.790 5.810 49.985
481.800 4.440 81.175
481.860 5.280 86.892
481.870 5.360 84.833
481.890 5.780 89.034
481.920 3.930 89.128
481.930 4.580 73.472
481.940 5.760 66.406
481.950 3.890 80.641
481.980 4.720 70.976
481.990 4.410 78.851
482.100 4.270 76.640
482.110 4.590 66.125
482.130 4.810 83.959
482.160 4.990 75.490
482.170 4.980 88.329
482.180 4.800 72.447
482.190 4.190 44.255
482.200 4.240 76.096
482.210 5.020 53.154
482.220 4.960 75.177
482.230 4.830 68.593
482.250 4.470 85.611
482.260 4.740 79.263
482.270 4.950 73.319
482.280 4.090 64.413
482.290 4.180 82.651
482.300 4.490 73.225
482.310 4.630 53.106
482.320 4.590 55.931
482.330 4.150 57.033
482.340 4.290 70.708
482.350 5.100 61.333
482.360 4.270 53.951
482.370 4.670 40.677
482.380 4.790 57.688
482.390 4.700 84.768
482.400 4.530 65.443
482.410 5.080 82.905
482.420 5.270 35.192
482.430 4.790 29.383
482.440 4.950 67.449
482.470 5.270 78.388
482.490 4.700 89.018
482.530 3.980 70.357
482.540 3.980 51.910
482.770 4.420 83.465
482.780 4.530 44.628
482.790 4.380 45.591
482.800 4.170 45.988
482.810 3.990 61.783
482.820 4.870 43.586
482.830 4.860 70.144
482.840 4.700 54.619
482.850 4.260 48.797
482.860 4.120 63.514
482.870 4.960 56.485
482.880 4.080 53.203
482.890 4.460 68.144
482.900 4.940 29.009
482.910 4.940 57.077
482.920 5.150 60.319
482.930 4.620 89.541
482.940 3.990 70.103
482.950 4.200 62.507
482.960 4.290 80.590
482.980 4.170 60.596
483.010 5.280 46.901
483.030 4.700 88.964
483.040 4.250 77.056
483.050 4.380 73.350
483.060 5.130 76.208
483.070 4.270 71.859
483.100 4.650 63.844
483.130 3.650 86.236
483.140 4.820 89.547
483.150 4.580 67.220
483.160 4.910 83.364
483.170 4.760 87.441
483.180 4.920 88.222
483.190 4.580 76.340
483.200 4.480 74.163
483.210 4.470 58.651
483.220 4.890 72.593
483.230 3.830 84.003
483.240 4.180 55.725
483.250 4.690 58.190
483.260 5.010 61.807
483.270 5.940 50.086
483.280 5.380 87.976
483.300 6.000 34.733
483.320 4.780 56.364
483.470 5.740 84.909
483.500 4.740 89.131
483.510 4.720 63.600
483.530 4.900 89.609
483.540 5.480 86.090
483.550 4.650 74.212
483.560 4.570 64.442
483.590 4.450 63.924
483.600 4.700 85.738
483.630 4.980 76.001
483.640 4.760 82.948
483.660 4.660 75.061
483.670 3.980 42.300
483.680 4.490 48.683
483.690 5.380 51.358
483.700 4.400 71.646
483.730 4.160 77.297
483.740 4.420 87.600
483.750 4.110 86.069
484.050 4.120 74.014
484.060 4.290 76.707
484.070 4.160 75.406
484.080 3.950 79.361
484.090 4.820 68.919
484.140 5.440 70.823
484.150 5.300 73.654
484.190 4.910 77.006
484.210 4.910 85.248
484.220 4.290 75.154
484.230 4.210 57.971
484.240 4.410 69.179
484.250 4.550 85.154
484.310 4.070 77.670
484.330 4.100 78.051
484.340 3.860 77.254
484.350 4.340 60.727
484.360 4.010 65.420
484.370 4.160 48.080
484.380 4.180 54.774
484.390 3.980 54.132
484.400 4.080 80.321
484.410 4.150 79.907
484.420 4.530 47.760
484.430 4.160 62.506
484.440 3.890 54.147
484.450 4.180 32.516
484.460 4.320 60.669
484.470 4.540 50.720
484.480 4.540 70.517
484.490 4.100 67.180
484.500 4.160 71.926
484.510 4.440 68.859
484.520 4.470 74.431
484.530 4.500 64.633
484.540 4.340 56.684
484.550 4.350 64.484
484.560 5.130 61.898
484.570 4.470 86.841
484.590 4.730 58.749
484.600 5.040 68.404
484.610 5.180 66.794
484.620 4.640 71.640
484.630 4.920 49.542
484.640 5.560 26.888
484.670 4.740 69.582
484.680 5.380 42.040
484.690 4.910 68.471
484.700 4.720 76.945
484.710 4.650 72.884
484.720 4.520 81.370
484.730 4.980 67.576
484.740 5.080 74.606
484.750 5.800 61.942
484.770 5.750 60.306
484.840 5.900 88.862
484.850 5.920 88.477
484.860 4.830 80.636
484.870 5.190 75.752
484.880 4.290 68.887
484.890 5.320 89.606
484.900 5.060 71.055
484.910 5.090 69.679
484.920 4.360 57.785
484.930 4.640 85.311
484.940 4.230 80.187
484.950 5.090 70.583
484.960 4.350 73.949
484.970 4.360 65.006
484.980 4.800 63.632
484.990 4.030 60.837
485.070 5.460 87.330
485.120 4.570 87.778
485.130 4.860 84.155
485.180 4.760 67.783
485.250 4.540 89.869
485.300 4.390 85.654
485.340 4.270 78.779
485.350 4.160 64.210
485.360 3.860 80.012
485.370 4.280 77.319
485.380 4.300 60.065
485.390 4.190 58.890
485.400 4.460 70.015
485.410 4.080 65.802
485.460 4.540 53.997
485.470 5.570 81.137
485.480 4.910 71.703
485.490 4.700 80.703
485.500 4.390 62.051
485.510 5.020 69.496
485.520 4.250 57.374
485.530 4.270 42.719
485.540 4.060 48.846
485.550 4.380 51.550
485.560 4.450 58.610
485.570 3.730 50.104
485.580 4.840 48.275
485.590 4.730 63.986
485.630 5.550 85.341
485.740 5.720 85.531
485.810 5.270 83.405
485.820 5.310 84.504
485.840 4.980 73.109
485.850 4.290 26.989
485.860 4.800 45.706
485.870 4.370 29.712
485.880 4.920 33.759
485.890 4.820 61.190
485.900 5.930 80.495
485.910 5.940 84.290
485.920 5.570 79.749
485.970 5.760 74.379
485.980 4.890 67.683
485.990 4.070 72.116
486.000 5.500 85.230
486.010 5.160 67.451
486.050 5.230 68.197
486.060 4.100 55.292
486.070 4.000 73.937
486.080 4.200 78.686
486.090 4.430 42.288
486.100 4.220 49.086
486.110 5.210 55.848
486.120 5.280 39.576
486.130 5.230 37.026
486.140 4.640 63.292
486.150 4.630 55.423
486.160 4.840 67.115
486.170 4.710 67.860
486.180 4.660 52.280
486.190 4.290 72.244
486.200 4.820 70.183
486.210 4.720 60.147
486.220 4.170 76.157
486.240 4.410 87.898
486.250 5.140 86.286
486.270 4.320 62.676
486.280 4.900 74.966
486.290 4.710 77.356
486.300 4.280 57.195
486.320 4.370 83.050
486.330 5.060 52.064
486.340 5.210 36.642
486.350 4.290 76.278
486.370 4.580 89.800
486.450 4.680 80.464
486.460 4.730 74.654
486.470 4.790 61.381
486.480 4.600 75.809
486.490 4.560 48.667
486.500 4.450 60.633
486.510 4.430 57.867
486.520 4.120 57.939
486.530 4.460 68.277
486.540 4.220 63.216
486.550 4.710 53.845
486.560 4.060 59.620
486.570 4.060 54.182
486.580 4.670 67.311
486.590 4.900 85.710
486.670 5.500 74.327
486.710 4.710 77.159
486.720 4.290 46.650
486.730 4.540 56.543
486.740 4.840 79.524
486.750 4.600 47.226
486.760 4.730 34.555
486.770 4.570 70.378
486.780 4.700 34.408
486.790 4.360 77.736
486.810 4.550 65.583
486.830 5.390 64.949
486.840 4.860 73.872
486.850 4.800 32.800
486.860 4.190 60.234
486.880 4.930 17.383
486.890 5.220 43.844
486.900 4.870 84.865
486.910 5.060 88.401
486.930 4.460 53.418
486.940 4.840 67.942
486.960 4.690 42.755
486.970 4.630 80.844
486.980 4.530 60.657
487.000 4.220 84.726
487.010 4.730 63.079
487.020 4.180 44.095
487.030 4.630 36.791
487.040 4.880 25.474
487.050 4.740 72.692
487.060 4.730 69.879
487.070 4.930 85.989
487.080 4.270 63.501
487.090 4.570 40.106
487.100 4.850 45.386
487.110 5.210 69.499
487.120 4.660 67.091
487.150 4.470 80.944
487.160 4.480 50.307
487.170 4.790 70.804
487.180 4.880 68.239
487.200 4.880 73.917
487.210 4.740 66.897
487.220 4.600 56.114
487.230 4.550 53.753
487.240 4.650 46.510
487.250 4.560 50.768
487.260 4.640 40.545
487.270 4.530 47.384
487.280 4.450 41.212
487.290 4.300 56.146
487.300 4.400 79.660
487.320 5.090 85.644
487.370 4.270 75.542
487.390 4.610 85.096
487.400 4.620 80.807
487.430 4.920 88.554
487.470 5.440 63.398
487.480 4.370 49.429
487.490 4.280 47.574
487.510 4.370 83.305
487.520 4.940 88.985
487.530 4.070 63.464
487.540 4.210 42.146
487.550 4.310 50.003
487.560 4.300 67.058
487.570 4.220 57.855
487.580 4.490 49.667
487.590 4.220 82.478
487.600 4.560 66.147
487.620 3.930 72.865
487.640 4.560 74.566
487.650 3.770 74.060
487.660 4.140 63.132
487.670 4.280 64.417
487.680 4.320 55.105
487.690 4.820 42.172
487.700 4.340 32.486
487.710 4.620 54.410
487.720 5.020 77.964
487.730 4.720 69.116
487.740 5.120 58.486
487.750 5.150 72.429
487.790 4.750 77.594
487.810 4.450 71.894
487.890 5.400 88.875
487.900 3.880 53.882
487.910 4.400 50.444
487.920 4.240 85.917
487.930 4.000 73.667
487.940 4.470 60.714
487.950 5.160 62.777
487.960 4.210 49.516
487.970 4.080 63.096
487.980 4.730 75.291
487.990 4.610 61.507
488.000 4.110 89.326
488.010 4.010 67.603
488.030 4.890 78.834
488.040 4.820 89.302
488.050 4.930 78.637
488.070 4.490 57.535
488.080 4.480 71.103
488.090 4.500 63.833
488.100 4.820 47.894
488.110 4.630 73.931
488.120 4.230 60.415
488.130 4.280 62.745
488.170 4.430 75.372
488.180 3.930 61.502
488.190 4.310 38.011
488.200 4.140 66.894
488.210 4.620 69.495
488.220 4.550 58.079
488.230 4.620 74.992
488.240 4.850 68.899
488.260 4.740 87.043
488.270 5.030 89.836
488.280 4.250 52.403
488.290 4.420 73.386
488.300 5.110 75.596
488.310 4.730 69.638
488.320 4.140 69.798
488.330 4.370 84.984
488.340 4.050 64.059
488.350 4.680 72.917
488.380 4.420 78.193
488.390 4.200 52.753
488.400 4.340 79.625
488.410 5.140 76.891
488.420 4.400 59.230
488.430 4.360 72.988
488.440 3.890 69.405
488.450 3.950 77.489
488.460 4.110 82.066
488.470 4.180 66.749
488.480 4.150 49.622
488.490 4.180 73.176
488.500 4.140 53.831
488.510 4.840 66.436
488.520 4.380 60.381
488.530 4.780 70.761
488.540 4.700 64.687
488.550 4.190 53.031
488.560 4.040 80.489
488.570 4.610 78.100
488.590 5.360 86.067
488.600 4.170 61.211
488.610 4.350 41.216
488.620 4.440 70.510
488.630 4.720 65.981
488.640 4.150 68.863
488.650 4.810 74.900
488.660 4.900 72.700
488.670 4.200 73.909
488.680 4.360 64.012
488.690 4.560 79.610
488.700 4.440 76.182
488.710 3.810 68.638
488.720 4.030 73.446
488.730 4.470 65.257
488.760 4.220 80.866
488.770 4.300 53.786
488.780 4.100 76.910
488.790 4.680 53.981
488.800 3.960 58.558
488.810 4.790 68.731
488.830 5.640 85.521
488.840 5.220 79.309
488.860 4.810 87.400
488.900 4.440 78.415
488.920 4.590 58.662
488.930 5.400 73.999
488.940 4.510 74.314
488.960 4.770 83.848
488.970 4.640 75.650
488.990 3.970 71.088
489.000 4.060 53.815
489.010 3.980 72.515
489.020 3.800 55.704
489.030 4.200 39.312
489.040 4.130 58.438
489.050 4.150 57.753
489.060 4.160 66.270
489.070 4.140 76.563
489.080 4.180 58.934
489.090 4.220 53.949
489.100 4.340 60.347
489.110 3.980 71.121
489.130 3.720 74.587
489.140 4.290 53.897
489.150 4.060 83.688
489.160 4.150 69.966
489.170 4.360 73.493
489.180 4.200 63.376
489.190 3.820 74.021
489.200 4.170 87.993
489.210 3.860 85.304
489.220 4.330 86.798
489.230 4.220 64.102
489.240 4.820 84.484
489.250 4.250 81.328
489.260 4.070 53.039
489.270 3.950 81.296
489.290 4.130 83.754
489.300 3.870 58.520
489.310 3.870 73.316
489.320 4.330 86.462
489.330 4.070 87.630
489.370 3.930 76.849
489.390 3.790 65.096
489.400 4.400 70.811
489.410 3.940 79.427
489.420 3.770 66.598
489.430 4.000 87.442
489.440 3.860 85.011
489.460 4.430 62.163
489.480 3.820 59.387
489.490 3.960 66.623
489.500 3.760 67.907
489.510 3.920 82.603
489.520 3.880 78.383
489.530 4.350 59.070
489.540 3.970 66.758
489.550 4.200 40.793
489.560 4.150 70.836
489.570 3.960 68.644
489.580 3.980 85.796
489.590 4.840 53.918
489.600 4.060 76.499
489.610 4.210 57.492
489.620 4.390 70.482
489.630 4.280 61.817
489.640 4.380 81.733
489.650 4.570 81.263
489.670 4.620 85.857
489.680 4.040 64.428
489.690 4.470 58.570
489.700 4.550 71.402
489.710 4.310 73.633
489.720 4.380 71.199
489.730 4.660 59.830
489.740 4.500 68.646
489.750 4.260 71.713
489.760 4.290 79.979
489.770 4.680 60.946
489.780 4.090 54.290
489.790 4.270 86.896
489.810 4.040 63.555
489.820 3.810 85.109
489.830 3.700 84.387
489.840 3.830 83.594
489.850 4.270 82.218
489.860 4.000 75.087
489.870 4.060 64.938
489.880 4.050 57.774
489.890 3.940 77.043
489.900 4.250 74.080
489.910 4.570 78.968
489.930 4.200 79.473
489.940 4.150 76.537
489.980 3.840 58.610
489.990 4.090 77.265
490.000 4.210 70.716
490.010 3.810 57.371
490.020 4.150 77.431
490.030 4.750 29.500
490.040 4.570 76.845
490.050 4.320 76.147
490.070 4.110 78.283
490.090 4.390 88.274
490.100 4.360 77.367
490.110 4.250 54.520
490.120 4.180 88.674
490.130 3.980 85.892
490.140 4.250 56.486
490.150 4.360 64.893
490.160 3.940 59.098
490.170 4.660 78.364
490.180 4.140 48.199
490.190 3.970 25.821
490.200 4.540 74.693
490.210 4.000 68.638
490.220 3.990 54.914
490.230 4.390 33.220
490.240 4.320 39.490
490.250 3.940 48.066
490.260 4.400 55.636
490.270 4.080 71.252
490.280 3.910 80.913
490.290 3.900 57.548
490.320 4.280 70.545
490.330 4.420 62.506
490.350 4.140 59.564
490.360 4.570 81.828
490.370 4.480 81.214
490.400 4.770 79.442
490.430 4.250 65.962
490.440 4.220 58.465
490.450 4.230 70.938
490.460 4.330 43.167
490.470 4.400 69.188
490.480 5.100 77.910
490.490 4.360 72.625
490.500 4.350 70.352
490.510 4.300 60.991
490.520 4.730 73.999
490.530 4.310 70.495
490.540 4.020 64.316
490.550 3.780 69.394
490.570 5.490 85.047
490.590 4.510 89.122
490.610 4.240 71.785
490.620 4.140 78.125
490.630 4.390 78.962
490.640 4.630 78.545
490.670 4.610 67.510
490.730 4.580 85.014
490.740 4.400 69.182
490.750 4.020 79.631
490.770 3.930 78.319
490.790 4.220 70.482
490.800 4.620 71.761
490.840 3.980 84.580
490.850 4.100 72.402
490.860 3.930 68.262
490.870 4.040 88.253
490.910 4.950 88.918
490.930 4.720 89.920
490.960 4.260 70.044
490.970 3.980 78.562
490.980 4.530 61.494
490.990 4.300 67.003
491.000 4.620 82.693
491.010 4.050 51.616
491.020 4.260 53.115
491.030 3.770 76.283
491.040 4.390 72.894
491.050 4.790 83.971
491.080 4.640 84.007
491.090 4.760 54.933
491.100 4.150 69.916
491.110 4.230 48.177
491.120 4.480 55.765
491.130 4.100 42.719
491.170 4.740 89.796
491.180 5.180 88.886
491.210 5.290 71.620
491.220 4.670 79.010
491.230 5.170 89.616
491.240 4.620 64.518
491.260 4.090 89.230
491.280 4.140 83.357
491.290 4.200 70.068
491.300 4.320 83.542
491.320 4.490 77.321
491.340 4.390 78.740
491.350 4.300 87.230
491.360 4.160 88.580
491.370 3.770 67.863
491.380 3.920 78.318
491.390 4.930 44.753
491.400 4.130 70.874
491.410 4.190 55.717
491.430 4.160 79.223
491.440 4.170 67.461
491.450 4.330 62.997
491.460 4.280 76.178
491.470 3.860 87.227
491.480 4.250 80.852
491.490 4.110 68.939
491.500 4.160 71.389
491.510 3.940 81.548
491.520 3.960 77.801
491.530 4.130 56.783
491.540 4.190 85.308
491.550 4.000 78.600
491.560 4.060 66.398
491.570 4.040 70.581
491.590 3.890 75.861
491.600 3.930 84.831
491.650 4.460 57.827
491.660 3.980 79.332
491.670 4.230 69.179
491.680 4.180 87.420
491.690 4.140 85.598
491.700 4.120 71.409
491.730 4.050 79.019
491.740 4.220 54.071
491.750 4.660 76.110
491.760 5.310 57.621
491.770 4.800 67.264
491.780 4.060 79.622
491.790 4.470 62.887
491.810 4.200 80.363
491.830 4.230 88.873
491.850 4.390 78.603
491.870 4.220 73.623
491.890 4.080 66.611
491.900 3.930 69.901
491.920 4.000 82.773
491.940 4.350 75.233
491.960 4.240 85.637
491.980 4.050 68.706
491.990 4.080 72.978
492.000 3.940 58.414
492.010 3.830 65.360
492.030 4.000 76.463
492.040 3.740 75.011
492.050 3.970 52.323
492.070 3.960 70.018
492.080 4.270 78.780
492.090 4.090 71.327
492.100 4.550 49.436
492.110 4.370 72.441
492.120 4.390 59.126
492.130 4.040 72.765
492.140 4.020 80.958
492.160 4.120 82.662
492.170 3.800 87.442
492.180 4.290 88.737
492.190 4.070 78.216
492.200 3.990 62.400
492.210 4.510 87.778
492.220 4.210 86.235
492.260 4.070 83.892
492.280 3.780 72.431
492.290 3.820 80.012
492.310 3.770 68.683
492.320 4.260 78.445
492.340 3.820 59.264
492.350 3.930 83.840
492.360 4.140 76.525
492.370 4.410 86.461
492.400 4.230 81.442
492.410 4.330 64.585
492.420 4.320 82.415
492.440 4.310 48.882
492.450 4.140 69.475
492.460 4.570 82.988
492.470 4.150 74.857
492.480 4.350 51.577
492.490 4.090 76.394
492.500 3.810 66.942
492.510 4.430 84.181
492.520 4.410 54.330
492.530 3.840 87.012
492.540 3.810 62.616
492.550 4.210 71.849
492.580 5.280 80.077
492.600 3.980 57.277
492.610 4.320 53.524
492.620 4.140 75.996
492.630 4.200 67.004
492.640 4.480 85.232
492.650 4.380 82.461
492.670 4.080 74.645
492.680 3.800 52.625
492.690 4.380 65.198
492.700 4.140 60.171
492.710 4.250 46.452
492.730 3.720 62.742
492.750 3.780 85.879
492.760 3.830 82.325
492.780 3.960 82.496
492.790 3.940 76.651
492.820 3.850 76.331
492.850 3.990 72.063
492.860 4.090 85.153
492.870 3.840 63.436
492.890 4.240 83.201
492.900 3.700 80.072
492.910 4.200 58.893
492.920 4.390 83.971
492.930 3.950 76.060
492.940 4.160 64.514
492.950 3.660 86.901
492.960 4.510 48.166
492.970 4.500 82.997
492.980 4.270 82.560
492.990 4.240 64.523
493.000 4.590 60.184
493.010 4.330 62.553
493.020 4.490 71.825
493.030 5.200 48.445
493.050 5.940 49.192
493.060 5.550 43.906
493.220 5.780 39.735
493.230 5.740 64.726
493.300 5.970 38.062
493.350 5.990 83.035
493.640 5.640 55.230
493.830 5.950 87.393
493.840 5.770 40.990
494.030 5.920 80.580
494.140 4.580 80.650
494.150 4.660 60.178
494.160 4.740 61.103
494.170 4.800 74.769
494.180 4.590 53.318
494.190 4.150 47.342
494.200 4.770 62.905
494.210 5.390 75.694
494.220 4.380 62.292
494.230 4.790 74.934
494.240 5.700 86.402
494.250 5.160 69.376
494.260 4.470 59.501
494.270 4.970 82.067
494.280 5.500 80.337
494.300 5.440 60.481
494.310 4.540 80.684
494.320 4.310 59.486
494.330 4.100 56.779
494.340 4.350 62.101
494.350 4.120 64.251
494.370 4.140 56.730
494.380 4.260 34.632
494.390 4.370 47.676
494.400 4.750 58.094
494.410 4.770 88.618
494.430 4.480 80.940
494.440 5.200 89.424
494.450 3.970 78.187
494.460 4.590 58.390
494.470 3.960 65.389
494.480 4.430 50.652
494.490 4.370 70.859
494.510 4.460 88.226
494.520 5.310 58.065
494.530 4.440 16.843
494.540 5.540 56.098
494.550 4.600 67.257
494.560 4.180 46.292
494.570 4.480 28.859
494.580 4.670 79.081
494.590 4.670 71.461
494.640 5.050 82.658
494.650 4.330 60.237
494.660 4.210 67.386
494.670 4.930 83.437
494.690 4.810 81.479
494.700 4.810 87.221
494.720 5.170 88.991
494.730 4.390 50.737
494.740 4.300 75.070
494.750 4.680 57.273
494.760 4.690 89.384
494.770 4.320 61.547
494.780 4.530 82.792
494.790 4.340 69.316
494.800 4.290 57.710
494.810 3.830 64.099
494.820 4.060 72.031
494.840 4.960 88.855
494.850 4.510 69.445
494.860 5.200 83.341
494.910 5.880 89.940
494.920 5.000 82.830
494.950 5.310 89.466
494.980 4.370 60.191
494.990 4.250 51.103
495.000 4.640 78.094
495.010 4.810 69.564
495.020 4.500 53.277
495.030 3.820 66.471
495.040 5.020 76.513
495.050 4.430 82.070
495.060 3.950 75.098
495.080 4.820 88.305
495.090 4.150 61.023
495.100 4.470 79.039
495.110 4.200 88.356
495.120 3.850 85.388
495.140 4.700 72.920
495.160 4.270 45.696
495.170 4.770 61.608
495.180 5.000 82.857
495.190 4.460 56.401
495.200 4.750 54.959
495.210 4.770 79.675
495.220 4.440 81.614
495.230 4.810 80.073
495.240 4.990 59.536
495.260 4.260 34.179
495.270 3.890 75.512
495.280 4.370 58.996
495.290 4.710 67.329
495.300 4.210 68.544
495.310 4.230 79.675
495.320 4.230 79.620
495.330 4.680 81.722
495.340 4.840 73.948
495.350 4.910 63.571
495.400 5.960 70.852
495.440 5.780 79.983
495.460 5.500 42.637
495.470 5.090 75.942
495.790 5.830 85.681
495.870 5.910 59.015
495.980 5.470 81.490
496.270 5.820 76.888
496.280 5.660 59.035
496.290 5.560 57.748
496.530 5.470 64.615
496.540 4.870 74.616
496.560 5.800 88.682
496.570 5.800 89.556
496.690 5.750 87.800
496.780 4.580 75.054
496.790 3.870 87.737
496.800 3.740 70.411
496.820 3.650 56.543
496.830 3.740 72.131
496.850 4.830 85.298
496.860 4.740 89.066
496.870 4.420 83.369
496.910 4.210 80.875
496.920 4.330 86.880
496.930 4.590 86.596
496.950 4.570 80.438
496.960 4.660 79.926
496.970 4.530 88.039
496.980 5.410 56.795
497.000 4.570 66.123
497.010 4.810 77.281
497.020 4.360 64.345
497.030 4.780 78.208
497.040 4.750 88.950
497.050 4.120 60.777
497.130 4.450 79.204
497.150 4.700 72.360
497.160 4.850 83.589
497.170 4.270 89.254
497.180 4.610 88.471
497.190 4.210 87.770
497.210 4.370 71.450
497.220 4.940 71.441
497.240 4.540 78.942
497.250 4.810 88.708
497.270 4.610 85.209
497.290 4.490 82.489
497.300 4.730 71.801
497.310 4.610 70.582
497.320 4.630 84.609
497.330 4.970 80.211
497.340 4.500 85.181
497.350 4.570 71.769
497.360 4.690 68.812
497.370 5.050 57.751
497.380 4.980 55.257
497.390 4.190 77.177
497.400 5.240 69.671
497.410 4.790 72.920
497.420 4.880 83.156
497.430 4.670 70.578
497.450 4.740 73.207
497.480 5.020 84.267
497.490 4.830 79.044
497.500 4.440 82.092
497.510 4.490 86.014
497.520 5.090 86.451
497.530 5.710 87.632
497.590 5.840 86.151
497.600 5.760 85.346
497.730 5.940 75.804
497.800 5.970 70.279
497.850 5.710 79.469
497.860 5.480 73.179
497.870 5.380 63.287
497.880 5.050 75.976
497.890 4.710 37.422
497.920 4.750 31.989
498.120 5.100 78.322
498.130 4.960 86.306
498.140 4.560 75.519
498.190 4.770 84.917
498.210 4.810 82.353
498.220 4.950 85.870
498.230 4.910 80.136
498.280 5.880 79.212
498.430 3.880 76.197
498.450 3.970 87.718
498.460 3.730 75.752
498.470 4.060 67.697
498.480 3.730 84.299
498.490 3.790 76.185
498.500 4.260 83.659
498.510 4.120 63.824
498.520 3.940 80.768
498.540 4.680 77.207
498.550 4.200 81.843
498.560 3.970 88.124
498.570 4.040 51.489
498.580 4.750 75.794
498.590 5.940 67.830
498.600 4.130 62.334
498.610 4.680 59.359
498.630 4.120 66.909
498.640 4.630 80.322
498.650 4.020 47.386
498.660 4.160 69.129
498.670 4.920 75.526
498.680 4.480 56.692
498.700 5.940 86.808
498.710 4.540 67.464
498.720 4.160 49.405
498.730 4.780 66.754
498.740 5.080 67.886
498.750 4.840 63.800
498.760 5.120 77.888
498.770 5.130 81.340
498.790 4.760 76.485
498.800 4.320 81.881
498.810 4.730 82.575
498.820 4.990 78.048
498.830 4.710 44.727
498.840 4.320 71.311
498.850 3.990 67.443
498.860 4.270 70.114
498.870 4.600 81.610
498.880 4.520 75.686
498.890 4.090 48.760
498.900 3.910 57.489
498.910 4.580 68.562
498.920 5.440 88.048
498.930 4.880 84.478
498.940 4.560 75.524
498.960 4.380 69.572
498.970 3.820 67.864
498.980 4.380 49.939
498.990 4.030 52.792
499.000 4.570 58.067
499.010 4.420 68.351
499.020 4.110 65.935
499.030 3.780 77.918
499.040 4.400 72.740
499.050 3.960 57.654
499.070 5.120 83.067
499.080 4.770 84.624
499.110 3.910 82.870
499.120 4.430 73.543
499.140 4.850 80.220
499.160 4.420 66.674
499.180 4.220 52.036
499.200 4.700 66.715
499.220 4.720 71.529
499.230 4.650 80.204
499.240 4.480 84.331
499.260 4.190 79.713
499.270 4.490 77.945
499.280 3.780 80.193
499.300 4.140 68.002
499.310 3.860 72.430
499.330 3.840 87.229
499.340 3.840 74.919
499.350 4.190 58.273
499.360 4.130 89.748
499.370 4.180 54.277
499.380 4.830 18.599
499.390 4.100 44.509
499.400 4.330 41.903
499.410 4.820 78.434
499.420 4.350 68.851
499.430 4.220 54.368
499.450 4.040 57.075
499.460 4.690 53.014
499.470 4.640 44.456
499.480 4.250 65.167
499.490 4.320 42.993
499.500 4.330 52.307
499.510 4.040 61.192
499.520 4.080 40.785
499.530 4.620 47.120
499.540 4.650 67.668
499.550 4.360 72.485
499.560 3.820 88.977
499.570 4.040 67.563
499.580 4.190 68.450
499.590 4.350 76.445
499.600 3.830 64.722
499.610 4.140 42.654
499.630 4.540 77.210
499.640 4.350 56.741
499.650 4.410 71.082
499.670 4.130 53.825
499.680 4.170 81.328
499.690 4.480 65.608
499.700 4.370 83.945
499.720 4.320 83.833
499.740 4.400 89.772
499.770 4.330 88.978
499.790 4.030 81.448
499.800 4.380 84.726
499.810 3.910 83.652
499.820 4.220 86.143
499.830 3.880 69.424
499.840 4.120 73.370
499.850 3.910 86.445
499.870 4.140 72.339
499.880 4.220 56.103
499.890 4.310 46.154
499.900 4.420 62.216
499.910 4.580 42.513
499.920 4.120 73.602
499.930 4.550 84.862
499.940 5.280 73.132
499.950 5.940 85.133
499.960 5.860 81.968
500.220 5.810 83.006
500.260 5.220 89.796
500.280 5.800 87.591
500.330 5.770 82.590
500.710 5.850 71.391
501.420 5.040 84.000
501.430 5.840 89.122
501.670 5.640 57.611
501.680 5.910 71.657
501.770 5.450 56.318
501.850 5.830 87.128
501.910 5.940 63.676
501.930 5.530 62.259
502.940 5.810 89.079
502.990 5.580 84.121
503.150 5.680 82.741
503.180 5.810 65.657
503.270 5.940 75.436
503.440 5.510 79.404
503.450 3.970 80.162
503.460 4.060 63.331
503.470 4.090 62.053
503.480 4.210 79.127
503.500 4.960 84.920
503.510 4.280 72.762
503.520 4.940 87.865
503.530 4.890 77.316
503.550 5.380 83.036
503.570 5.390 88.567
503.600 4.370 87.330
503.610 4.630 85.014
503.630 4.420 75.229
503.650 4.570 84.321
503.740 4.140 80.346
503.770 4.270 63.903
503.780 3.890 75.313
503.790 4.130 62.950
503.800 4.410 84.467
503.810 3.790 68.953
503.820 4.120 70.140
503.830 4.250 63.740
503.840 4.190 81.480
503.860 4.080 78.210
503.870 4.530 72.031
503.880 4.050 51.908
503.890 4.190 51.015
503.910 4.100 79.828
503.930 4.080 84.434
503.950 4.000 71.922
503.960 3.940 79.491
503.970 3.950 75.257
503.990 4.590 63.337
504.000 4.290 74.481
504.010 4.390 76.080
504.020 4.330 74.420
504.030 4.060 86.202
504.040 4.410 86.410
504.080 3.850 58.125
504.090 4.640 78.254
504.100 4.230 75.365
504.110 4.020 71.758
504.120 4.390 78.246
504.160 4.240 78.192
504.170 4.400 82.171
504.180 4.370 77.089
504.200 4.220 85.239
504.210 3.990 70.326
504.220 4.400 88.763
504.230 4.050 74.504
504.240 3.940 71.299
504.250 4.160 59.365
504.260 4.350 57.669
504.280 4.010 79.235
504.320 4.320 83.970
504.330 4.320 79.844
504.340 4.140 77.800
504.350 4.180 62.975
504.360 4.590 65.739
504.370 4.140 66.197
504.380 4.140 65.322
504.390 4.620 77.727
504.400 4.270 57.715
504.410 4.080 70.555
504.420 4.180 46.387
504.430 4.420 68.038
504.440 4.310 89.148
504.450 4.830 72.671
504.460 4.680 70.013
504.480 4.740 88.751
504.520 4.990 87.927
504.530 4.120 60.158
504.540 3.880 75.502
504.560 3.990 63.619
504.570 3.990 68.833
504.580 3.960 86.363
504.590 4.070 84.962
504.600 4.120 74.212
504.610 4.240 66.046
504.620 3.920 83.200
504.630 4.430 71.832
504.640 4.380 35.043
504.650 3.960 73.931
504.670 4.090 55.584
504.680 4.420 70.860
504.690 4.160 69.393
504.700 3.970 51.489
504.760 4.790 78.914
504.770 4.440 61.016
504.780 4.850 77.409
504.790 4.600 63.444
504.800 4.500 41.937
504.810 4.930 77.454
504.820 5.390 86.002
504.830 4.910 89.669
504.840 5.130 70.485
504.850 5.270 87.407
504.870 4.380 78.996
504.880 4.340 71.873
504.890 4.560 72.544
504.980 4.910 79.315
505.020 4.990 84.801
505.030 4.770 72.379
505.040 5.090 86.633
505.050 4.930 78.073
505.060 4.840 71.607
505.070 5.030 86.434
505.080 4.400 72.179
505.090 4.890 74.953
505.110 4.580 60.430
505.120 4.780 84.430
505.130 4.740 77.662
505.140 4.870 76.091
505.170 4.450 60.375
505.180 4.860 76.824
505.190 4.770 77.395
505.200 4.020 44.451
505.210 4.070 75.402
505.220 4.150 58.416
505.230 4.400 88.420
505.240 4.480 60.203
505.250 3.910 63.907
505.260 4.180 67.783
505.270 4.980 48.635
505.280 4.050 28.207
505.290 4.160 46.894
505.300 4.330 70.902
505.310 3.890 64.190
505.320 4.380 37.958
505.330 4.380 55.839
505.340 3.920 49.563
505.350 4.540 68.975
505.360 4.400 40.410
505.400 4.290 58.116
505.420 4.360 73.869
505.430 4.420 69.325
505.440 4.120 74.152
505.450 4.830 84.215
505.460 4.080 45.246
505.470 4.320 77.788
505.480 4.610 65.673
505.490 3.920 88.616
505.510 3.950 71.160
505.520 3.910 71.087
505.550 3.860 66.856
505.560 3.740 81.957
505.570 3.930 85.022
505.580 3.800 80.513
505.590 3.960 61.958
505.610 3.860 84.410
505.630 3.920 80.564
505.650 4.190 81.990
505.660 4.370 76.480
505.670 4.340 62.678
505.680 3.950 54.259
505.690 3.970 58.798
505.700 4.220 72.134
505.720 4.060 84.755
505.730 4.190 89.895
505.750 4.730 62.970
505.770 4.310 64.126
505.780 4.220 61.947
505.790 4.170 83.454
505.800 4.650 81.248
505.810 4.300 78.842
505.820 4.090 67.679
505.830 4.720 59.248
505.840 4.640 54.301
505.850 4.110 69.635
505.860 4.140 77.451
505.870 3.960 74.253
505.880 4.510 76.278
505.900 4.620 29.377
505.910 3.950 88.112
505.920 4.210 45.434
505.930 4.320 36.472
505.940 4.140 78.712
505.950 4.680 67.702
505.960 4.830 71.156
505.970 4.760 84.391
505.980 4.490 74.494
505.990 4.140 41.172
506.000 4.550 36.352
506.010 4.330 38.420
506.020 4.590 55.529
506.030 4.770 74.737
506.040 4.750 63.965
506.050 4.560 64.750
506.060 4.760 49.491
506.080 4.220 61.633
506.090 4.560 32.255
506.100 4.320 41.651
506.110 4.170 62.096
506.120 4.310 50.790
506.130 4.870 52.789
506.140 4.200 75.213
506.150 4.070 71.808
506.160 4.030 82.462
506.170 4.080 80.219
506.180 3.850 62.480
506.200 4.020 80.480
506.210 4.040 85.348
506.220 4.000 77.726
506.230 4.270 72.008
506.240 4.560 80.328
506.250 4.320 58.902
506.260 4.370 66.230
506.270 3.950 68.212
506.280 4.710 38.412
506.290 5.000 75.432
506.300 4.190 53.074
506.310 4.250 76.584
506.320 4.460 53.281
506.330 4.360 68.009
506.350 3.860 74.656
506.360 4.210 59.194
506.370 5.600 84.985
506.380 4.680 63.902
506.390 4.210 70.251
506.410 4.910 71.061
506.440 4.880 48.129
506.450 4.770 88.153
506.470 5.040 79.100
506.510 4.310 83.067
506.560 5.160 81.812
506.570 4.700 87.404
506.600 4.130 48.664
506.610 4.430 53.002
506.620 4.340 70.167
506.630 4.330 35.715
506.640 4.030 64.188
506.650 4.360 59.598
506.660 4.170 67.644
506.670 4.040 56.596
506.680 4.630 78.468
506.690 4.220 41.740
506.700 4.160 72.672
506.710 4.750 64.416
506.720 5.040 39.897
506.730 4.110 87.663
506.740 4.180 89.236
506.750 4.260 83.788
506.760 4.190 78.116
506.780 4.140 70.738
506.790 4.430 71.238
506.800 5.270 89.323
506.810 4.560 80.130
506.830 3.950 72.982
506.840 4.150 72.916
506.850 3.870 81.594
506.860 4.410 79.372
506.880 4.160 49.248
506.890 3.870 73.505
506.900 3.940 89.264
506.920 3.930 70.344
506.940 4.450 83.390
506.970 4.230 40.771
506.980 4.660 78.281
506.990 4.300 76.761
507.000 4.370 81.896
507.010 4.240 78.603
507.020 4.160 85.709
507.040 4.830 49.587
507.050 4.440 87.893
507.060 3.890 82.414
507.070 4.260 84.640
507.080 4.390 85.496
507.090 3.940 61.775
507.110 3.860 48.988
507.120 3.940 78.759
507.130 4.190 51.994
507.140 4.130 61.779
507.150 4.380 47.396
507.160 4.050 83.058
507.170 4.540 87.113
507.220 3.800 87.461
507.230 4.110 67.503
507.240 4.020 71.572
507.250 4.900 68.033
507.260 4.170 67.860
507.270 4.160 61.395
507.280 4.190 67.870
507.290 4.130 35.798
507.300 4.590 41.354
507.310 4.420 87.134
507.320 4.680 85.721
507.340 4.700 80.931
507.350 4.620 88.206
507.360 4.550 50.675
507.370 4.020 58.861
507.380 3.780 83.670
507.390 4.080 67.777
507.400 4.150 64.899
507.410 4.050 72.012
507.420 4.100 89.553
507.430 3.940 85.850
507.440 4.080 71.072
507.450 4.470 65.727
507.460 4.210 78.749
507.470 4.500 74.374
507.480 4.450 70.770
507.490 4.170 61.060
507.500 3.690 67.101
507.540 3.860 59.418
507.550 4.080 85.875
507.560 4.190 79.419
507.570 4.300 80.796
507.590 4.300 77.158
507.600 3.870 70.383
507.610 4.040 67.281
507.620 4.140 67.052
507.630 4.220 67.171
507.660 5.160 86.540
507.720 3.970 68.880
507.740 4.230 87.557
507.750 4.220 76.856
507.760 4.230 88.373
507.770 4.280 89.865
507.780 4.540 61.398
507.790 4.120 54.033
507.800 4.940 27.293
507.810 4.030 85.601
507.820 3.730 49.161
507.830 3.980 71.802
507.840 4.220 77.820
507.850 4.620 71.606
507.860 3.930 74.941
507.870 4.180 73.365
507.880 5.060 86.911
507.890 4.400 78.718
507.900 3.910 75.118
507.910 3.890 63.178
507.930 3.980 71.721
507.940 3.880 84.236
507.950 4.390 77.576
507.960 4.440 61.163
507.970 4.470 60.143
507.980 4.970 77.064
507.990 4.580 81.962
508.000 4.300 63.250
508.010 4.110 60.822
508.020 4.460 53.451
508.030 4.230 81.412
508.040 3.660 75.442
508.050 3.940 80.767
508.070 3.980 87.007
508.080 4.990 64.220
508.090 4.440 71.271
508.100 4.640 89.620
508.110 4.550 71.441
508.120 4.100 88.478
508.140 3.830 79.764
508.150 4.550 72.674
508.170 4.020 88.638
508.180 4.150 48.510
508.190 4.550 77.545
508.210 4.640 78.693
508.240 5.740 89.608
508.270 4.340 59.788
508.280 4.400 57.473
508.290 4.460 85.928
508.310 4.170 72.615
508.320 5.130 75.778
508.330 4.060 82.005
508.340 4.430 81.734
508.370 3.820 62.451
508.400 4.350 61.144
508.410 4.340 71.692
508.420 4.320 88.063
508.430 4.450 69.597
508.440 4.250 37.581
508.450 5.970 69.030
508.460 5.300 74.556
508.470 4.740 50.314
508.480 5.750 78.199
508.490 5.330 69.913
508.510 4.500 47.153
508.520 5.390 70.142
508.600 5.360 63.162
508.610 4.840 83.282
508.920 5.000 4.226
508.930 4.850 22.077
508.940 4.910 37.695
508.950 5.030 60.109
508.960 4.510 36.049
508.990 3.980 85.225
509.000 3.790 79.679
509.010 3.920 66.583
509.070 3.810 83.610
509.110 3.750 78.556
510.150 5.730 83.255
510.430 5.610 76.857
510.440 5.220 65.478
510.460 5.460 86.997
510.490 4.480 77.539
510.500 4.630 89.071
510.520 4.830 81.599
510.540 5.250 77.247
510.550 4.540 88.598
510.560 4.770 82.209
510.610 4.580 81.203
510.650 4.950 81.058
510.660 4.860 86.793
510.680 4.760 79.239
510.740 5.320 74.447
510.750 4.410 87.539
510.760 4.880 84.964
510.790 4.430 79.444
510.800 4.930 84.990
510.810 4.890 86.248
510.830 4.910 67.676
510.840 4.840 74.212
510.850 5.250 87.912
510.870 4.490 74.166
510.890 4.000 46.037
510.910 4.030 74.236
511.010 4.400 71.941
511.160 4.060 81.947
511.420 4.160 85.339
511.570 4.020 87.796
511.740 5.730 83.285
512.340 5.510 58.865
512.400 5.290 82.101
512.410 5.820 39.992
512.460 5.640 87.970
512.480 5.510 88.537
512.500 5.730 75.082
512.510 5.880 84.084
512.740 4.890 76.446
512.780 4.890 49.183
512.810 4.740 78.199
513.760 4.930 86.454
514.910 5.200 87.079
514.970 4.470 87.390
514.980 4.990 89.927
514.990 5.020 75.160
515.000 5.540 89.444
515.010 4.590 87.181
515.050 4.130 70.781
515.060 4.630 86.508
515.080 4.970 89.736
515.250 5.840 86.106
515.290 5.980 66.722
515.340 5.860 73.552
515.360 5.840 45.068
515.440 5.390 79.621
515.450 4.670 76.005
515.460 5.280 89.397
515.490 5.650 28.458
515.530 5.300 82.971
515.630 5.070 86.568
515.640 5.090 70.859
515.650 5.880 85.808
515.680 5.480 88.864
515.710 5.040 43.560
515.730 5.870 47.603
515.780 4.510 67.621
515.790 4.210 83.252
515.800 4.300 85.059
515.830 4.020 76.951
515.940 4.200 86.474
516.090 3.750 81.001
516.140 3.930 84.571
516.160 4.080 89.792
516.180 3.890 67.680
516.200 3.910 89.742
516.340 4.280 88.899
516.490 5.920 80.417
516.550 5.950 86.965
516.630 5.940 73.550
516.690 5.880 85.599
516.960 4.640 40.342
516.970 5.270 68.590
516.980 4.670 67.501
516.990 4.710 55.796
517.000 4.430 89.129
517.010 4.290 43.369
517.020 4.180 53.523
517.030 4.430 38.155
517.040 4.160 68.885
517.050 4.090 67.583
517.060 4.110 53.530
517.070 4.380 81.475
517.080 4.280 77.205
517.090 4.300 71.463
517.100 4.080 61.161
517.110 4.090 58.132
517.120 4.660 51.540
517.130 4.780 81.647
517.140 4.140 48.169
517.150 3.890 88.043
517.160 4.070 62.366
517.170 4.450 70.653
517.180 4.430 46.844
517.190 4.550 65.253
517.200 4.620 49.033
517.210 4.500 39.141
517.220 4.740 89.803
517.240 4.400 80.613
517.250 4.420 79.646
517.260 4.490 29.628
517.270 5.050 59.769
517.280 4.330 78.320
517.290 5.210 68.842
517.310 4.570 63.003
517.320 4.820 43.763
517.330 4.850 65.315
517.340 4.620 70.770
517.350 4.850 74.318
517.360 4.730 88.824
517.390 4.350 69.980
517.400 5.000 88.871
517.420 4.680 49.399
517.430 4.590 70.387
517.440 4.530 86.911
517.450 4.860 81.326
517.460 4.760 73.923
517.470 4.680 67.716
517.480 3.980 73.717
517.490 4.210 52.436
517.500 4.490 34.522
517.510 4.080 75.156
517.530 4.160 78.607
517.540 4.680 74.418
517.550 4.480 47.826
517.560 4.150 73.182
517.570 5.160 23.961
517.580 4.270 71.393
517.590 4.790 56.302
517.600 4.040 71.138
517.610 4.970 77.005
517.620 3.980 76.202
517.630 4.330 66.424
517.640 5.100 82.399
517.660 4.950 72.633
517.690 4.070 53.326
517.710 4.300 78.849
517.720 4.040 61.488
517.730 4.470 75.774
517.750 3.950 70.958
517.760 4.580 76.267
517.770 4.640 84.356
517.790 4.510 72.524
517.800 5.030 88.618
517.810 4.160 81.753
517.820 4.220 89.717
517.830 4.810 82.717
517.840 5.120 52.072
517.930 5.680 77.249
517.940 4.620 73.510
517.950 4.660 51.436
517.960 4.240 63.421
517.970 3.980 57.563
517.980 4.230 65.114
517.990 4.490 88.961
518.000 5.170 65.184
518.010 4.530 49.036
518.030 4.300 73.163
518.040 4.110 63.984
518.050 4.250 57.431
518.060 4.580 73.245
518.070 4.190 62.575
518.080 4.340 71.723
518.090 4.110 79.363
518.100 4.470 76.220
518.110 4.270 62.198
518.120 3.800 66.405
518.130 4.550 53.774
518.140 4.080 60.605
518.150 4.200 73.398
518.160 4.330 35.798
518.170 4.640 84.243
518.180 4.520 74.589
518.190 4.010 61.458
518.200 4.370 62.091
518.210 4.570 52.277
518.220 4.290 84.951
518.230 4.390 81.608
518.240 4.580 76.921
518.250 4.230 66.626
518.260 4.170 49.309
518.270 4.690 43.556
518.280 4.620 60.325
518.290 4.060 44.959
518.300 3.970 61.356
518.310 4.050 61.659
518.320 4.370 73.848
518.330 4.120 53.380
518.340 4.310 68.036
518.350 4.410 65.035
518.360 4.240 50.323
518.380 4.530 61.888
518.390 4.790 75.772
518.400 4.260 76.326
518.410 4.880 72.494
518.420 4.520 78.494
518.430 4.380 84.880
518.440 4.270 47.781
518.460 4.300 52.602
518.470 4.410 69.146
518.480 4.120 78.539
518.490 4.180 78.914
518.500 4.300 83.300
518.510 4.360 56.990
518.520 4.450 53.385
518.530 3.790 76.717
518.540 4.190 57.459
518.550 4.010 85.240
518.570 4.250 87.375
518.590 3.650 84.526
518.600 4.120 70.110
518.610 4.050 75.160
518.620 4.430 56.765
518.640 4.340 66.184
518.650 4.840 53.376
518.660 4.310 85.745
518.670 4.790 78.280
518.680 4.360 74.005
518.690 4.070 55.574
518.700 4.260 59.491
518.710 4.870 60.273
518.720 4.510 73.565
518.730 4.290 59.612
518.740 4.240 68.974
518.750 4.300 69.035
518.760 4.140 56.200
518.770 3.790 80.313
518.780 4.050 72.828
518.790 4.180 71.514
518.800 4.050 81.430
518.810 4.200 58.370
518.820 4.160 60.305
518.830 3.980 63.147
518.840 3.760 74.583
518.850 3.980 75.165
518.860 3.910 82.785
518.870 3.830 64.369
518.880 4.190 33.549
518.890 5.100 68.128
518.900 4.810 79.470
518.920 4.690 66.747
518.930 4.650 62.989
518.940 4.320 80.334
518.950 4.230 60.809
518.960 3.950 60.824
518.970 4.340 47.007
518.980 4.160 60.275
518.990 5.130 83.367
519.000 4.730 45.160
519.010 4.310 42.655
519.020 4.820 86.310
519.030 4.790 65.644
519.040 3.880 65.977
519.050 4.590 64.001
519.060 4.190 59.517
519.070 4.450 57.428
519.080 4.520 28.580
519.090 4.770 52.985
519.100 4.620 72.150
519.110 4.270 67.898
519.120 4.380 67.651
519.130 4.050 61.580
519.140 4.180 73.860
519.150 5.140 82.372
519.170 4.420 61.078
519.180 4.660 38.041
519.190 4.750 48.771
519.200 4.150 77.939
519.210 4.260 21.428
519.220 4.060 47.241
519.230 4.080 82.556
519.240 4.150 67.504
519.250 4.470 51.467
519.260 4.430 51.455
519.270 4.010 73.524
519.280 4.650 43.628
519.290 3.860 80.630
519.300 3.770 62.935
519.310 3.860 73.009
519.340 4.290 68.563
519.350 4.570 58.858
519.360 4.320 69.244
519.370 4.170 60.524
519.380 4.000 72.045
519.390 4.000 61.645
519.400 4.040 70.706
519.410 4.600 58.271
519.420 4.890 52.133
519.430 3.940 83.701
519.440 4.010 66.356
519.450 3.930 64.877
519.470 4.310 80.256
519.480 4.020 67.781
519.490 4.370 75.155
519.500 4.140 32.854
519.510 4.280 59.664
519.520 4.190 70.635
519.530 4.100 53.795
519.540 4.480 59.769
519.550 4.680 83.355
519.570 4.900 58.948
519.580 4.220 58.762
519.590 4.990 78.632
519.600 4.450 88.470
519.610 4.230 83.684
519.620 4.270 60.066
519.630 4.040 52.476
519.640 4.880 75.655
519.650 4.500 81.213
519.660 4.460 81.816
519.670 4.650 73.997
519.680 3.820 80.925
519.690 3.680 80.045
519.700 4.280 75.153
519.710 3.780 75.253
519.720 3.910 58.423
519.740 4.090 86.101
519.760 4.080 84.014
519.770 3.920 80.742
519.780 3.770 81.399
519.800 3.930 72.757
519.810 4.030 74.716
519.820 4.100 71.333
519.830 3.800 67.771
519.850 4.190 52.683
519.860 4.340 55.427
519.870 4.250 72.627
519.880 4.210 51.743
519.890 4.880 64.670
519.900 5.000 70.817
519.920 4.200 35.744
519.930 4.960 35.571
519.940 4.530 19.783
519.950 4.490 38.466
519.960 4.710 29.077
519.970 4.540 29.942
519.980 4.430 44.241
519.990 4.350 31.484
520.000 5.730 59.809
520.010 4.950 28.240
520.020 4.400 45.156
520.030 3.850 57.235
520.040 4.530 59.455
520.050 4.320 42.293
520.060 4.360 58.978
520.070 4.030 85.500
520.080 4.840 59.329
520.090 4.110 75.574
520.110 4.080 67.660
520.130 3.830 74.143
520.140 3.960 81.261
520.150 4.350 68.769
520.160 4.320 82.485
520.170 5.240 30.572
520.190 4.660 80.870
520.210 4.650 87.906
520.230 6.000 76.457
520.290 5.220 82.754
520.370 4.980 80.668
520.380 3.960 58.860
520.390 4.370 64.955
520.400 4.760 89.755
520.410 3.890 83.649
520.420 4.260 86.309
520.430 4.330 84.251
520.440 3.930 62.434
520.450 4.560 70.689
520.460 4.290 49.902
520.470 4.280 64.508
520.480 3.940 67.697
520.490 4.170 71.512
520.500 4.960 64.012
520.510 4.120 55.347
520.520 4.390 48.372
520.530 4.550 33.530
520.540 4.210 58.594
520.560 4.500 74.754
520.570 4.110 70.034
520.580 4.910 80.669
520.590 4.120 78.629
520.610 4.060 78.191
520.620 4.240 60.682
520.630 4.280 53.171
520.640 4.110 75.201
520.650 4.200 57.527
520.660 3.920 61.492
520.670 3.930 64.051
520.680 4.370 55.797
520.690 4.550 83.061
520.700 4.120 66.252
520.710 3.910 65.908
520.720 4.200 31.794
520.730 4.110 65.395
520.740 4.310 89.586
520.750 4.190 84.961
520.760 4.330 70.189
520.770 4.230 87.937
520.780 4.530 72.537
520.790 4.380 68.576
520.800 4.000 71.793
520.820 4.640 83.315
520.840 4.470 60.495
520.860 4.480 63.272
520.870 4.100 65.859
520.880 4.240 73.276
520.890 4.020 68.958
520.900 4.110 88.388
520.910 4.200 66.502
520.920 4.030 61.838
520.940 3.940 80.110
520.950 4.000 81.245
520.960 4.460 74.853
520.970 4.530 73.947
520.990 4.370 39.451
521.000 4.240 80.905
521.010 3.980 85.505
521.020 3.770 73.964
521.030 4.500 76.974
521.040 4.430 71.116
521.050 4.530 76.388
521.060 3.890 68.760
521.080 4.170 89.928
521.140 4.190 66.739
521.170 3.730 82.253
521.180 4.590 57.587
521.190 4.890 52.289
521.200 5.080 62.793
521.210 4.810 76.788
521.220 4.460 77.227
521.230 3.900 58.679
521.240 4.900 56.619
521.250 3.860 86.005
521.260 5.120 59.617
521.270 4.880 38.461
521.280 4.370 76.305
521.290 4.000 61.130
521.300 4.060 37.763
521.310 4.160 51.122
521.320 4.660 71.100
521.330 4.810 69.396
521.340 4.540 77.722
521.350 5.080 73.774
521.360 4.140 63.301
521.370 4.460 41.277
521.380 4.250 69.438
521.390 4.250 49.937
521.400 4.060 60.674
521.410 4.250 34.343
521.420 4.380 36.357
521.430 4.430 48.093
521.440 4.530 45.471
521.450 4.590 60.528
521.460 4.900 63.891
521.470 4.510 17.914
521.480 4.600 47.971
521.490 4.370 82.682
521.500 4.830 58.908
521.520 4.700 47.778
521.530 4.140 68.324
521.540 3.760 62.658
521.550 4.140 86.126
521.560 4.300 51.163
521.570 4.140 61.386
521.600 4.520 45.596
521.610 4.550 65.516
521.620 4.780 68.335
521.640 5.030 47.886
521.650 4.450 42.745
521.660 4.160 52.220
521.700 5.400 85.662
521.710 4.630 81.476
521.720 5.070 75.348
521.730 4.610 72.152
521.880 4.520 56.381
521.890 4.400 62.023
521.900 4.520 63.635
521.910 5.400 39.603
521.920 4.800 48.516
521.930 4.510 27.574
521.940 4.370 54.421
521.950 4.370 32.466
521.960 4.520 46.649
521.970 4.270 42.383
521.980 4.570 60.458
521.990 4.460 66.744
522.000 4.780 51.573
522.010 4.490 46.566
522.020 4.500 26.336
522.030 4.310 44.089
522.040 4.880 42.480
522.050 4.840 7.862
522.060 4.500 31.796
522.070 5.400 15.161
522.080 4.190 84.606
522.090 4.680 34.424
522.100 4.540 32.679
522.110 4.930 7.707
522.120 5.130 28.992
522.130 4.910 21.273
522.140 4.440 31.227
522.150 4.600 32.692
522.160 4.100 56.323
522.170 4.580 60.404
522.180 4.580 61.696
522.190 4.120 73.788
522.200 4.620 65.058
522.210 4.720 20.563
522.220 4.400 87.367
522.230 4.940 37.709
522.240 4.460 68.146
522.250 4.310 44.166
522.260 4.110 68.128
522.270 4.420 54.611
522.280 4.390 31.853
522.290 4.150 54.079
522.300 4.310 31.736
522.310 3.920 47.162
522.320 4.780 43.399
522.330 4.990 48.708
522.340 4.840 33.960
522.350 4.820 51.272
522.360 4.440 52.085
522.370 5.640 19.391
522.380 4.650 50.350
522.390 4.350 61.764
522.400 4.080 81.128
522.410 3.930 74.521
522.450 4.390 76.488
522.470 4.410 85.566
522.490 4.820 80.411
522.540 4.220 82.959
522.550 4.490 86.001
522.560 4.150 55.448
522.570 4.330 54.969
522.580 4.090 70.963
522.600 4.440 83.383
522.620 4.190 74.897
522.630 4.160 73.630
522.640 4.000 76.548
522.650 4.720 62.723
522.660 4.390 76.856
522.680 3.830 71.495
522.720 3.960 71.278
522.740 4.290 88.054
522.760 4.240 66.835
522.770 4.550 74.199
522.780 4.280 63.619
522.790 4.590 80.115
522.800 4.550 70.134
522.810 4.320 67.572
522.820 3.870 72.567
522.830 4.090 70.334
522.840 4.270 75.312
522.850 4.520 82.781
522.860 4.140 66.366
522.870 4.580 82.173
522.910 4.150 83.039
522.920 4.150 66.898
522.930 4.410 75.687
522.940 4.180 78.594
522.950 4.460 86.934
522.960 4.930 89.749
522.970 4.420 86.223
522.980 3.990 70.570
522.990 4.250 75.868
523.000 4.050 80.099
523.010 3.690 78.354
523.030 4.200 69.324
523.040 4.380 69.745
523.050 4.150 76.892
523.060 3.750 88.335
523.070 3.810 67.252
523.080 4.010 63.204
523.090 4.340 62.585
523.100 4.040 83.974
523.110 3.860 77.945
523.120 3.800 88.105
523.140 4.110 82.117
523.160 4.090 83.682
523.180 3.940 51.173
523.190 4.310 71.375
523.200 4.140 59.198
523.220 4.020 85.772
523.230 4.260 78.368
523.240 4.370 78.769
523.250 4.470 79.517
523.260 4.390 76.591
523.270 4.640 82.802
523.280 4.040 52.982
523.290 4.480 59.475
523.300 3.900 79.989
523.310 4.190 87.348
523.320 4.440 77.826
523.340 4.050 86.658
523.350 4.180 39.235
523.360 4.890 38.651
523.380 3.910 61.803
523.390 4.040 56.464
523.400 4.140 70.762
523.410 4.130 69.152
523.420 4.200 59.543
523.430 3.980 76.108
523.440 4.160 86.192
523.450 4.170 76.322
523.460 4.170 56.804
523.470 4.260 66.661
523.480 4.960 49.745
523.490 4.610 79.616
523.500 4.250 79.494
523.520 4.160 57.721
523.540 3.990 80.865
523.550 4.070 70.482
523.570 5.490 87.138
523.580 4.780 35.556
523.590 4.460 64.306
523.600 4.460 42.430
523.610 4.250 80.530
523.620 4.180 69.169
523.630 4.010 78.080
523.640 4.020 62.343
523.650 3.770 73.678
523.660 3.930 62.090
523.670 4.240 65.957
523.680 3.800 79.668
523.710 4.140 81.187
523.720 4.220 81.444
523.750 4.280 53.377
523.770 5.780 85.569
523.850 3.880 75.855
523.870 4.080 73.628
523.880 3.980 88.356
523.890 5.170 88.508
523.900 4.040 68.929
523.910 4.000 78.865
523.920 4.050 72.034
523.930 4.130 82.787
523.940 3.750 73.435
523.950 4.120 77.159
523.960 4.010 84.024
523.970 3.910 83.710
523.980 4.330 72.530
524.000 4.080 76.106
524.010 3.720 52.276
524.020 3.990 78.612
524.030 4.180 54.513
524.040 3.990 85.703
524.060 4.000 86.552
524.070 4.280 71.539
524.080 4.220 76.966
524.130 4.460 59.919
524.140 4.160 62.725
524.150 4.870 76.314
524.160 4.340 72.802
524.170 4.290 51.478
524.180 4.730 55.157
524.190 4.990 84.027
524.200 4.420 54.665
524.210 4.150 42.203
524.230 4.440 76.921
524.250 4.480 80.373
524.260 4.820 72.464
524.270 4.020 88.592
524.280 3.920 85.220
524.290 3.870 74.428
524.300 4.200 71.315
524.310 4.690 81.438
524.320 4.210 80.304
524.330 4.270 84.616
524.350 3.820 63.359
524.380 4.050 74.608
524.390 4.270 86.663
524.400 4.120 85.651
524.410 4.100 85.525
524.420 4.150 78.101
524.430 4.150 72.051
524.440 4.050 69.225
524.450 3.850 70.212
524.470 4.490 47.889
524.480 4.230 79.733
524.500 4.240 68.792
524.510 4.430 71.947
524.520 4.170 51.935
524.530 4.750 74.463
524.540 4.740 51.541
524.550 3.980 58.112
524.560 4.650 44.890
524.570 4.630 54.433
524.580 4.630 73.864
524.590 5.060 84.213
524.600 4.110 63.680
524.610 4.800 71.581
524.620 4.900 72.270
524.630 4.740 66.110
524.640 4.170 80.820
524.650 4.380 58.098
524.660 4.570 46.402
524.670 4.330 64.497
524.680 3.930 81.082
524.690 4.120 77.987
524.700 3.840 67.122
524.730 4.150 57.126
524.740 4.480 85.120
524.750 4.400 88.259
524.760 4.220 57.684
524.770 4.070 28.617
524.780 4.530 84.422
524.790 4.220 76.579
524.800 3.980 82.014
524.810 4.070 65.281
524.840 4.450 72.636
524.950 5.840 88.880
524.970 4.480 77.199
525.100 5.410 88.184
525.120 4.820 80.145
525.130 5.040 79.776
525.150 5.190 82.921
525.180 5.850 83.918
525.190 5.490 83.262
525.280 5.580 89.479
525.290 5.320 87.861
525.300 4.590 80.062
525.360 4.700 71.543
525.410 5.760 89.090
525.430 5.070 63.860
525.440 4.670 62.825
525.450 4.430 56.424
525.460 4.230 62.431
525.470 4.440 60.913
525.480 4.530 72.425
525.500 4.950 77.593
525.510 4.620 85.266
525.530 5.760 89.248
525.560 5.300 76.260
525.610 4.480 69.600
525.620 5.050 83.476
525.640 4.530 79.217
525.650 3.780 71.344
525.660 4.420 78.645
525.670 3.920 42.924
525.680 4.470 70.812
525.690 4.470 83.308
525.700 4.800 50.508
525.710 4.640 74.448
525.720 4.430 37.774
525.730 4.460 44.525
525.740 4.220 44.350
525.750 4.550 76.946
525.760 4.740 60.900
525.770 4.420 78.483
525.780 4.510 54.520
525.790 5.310 35.016
525.800 4.850 87.955
525.810 4.830 70.058
525.820 4.560 63.574
525.830 4.060 56.604
525.840 4.330 79.327
525.850 3.900 87.994
525.860 4.180 49.713
525.890 4.390 57.086
525.900 4.220 67.517
525.910 4.550 67.710
525.940 4.100 81.468
525.950 4.800 89.251
525.960 5.210 69.236
525.970 4.740 77.415
526.020 5.190 88.670
526.050 5.050 72.034
526.060 4.950 59.753
526.070 4.640 63.443
526.080 4.590 85.250
526.090 4.440 57.923
526.100 5.570 50.982
526.110 5.170 38.072
526.120 5.090 63.495
526.130 4.650 87.254
526.160 4.560 79.907
526.180 4.890 85.936
526.210 5.350 86.379
526.220 5.350 80.116
526.260 5.750 89.491
526.300 5.980 80.502
527.970 5.650 66.642
527.980 5.130 73.352
527.990 4.670 80.588
528.000 5.300 81.313
528.650 5.850 73.295
528.660 5.520 74.301
528.670 5.780 61.713
528.680 5.530 77.192
529.620 5.020 79.584
529.630 4.870 87.625
529.640 5.650 87.267
530.800 4.880 73.450
530.830 4.590 66.632
530.840 4.680 87.723
530.860 4.670 71.162
530.870 4.740 89.762
530.880 4.650 70.976
530.900 4.880 66.735
530.920 4.930 72.141
530.940 5.000 77.409
530.950 4.710 66.236
530.960 4.710 87.794
530.970 4.520 66.775
530.980 4.440 79.901
530.990 4.690 76.099
531.000 4.690 77.172
531.010 4.520 84.936
531.020 4.790 87.008
531.030 4.630 77.984
531.040 5.630 46.657
531.050 5.020 56.766
531.060 4.590 68.648
531.100 4.670 74.254
531.120 5.050 89.058
531.140 4.800 73.766
531.520 4.950 86.704
531.530 4.650 75.966
531.540 5.230 86.015
531.560 4.660 76.065
531.580 4.340 70.752
531.590 4.510 60.575
531.600 4.680 68.399
531.610 4.960 72.638
531.620 4.540 61.033
531.630 5.140 61.797
531.650 4.910 68.870
531.660 4.840 83.992
531.670 4.990 79.380
531.700 4.630 80.530
531.710 5.010 56.786
531.720 4.550 81.054
531.730 4.830 89.696
531.740 4.610 60.754
531.760 4.670 81.049
531.770 4.380 85.482
531.790 4.590 80.227
531.800 4.490 83.520
531.810 5.440 71.784
531.820 4.590 81.636
531.830 4.660 86.160
532.010 6.000 74.684
532.050 5.980 86.001
532.170 5.710 76.577
532.300 5.750 71.376
532.340 4.790 69.629
532.350 4.510 73.880
532.360 4.670 64.726
532.370 4.580 73.418
532.390 4.940 89.335
532.400 4.830 51.597
532.410 4.990 45.545
532.420 4.760 56.618
532.430 4.440 65.155
532.440 5.320 69.617
532.470 5.690 57.224
532.480 5.480 56.424
532.500 5.740 61.605
532.510 5.300 74.116
532.530 5.560 88.679
532.540 4.990 66.920
532.930 5.150 78.693
532.950 4.900 81.547
532.960 5.000 81.837
533.210 4.600 76.267
533.220 5.910 68.180
533.250 5.990 46.614
533.260 4.650 67.704
533.270 5.150 87.741
533.280 4.690 62.538
533.300 4.970 87.886
533.320 4.910 55.242
533.370 4.620 85.672
533.380 4.510 81.335
533.390 4.650 87.429
533.400 5.080 84.083
533.410 4.350 65.850
533.430 5.120 83.305
533.440 4.940 76.129
535.170 5.510 70.715
535.190 4.960 63.436
535.200 4.380 51.395
535.210 5.040 84.869
535.240 4.680 52.275
535.250 4.810 81.721
535.270 4.900 84.741
535.280 4.630 43.629
535.300 5.490 74.033
535.320 4.770 78.693
535.330 4.690 68.026
535.350 4.460 39.379
535.430 5.060 68.663
535.450 4.440 65.212
535.460 4.920 65.136
535.480 4.970 84.032
535.570 6.000 74.823
535.650 4.520 82.985
535.660 4.540 65.700
535.670 4.680 68.114
535.690 4.640 58.817
535.700 4.970 66.339
535.790 5.920 77.351
535.820 5.660 88.092
544.700 5.010 49.680
544.710 5.650 32.257
546.980 5.770 63.162
547.010 5.680 82.223
547.050 5.400 75.373
547.070 5.670 74.930
547.080 5.730 72.102
547.090 5.500 71.084
547.100 5.480 83.760
547.110 4.350 53.900
547.120 5.760 69.244
547.130 5.940 61.874
547.140 4.580 51.369
547.150 4.270 68.674
547.160 4.410 70.283
547.170 4.290 40.755
547.190 5.300 58.359
547.200 5.670 80.714
547.210 4.620 60.761
547.220 5.140 58.739
547.230 5.040 31.876
547.240 5.100 73.854
547.250 4.750 47.457
547.260 5.300 75.839
547.270 5.420 54.553
547.280 5.230 65.894
547.290 4.860 42.606
547.300 4.890 28.366
547.310 3.940 50.699
547.320 4.410 59.225
547.330 4.730 37.099
547.340 4.990 73.581
547.350 4.730 47.831
547.360 4.970 65.475
547.370 5.610 75.622
547.380 5.490 82.189
547.390 5.330 74.259
547.400 4.930 66.816
547.410 5.200 81.860
547.420 5.890 84.929
547.430 5.730 78.178
547.440 5.530 79.016
547.460 5.600 80.995
547.470 4.940 76.883
547.480 5.270 75.767
547.500 5.300 82.562
547.520 5.940 70.399
547.540 5.880 74.149
547.770 5.630 88.551
547.850 5.710 80.505
547.880 5.970 87.835
548.090 5.530 72.239
548.120 5.810 77.985
548.130 5.890 77.426
548.150 5.600 88.100
548.290 5.430 77.862
548.320 5.870 84.840
548.330 5.710 74.270
548.350 5.590 61.060
548.370 5.420 84.862
548.380 5.950 75.221
548.390 5.490 89.688
548.460 4.710 88.717
548.470 5.140 73.014
548.500 5.370 83.702
548.520 5.640 77.951
548.750 4.340 88.700
548.770 4.820 82.425
548.840 5.530 89.800
548.970 5.130 82.212
548.990 4.310 78.854
549.010 4.310 82.543
549.020 4.040 78.958
549.030 4.810 81.412
549.160 3.860 87.111
549.300 3.750 87.735
549.310 3.830 77.170
549.330 4.280 84.646
549.560 5.440 75.823
549.640 5.430 79.168
549.650 6.000 88.030
549.820 4.560 74.264
549.840 5.040 88.827
549.850 4.290 89.667
549.870 3.660 85.671
549.920 4.420 83.898
550.210 4.190 89.208
550.240 5.310 80.084
550.370 5.860 82.466
550.540 5.060 48.061
550.550 4.650 83.834
550.570 4.720 86.332
550.580 4.880 80.080
550.590 4.720 80.074
550.600 5.370 87.776
550.610 5.160 64.582
550.620 4.630 61.659
550.630 4.240 54.150
550.640 3.760 72.761
550.660 4.450 55.329
550.670 3.960 61.861
550.680 4.490 78.440
550.690 4.080 74.703
550.700 4.420 27.202
550.710 5.000 84.710
550.720 4.640 89.681
550.730 4.150 57.861
550.760 4.960 88.897
550.790 5.060 85.753
550.800 5.110 72.394
550.860 4.180 70.916
550.870 4.280 47.623
550.880 4.130 68.812
550.890 5.240 81.923
550.900 4.360 71.989
550.910 4.820 65.621
550.930 3.830 71.208
550.940 4.330 50.408
550.950 4.270 48.922
550.960 4.640 52.217
550.970 4.520 70.167
550.980 4.730 79.550
551.000 4.850 54.984
551.020 5.030 63.809
551.080 4.370 57.171
551.090 4.320 65.206
551.100 4.410 67.775
551.110 4.810 82.821
551.130 5.180 83.545
551.140 4.740 83.971
551.150 4.200 70.364
551.160 4.810 86.316
551.180 6.000 89.207
551.460 4.250 89.425
551.470 4.520 74.514
551.780 5.720 83.691
551.860 5.630 88.752
551.870 5.220 87.782
551.900 4.550 84.510
551.920 4.710 62.699
551.930 4.470 66.967
551.940 4.860 77.071
551.960 4.030 54.261
551.970 4.990 87.495
552.130 5.240 82.479
552.140 5.330 67.274
552.170 4.390 76.538
552.180 4.950 81.911
552.190 5.990 89.040
552.200 5.970 68.489
552.210 5.190 88.878
552.220 4.950 83.826
552.230 3.980 50.369
552.270 5.070 84.274
552.280 4.070 71.578
552.290 4.650 47.403
552.300 4.890 88.673
552.310 5.580 70.867
552.320 4.670 68.219
552.330 5.190 82.088
552.340 4.840 67.314
552.350 4.060 78.311
552.360 4.360 59.150
552.370 4.260 86.468
552.390 4.240 81.269
552.400 4.370 65.470
552.410 4.620 66.311
552.420 4.940 67.379
552.450 4.580 67.817
552.490 4.600 36.383
552.500 4.430 60.154
552.510 5.110 69.380
552.550 5.000 88.592
552.570 5.190 70.428
552.580 4.240 56.574
552.590 5.860 85.473
552.600 4.570 43.960
552.610 4.000 57.372
552.620 4.270 45.557
552.630 4.280 68.806
552.640 5.070 83.805
552.650 4.830 48.810
552.660 4.840 83.245
552.670 4.720 69.033
552.680 4.640 70.356
552.690 4.590 67.171
552.700 4.700 70.389
552.710 4.720 82.916
552.720 4.120 56.913
552.730 4.360 74.175
552.750 5.410 83.452
552.760 4.900 72.610
552.770 4.700 50.666
552.780 4.440 85.900
552.790 4.370 68.819
552.800 4.660 76.785
552.810 3.950 66.958
552.820 4.770 78.357
552.830 4.590 62.744
552.840 4.240 84.386
552.850 4.840 66.624
552.870 5.700 89.338
552.890 5.840 71.781
552.900 4.430 89.640
552.910 4.520 66.859
552.920 4.610 62.520
552.930 4.690 33.411
552.940 4.230 68.604
552.950 3.810 42.922
552.960 4.340 64.927
552.970 4.280 72.396
552.980 4.510 70.448
553.000 5.250 48.006
553.010 5.700 86.802
553.020 5.500 68.117
553.030 4.420 64.650
553.060 4.270 52.252
553.070 4.870 71.166
553.080 4.770 72.481
553.120 5.290 89.281
553.130 4.310 44.100
553.140 3.880 70.587
553.150 3.970 76.048
553.170 5.030 49.132
553.180 4.670 41.533
553.190 4.880 47.272
553.200 3.770 81.308
553.210 3.940 67.203
553.220 4.450 60.803
553.230 4.410 52.704
553.240 4.370 46.018
553.250 4.270 55.824
553.260 4.150 70.907
553.270 4.260 67.035
553.280 4.210 74.864
553.290 3.920 80.117
553.300 3.890 81.612
553.310 3.950 66.337
553.320 4.430 78.662
553.330 4.210 70.491
553.340 4.680 80.381
553.350 3.970 68.034
553.360 3.900 71.189
553.370 4.040 53.857
553.380 4.260 58.875
553.390 4.440 72.298
553.400 4.590 41.337
553.410 4.300 42.363
553.420 4.000 59.127
553.430 4.400 52.115
553.440 4.170 83.222
553.450 4.320 79.747
553.470 4.770 69.631
553.480 4.090 81.856
553.490 4.420 73.260
553.500 4.190 72.196
553.510 4.810 23.568
553.520 4.180 82.540
553.540 4.200 79.479
553.550 4.370 88.893
553.570 4.780 51.798
553.580 3.970 88.549
553.590 4.410 82.765
553.600 4.590 57.142
553.610 4.210 64.537
553.620 4.790 47.223
553.630 4.790 77.308
553.660 4.810 40.236
553.670 4.570 49.736
553.680 4.650 77.391
553.690 4.630 28.972
553.700 4.480 48.236
553.710 4.420 80.764
553.730 4.090 86.266
553.740 4.470 71.633
553.750 4.500 66.857
553.760 5.050 86.279
553.770 5.250 81.436
553.780 4.340 67.793
553.790 4.560 22.039
553.800 4.620 48.641
553.810 4.460 48.764
553.820 4.560 54.562
553.830 5.180 37.679
553.840 4.240 45.978
553.860 5.590 80.713
553.880 4.560 79.950
553.890 4.410 79.695
553.900 4.230 52.209
553.910 4.840 49.792
553.920 4.400 70.142
553.950 4.300 76.616
553.990 4.090 56.218
554.000 4.210 72.918
554.010 4.900 81.171
554.020 4.610 86.143
554.030 4.840 52.578
554.040 4.420 86.717
554.050 4.280 64.307
554.060 4.880 83.239
554.070 4.430 84.982
554.080 4.600 61.926
554.090 4.050 60.079
554.100 4.650 86.498
554.110 4.410 61.111
554.120 4.800 41.499
554.130 4.290 54.774
554.150 4.060 78.612
554.160 4.180 77.042
554.170 4.200 70.845
554.180 4.460 79.900
554.200 4.140 74.123
554.210 4.320 74.773
554.220 4.600 80.728
554.230 3.980 56.060
554.240 4.870 46.415
554.260 4.270 72.483
554.270 4.530 37.799
554.280 4.130 63.383
554.290 4.240 78.545
554.300 4.420 70.728
554.310 4.340 84.407
554.320 5.270 78.265
554.340 4.880 58.825
554.350 4.740 80.910
554.360 4.040 53.945
554.460 4.350 40.840
554.470 5.370 89.697
554.500 4.180 74.300
554.510 4.830 79.940
554.520 4.300 69.836
554.540 5.410 74.235
554.550 4.460 68.540
554.560 4.630 83.328
554.630 4.600 65.785
554.640 4.360 73.228
554.650 4.590 88.634
554.660 4.760 74.312
554.670 4.480 80.548
554.680 4.570 82.321
554.700 4.800 56.362
554.710 4.380 77.675
554.720 5.090 88.436
554.790 4.940 82.932
554.800 5.230 78.739
554.860 4.450 68.115
554.870 4.330 88.374
554.880 5.210 82.370
554.890 4.850 72.799
554.900 5.110 68.242
554.910 5.490 89.812
554.920 4.970 79.744
554.930 5.050 63.700
554.940 4.910 82.005
554.980 5.320 88.943
554.990 4.760 79.979
555.000 4.300 61.810
555.020 4.930 89.760
555.030 5.470 73.516
555.050 4.220 78.299
555.060 4.260 66.090
555.070 4.630 70.382
555.080 4.480 69.243
555.100 4.730 76.321
555.120 4.320 84.875
555.130 4.420 69.070
555.140 5.000 83.012
555.240 5.310 84.539
555.250 4.300 82.302
555.260 4.170 35.598
555.270 4.540 57.314
555.280 4.680 52.763
555.290 4.140 68.426
555.300 4.600 76.915
555.310 4.070 58.552
555.330 5.590 73.536
555.360 4.520 73.095
555.370 4.270 49.739
555.380 4.190 87.433
555.420 4.310 58.888
555.430 4.230 47.991
555.440 4.740 24.426
555.450 4.000 43.048
555.460 4.240 81.183
555.480 3.650 82.807
555.500 3.730 85.628
555.510 4.810 45.026
555.520 4.050 65.143
555.530 3.800 87.355
555.540 4.290 82.734
555.550 4.060 88.201
555.570 4.170 57.606
555.590 3.980 79.589
555.600 4.400 71.217
555.640 4.410 68.917
555.660 4.800 60.053
555.670 5.370 86.008
555.680 4.250 64.030
555.690 4.620 81.018
555.720 4.410 77.267
555.730 4.240 71.105
555.800 5.750 83.904
555.810 5.330 77.762
555.820 4.060 63.053
555.830 3.830 89.525
555.840 4.060 73.893
555.850 5.290 55.081
555.870 5.380 88.865
555.900 4.570 69.708
555.910 4.770 86.539
555.920 5.270 84.836
555.930 4.240 65.157
555.940 5.130 77.453
555.950 5.110 60.150
555.960 4.260 77.134
555.990 4.330 72.862
556.000 4.300 79.248
556.010 3.800 73.930
556.020 3.840 71.851
556.030 4.380 62.983
556.040 4.020 82.177
556.050 3.920 71.277
556.070 3.740 85.303
556.080 4.680 61.983
556.090 3.880 51.055
556.100 3.980 70.845
556.110 4.340 54.982
556.120 4.250 86.264
556.130 5.130 63.759
556.150 3.920 81.495
556.160 3.680 78.755
556.170 4.430 72.739
556.180 3.710 83.634
556.190 4.200 62.561
556.200 4.950 22.101
556.210 3.970 74.031
556.220 3.990 74.506
556.240 3.950 84.553
556.250 3.820 67.528
556.260 3.870 74.987
556.280 3.620 85.275
556.290 4.880 73.949
556.310 4.290 75.980
556.330 3.880 77.062
556.340 3.930 80.606
556.350 3.900 77.327
556.360 4.890 58.179
556.370 5.540 87.307
556.420 4.130 85.368
556.430 4.100 70.077
556.440 4.210 62.889
556.460 5.460 82.792
556.740 5.420 32.580
556.760 4.720 38.804
556.820 5.270 79.438
556.830 5.300 72.487
556.840 5.830 86.728
556.850 5.150 73.179
556.870 4.150 60.080
556.960 4.910 60.997
556.980 5.030 88.315
557.010 5.400 83.568
557.280 4.630 57.181
557.290 4.560 51.078
557.300 4.650 34.219
557.310 4.960 61.157
557.320 4.940 45.303
557.330 4.180 48.644
557.340 4.390 43.419
557.350 4.390 55.906
557.360 4.630 56.212
557.370 4.500 61.415
557.380 4.330 49.137
557.390 4.280 50.693
557.400 4.460 52.149
557.410 4.220 44.237
557.420 4.300 50.462
557.430 4.510 86.040
557.440 4.100 68.666
557.450 4.690 59.000
557.460 4.760 57.369
557.470 4.280 83.810
557.490 4.850 52.205
557.500 5.280 83.561
557.510 5.630 78.121
557.520 4.230 45.241
557.530 4.860 85.317
557.540 4.580 57.478
557.550 4.840 74.680
557.560 5.210 80.358
557.570 4.970 60.797
557.580 4.610 59.648
557.590 4.660 60.863
557.600 4.220 45.844
557.610 4.710 33.013
557.620 4.340 60.602
557.630 4.170 47.273
557.640 4.200 54.765
557.650 4.430 38.653
557.670 4.480 63.783
557.680 4.400 59.825
557.690 4.250 48.701
557.700 4.870 56.700
557.710 4.090 51.727
557.720 4.590 54.578
557.730 4.480 62.788
557.740 4.560 43.427
557.750 4.080 65.449
557.760 4.310 65.930
557.770 4.450 70.231
557.780 4.040 63.666
557.790 4.700 63.229
557.830 4.910 73.869
557.840 4.590 84.130
557.860 4.420 70.979
557.870 4.100 58.688
557.880 4.140 70.390
557.890 4.270 34.825
557.900 4.320 80.064
557.910 4.030 75.922
557.920 5.110 79.674
557.930 4.600 79.710
557.940 4.150 72.690
557.950 4.940 83.134
557.960 4.890 81.075
557.970 4.980 44.289
557.990 4.230 71.913
558.000 4.600 79.474
558.010 4.250 66.442
558.020 4.590 83.026
558.030 4.880 81.118
558.060 4.540 86.046
558.070 5.190 83.877
558.090 5.300 76.445
558.100 5.260 58.519
558.120 4.090 72.328
558.130 5.020 61.559
558.140 4.580 58.332
558.150 4.340 63.315
558.160 4.570 45.062
558.170 5.120 58.232
558.180 5.200 80.039
558.190 4.130 73.086
558.240 4.260 74.759
558.250 4.040 55.313
558.260 4.580 62.256
558.270 4.350 80.152
558.290 4.760 78.737
558.300 5.310 53.186
558.310 5.310 76.655
558.320 5.430 72.484
558.330 5.640 81.096
558.340 5.570 88.531
558.360 5.280 78.989
558.370 4.890 55.514
558.380 4.150 73.601
558.390 4.150 85.106
558.400 5.680 74.659
558.630 4.140 73.480
558.640 4.190 83.742
558.660 3.920 55.399
558.670 4.070 71.917
558.690 4.120 88.727
558.700 4.540 36.786
558.710 4.450 53.878
558.720 3.910 73.513
558.760 4.360 86.953
558.780 4.370 50.904
558.790 5.020 62.977
558.810 4.580 67.269
558.820 4.400 56.757
558.830 4.020 80.219
558.840 4.710 52.942
558.860 5.010 67.072
558.880 4.890 88.742
558.890 4.870 42.097
558.900 4.980 56.577
558.920 4.370 82.377
558.930 4.030 78.250
558.950 3.830 72.546
558.960 3.740 76.131
558.970 4.140 85.107
558.980 4.830 79.345
558.990 4.280 78.313
559.010 4.030 67.783
559.020 3.920 74.907
559.030 4.000 86.546
559.040 3.760 84.391
559.050 4.260 78.618
559.060 3.850 71.580
559.070 4.040 81.567
559.090 5.100 55.136
559.120 3.670 89.521
559.130 3.840 77.627
559.140 5.150 40.476
559.150 4.680 74.637
559.160 4.710 70.773
559.180 5.390 80.452
559.190 5.210 79.795
559.200 4.580 73.260
559.250 5.130 84.260
559.260 4.340 61.451
559.270 4.020 41.315
559.280 4.080 69.025
559.290 4.020 67.540
559.300 4.580 64.091
559.310 5.080 59.677
559.320 4.720 65.812
559.330 4.890 66.773
559.340 4.570 73.872
559.350 4.870 58.459
559.360 4.150 65.598
559.370 4.400 60.287
559.380 4.730 82.740
559.390 3.990 84.382
559.400 3.920 63.148
559.410 4.210 76.642
559.420 5.180 60.524
559.430 5.430 63.726
559.440 5.400 88.511
559.450 3.820 70.268
559.460 4.000 83.116
559.470 3.960 66.687
559.490 3.740 87.240
559.500 5.050 88.178
559.510 4.290 77.877
559.520 3.940 80.763
559.550 3.860 59.883
559.560 4.160 61.532
559.570 3.910 78.365
559.590 3.810 62.540
559.600 4.090 78.769
559.620 3.960 51.574
559.630 3.860 71.525
559.640 4.350 82.331
559.660 4.140 89.659
559.670 4.520 50.098
559.680 4.360 69.390
559.690 5.770 82.672
559.770 5.330 79.404
559.840 5.190 80.251
559.860 5.760 84.973
559.920 5.750 85.531
559.950 4.210 36.364
559.960 5.000 50.506
559.970 3.890 63.492
559.980 4.790 77.557
559.990 4.090 82.280
560.010 4.520 78.511
560.020 3.610 77.460
560.030 3.910 88.563
560.060 4.140 75.111
560.080 4.140 86.764
560.090 3.860 53.762
560.100 3.890 77.915
560.110 4.220 73.118
560.120 4.950 59.691
560.130 5.420 75.476
560.320 4.800 75.352
560.350 5.220 73.041
560.360 4.920 54.894
560.370 4.080 84.752
560.400 4.920 73.782
560.410 5.460 86.502
560.510 4.890 72.948
560.530 5.640 46.107
560.540 5.690 45.469
560.580 5.740 66.157
560.620 5.390 35.852
560.630 5.870 49.615
560.640 5.450 52.427
560.650 5.710 32.224
561.010 5.590 85.715
561.090 5.390 80.139
561.120 4.610 89.227
561.130 5.020 80.672
561.150 4.180 83.598
561.170 4.350 85.926
561.200 5.010 80.900
561.220 4.980 82.850
561.240 5.150 84.082
561.410 5.990 86.699
561.480 5.300 80.373
561.570 4.890 60.275
561.590 4.970 66.894
561.600 4.850 81.936
561.610 4.930 81.724
561.620 5.230 83.368
561.630 5.270 63.355
561.670 4.970 77.951
561.680 4.000 79.146
561.690 4.410 62.125
561.700 5.430 75.900
561.710 4.790 81.800
561.720 4.820 89.778
561.740 5.440 88.503
561.750 5.280 72.971
561.760 5.600 46.332
561.770 4.330 76.955
561.780 4.280 60.000
561.790 4.650 60.664
561.800 4.730 67.750
561.810 4.650 65.588
561.820 4.280 83.885
561.830 4.690 52.732
561.860 5.020 62.982
561.870 4.660 79.697
561.880 4.630 79.737
561.900 4.560 84.760
561.920 5.590 85.587
561.950 4.620 79.076
561.960 4.950 86.474
561.970 4.540 78.563
561.990 4.630 64.084
562.000 4.690 66.934
562.010 4.790 77.105
562.030 5.000 75.151
562.040 4.660 81.622
562.060 4.600 63.256
562.070 5.020 73.558
562.100 4.630 81.599
562.110 4.620 84.812
562.150 4.580 68.456
562.250 5.900 45.813
562.380 5.800 37.825
562.430 5.940 37.511
562.780 5.610 86.447
562.850 5.860 86.100
563.070 4.700 77.738
563.080 4.230 50.053
563.090 4.620 64.949
563.110 4.520 77.436
563.120 4.120 81.833
563.130 4.610 83.084
563.140 4.200 69.731
563.150 4.590 88.981
563.160 4.140 72.086
563.170 3.750 82.125
563.180 3.870 82.881
563.190 4.300 73.718
563.200 4.180 82.679
563.220 4.250 55.527
563.230 4.500 84.022
563.240 4.070 87.075
563.250 4.210 89.787
563.260 3.860 83.009
563.270 4.180 83.646
563.280 3.940 79.249
563.290 3.900 64.813
563.300 4.320 88.419
563.310 4.090 64.319
563.330 3.900 82.104
563.350 4.040 85.769
563.390 4.330 86.946
563.420 4.750 78.980
563.430 4.800 70.674
563.440 3.900 80.413
563.450 3.980 59.900
563.470 4.150 80.948
563.500 4.600 74.047
563.520 4.660 76.731
563.530 3.760 76.616
563.540 4.360 35.998
563.550 4.280 50.157
563.560 4.660 67.230
563.570 4.510 72.494
563.580 4.710 46.897
563.590 5.640 85.566
563.630 4.910 79.398
563.640 4.990 72.104
563.650 4.050 63.797
563.660 4.390 73.223
563.670 5.280 77.129
563.690 5.090 70.314
563.700 5.740 89.948
563.870 4.710 86.663
563.880 4.000 71.759
563.890 4.000 71.580
563.900 4.200 59.151
563.930 4.730 65.816
563.940 4.830 81.313
564.030 5.290 65.430
564.040 4.950 54.798
564.050 4.710 60.802
564.060 4.860 54.217
564.070 4.620 47.897
564.090 4.830 49.047
564.100 4.660 64.346
564.110 4.370 61.173
564.120 4.250 75.102
564.130 4.710 83.857
564.150 4.230 80.174
564.190 4.090 67.233
564.290 4.890 82.066
564.470 4.440 86.434
564.480 4.440 56.005
564.490 4.460 87.220
564.510 4.470 61.708
564.520 4.250 82.099
564.530 4.960 71.333
564.540 4.830 69.789
564.550 5.980 79.826
564.580 5.600 78.764
564.600 5.810 73.313
564.610 4.420 72.426
564.620 4.360 58.062
564.650 3.900 75.013
564.680 4.420 85.236
564.720 4.390 74.877
564.730 3.650 69.973
564.740 3.820 81.957
564.750 4.920 56.805
564.760 5.730 85.255
564.770 5.000 54.987
564.780 4.860 72.414
564.790 5.520 72.515
564.800 4.480 71.936
564.810 5.170 81.884
564.820 5.000 77.514
564.830 5.480 89.332
564.840 5.560 79.910
564.870 5.420 73.569
564.880 4.820 54.884
564.900 5.150 72.627
564.910 5.440 78.390
564.920 4.970 67.068
564.930 4.410 39.846
564.940 4.580 63.215
564.950 4.250 46.747
564.960 4.930 53.902
564.980 5.120 80.978
564.990 5.830 78.649
565.020 5.990 84.749
565.030 4.910 59.861
565.040 5.550 75.261
565.050 4.640 47.909
565.060 5.970 72.087
565.070 5.030 78.946
565.080 5.710 17.138
565.090 5.090 37.513
565.110 5.410 63.434
565.120 5.600 69.007
565.130 5.640 84.792
565.140 5.410 47.365
565.150 4.850 75.806
565.160 5.370 71.956
565.170 4.560 44.350
565.180 3.970 73.159
565.190 4.040 70.187
565.200 3.840 70.483
565.210 3.870 84.808
565.230 4.910 50.314
565.250 5.240 65.069
565.270 5.120 86.678
565.280 4.710 64.413
565.300 5.480 84.099
565.310 5.060 46.965
565.320 4.890 66.336
565.330 5.290 67.061
565.340 4.900 45.463
565.350 5.280 68.854
565.370 4.230 74.727
565.390 5.090 47.985
565.400 5.230 78.613
565.420 4.950 80.584
565.430 5.260 83.722
565.440 5.030 66.396
565.560 5.690 77.223
565.570 5.850 81.283
565.660 5.980 80.594
565.680 5.400 81.719
565.690 5.200 58.820
565.710 5.140 63.886
565.720 5.260 75.852
565.730 4.450 41.041
565.740 5.330 55.191
565.750 5.170 58.054
565.760 4.170 59.908
565.770 5.150 19.997
565.780 4.680 16.250
565.790 4.820 25.399
565.800 4.420 37.729
565.810 5.110 30.079
565.820 4.700 36.310
565.830 4.750 25.023
565.840 4.820 33.652
565.850 4.540 41.442
565.860 5.900 31.452
565.870 5.390 38.667
565.880 4.720 37.967
565.890 4.900 20.377
565.900 4.830 83.987
565.910 4.290 28.202
565.930 5.310 25.559
565.940 5.240 27.784
565.950 5.040 40.341
565.960 4.400 43.656
565.970 4.770 32.077
565.980 4.510 57.258
565.990 4.520 55.580
566.000 5.260 30.052
566.010 4.560 47.748
566.020 4.870 47.643
566.030 4.550 37.530
566.040 4.400 28.938
566.050 5.300 42.873
566.290 5.720 68.337
566.430 4.890 62.802
566.460 5.400 87.955
566.840 5.390 87.820
566.920 4.430 71.994
566.970 4.550 74.015
566.980 4.930 77.923
567.000 4.460 58.467
567.010 4.400 67.375
567.020 4.120 82.225
567.030 4.630 83.968
567.040 5.310 70.921
569.190 5.240 75.727
569.200 5.070 66.084
569.250 4.290 81.065
569.280 4.010 65.220
569.310 5.640 88.969
569.320 4.970 88.062
569.330 4.990 83.989
569.340 4.570 70.211
569.350 5.640 89.828
569.480 5.160 65.174
569.500 5.370 82.402
569.510 5.940 64.596
569.570 4.570 79.417
569.590 4.200 74.545
569.610 3.930 81.442
569.620 3.930 86.255
569.650 3.960 54.712
569.660 5.080 79.370
569.670 4.770 60.467
569.680 5.360 62.540
569.690 5.010 50.062
569.700 4.930 89.724
569.710 4.590 79.245
569.730 4.250 70.421
569.740 4.180 51.684
569.750 4.450 55.193
569.760 4.260 80.840
569.780 3.870 89.520
569.800 4.040 74.505
569.810 3.690 72.961
569.820 4.510 84.118
569.840 3.930 78.542
569.860 3.800 87.683
569.890 4.160 86.351
569.900 5.360 57.135
569.910 4.420 62.635
569.920 4.560 57.538
569.930 5.250 57.812
569.940 4.550 80.978
569.950 4.570 47.112
569.960 5.350 78.631
569.970 5.320 56.123
569.980 4.420 59.947
569.990 3.800 85.876
570.000 4.390 66.964
570.010 5.010 56.094
570.020 4.930 32.671
570.030 4.590 54.007
570.040 4.440 65.198
570.050 3.680 82.215
570.070 3.910 56.156
570.090 4.420 79.179
570.100 4.430 45.896
570.110 4.570 45.462
570.120 4.910 55.749
570.130 5.110 48.576
570.140 4.980 58.152
570.150 4.290 65.753
570.160 4.120 38.653
570.170 4.140 57.882
570.180 3.840 71.444
570.190 3.780 60.737
570.200 4.100 57.244
570.210 4.890 48.325
570.220 4.370 71.900
570.230 4.560 57.484
570.240 4.480 56.864
570.250 4.110 43.305
570.260 4.170 53.963
570.270 4.160 58.348
570.280 4.480 52.031
570.290 4.870 64.223
570.300 4.730 54.722
570.310 4.920 52.233
570.320 4.910 53.936
570.330 4.890 56.111
570.340 4.580 53.210
570.350 4.330 78.354
570.360 4.570 27.983
570.370 4.700 60.929
570.380 4.740 47.319
570.390 4.420 42.031
570.400 4.770 31.732
570.410 4.710 46.287
570.420 4.920 46.431
570.430 5.310 60.218
570.440 4.450 46.967
570.450 4.230 76.041
570.460 4.440 50.521
570.470 4.650 60.779
570.480 4.320 65.414
570.490 4.540 56.217
570.500 4.320 56.319
570.510 5.050 46.728
570.540 3.800 72.365
570.550 4.100 86.632
570.570 4.670 54.748
570.580 5.350 23.081
570.590 4.920 84.824
570.640 5.130 80.983
570.660 4.620 78.799
570.680 4.770 50.447
570.690 4.870 69.345
570.700 4.450 23.884
570.740 4.900 43.381
570.750 5.300 54.437
570.760 4.620 68.598
570.790 5.070 73.074
570.800 5.860 72.849
570.810 5.790 25.175
570.820 3.860 48.564
570.830 4.150 69.960
570.840 4.910 79.110
570.850 4.090 74.432
570.860 4.200 68.313
570.870 4.550 69.564
570.880 4.200 76.531
570.940 4.820 64.852
570.980 5.370 85.213
571.020 5.780 85.131
571.150 5.280 82.444
571.160 5.530 74.679
571.200 4.550 53.147
571.210 4.270 54.916
571.220 4.570 63.343
571.230 4.270 71.979
571.240 3.880 67.503
571.270 3.930 87.467
571.280 4.010 75.585
571.300 3.890 84.094
571.320 5.390 65.000
571.330 4.770 33.016
571.340 4.150 42.966
571.350 4.710 43.447
571.360 4.970 28.967
571.370 4.920 48.210
571.380 5.550 64.722
571.400 4.130 83.190
571.460 3.690 86.965
571.470 4.020 69.117
571.480 3.940 78.380
571.490 4.070 88.090
571.500 4.230 59.309
571.510 4.090 58.204
571.520 4.720 37.866
571.530 5.060 39.256
571.540 4.590 42.787
571.550 5.380 53.695
571.560 5.060 78.168
571.570 4.600 64.218
571.580 5.470 37.562
571.590 4.390 70.647
571.600 4.860 77.836
571.610 5.060 82.755
571.620 4.770 45.157
571.640 4.940 70.142
571.650 5.730 75.309
571.690 5.660 22.068
571.700 5.010 24.373
571.710 5.300 51.450
571.720 4.750 70.324
571.730 4.530 44.541
571.740 4.740 72.916
571.750 4.460 62.333
571.760 4.950 59.516
571.770 5.280 89.183
571.780 4.970 46.350
571.790 4.930 86.856
571.800 5.200 45.847
571.810 5.050 64.213
571.830 5.270 67.550
571.840 4.580 60.538
571.850 4.730 69.254
571.860 4.700 61.979
571.870 4.610 64.301
571.900 4.320 88.466
571.950 4.490 77.085
571.960 4.190 49.955
571.970 4.920 56.249
571.980 5.570 89.455
572.100 4.730 62.661
572.110 4.750 57.600
572.120 4.090 74.014
572.140 4.690 56.653
572.160 5.080 61.938
572.170 4.950 72.296
572.180 5.070 55.651
572.190 4.870 70.606
572.200 3.990 68.008
572.210 4.620 72.476
572.260 5.540 69.975
572.660 5.230 83.886
572.680 5.470 74.303
572.690 5.970 88.010
572.710 5.800 87.807
572.800 4.040 69.467
572.810 3.940 86.337
572.820 4.120 57.460
572.830 4.110 57.413
572.840 4.270 79.181
572.850 4.130 63.160
572.890 4.140 87.952
572.900 4.490 87.376
572.920 4.300 86.983
572.960 3.830 77.250
572.970 4.930 62.526
572.980 4.400 66.907
572.990 4.220 75.877
573.000 4.570 59.366
573.010 4.300 65.801
573.020 3.990 71.446
573.040 4.290 56.829
573.050 4.470 86.965
573.060 4.390 71.091
573.070 3.990 64.586
573.080 4.290 64.891
573.090 4.160 74.558
573.110 3.720 71.935
573.120 4.100 45.371
573.130 3.930 85.069
573.150 4.340 65.346
573.170 4.400 65.287
573.180 4.460 72.525
573.200 5.720 76.336
573.210 4.430 73.174
573.220 4.280 60.573
573.230 4.010 86.696
573.250 4.470 73.761
573.260 4.190 67.890
573.270 4.530 58.909
573.290 4.570 82.731
573.300 4.270 68.572
573.310 4.370 63.252
573.320 4.170 67.278
573.330 4.290 78.271
573.350 4.100 56.254
573.360 4.500 69.713
573.370 4.280 88.916
573.380 4.680 86.463
573.390 4.900 89.567
573.400 4.040 85.683
573.410 3.830 69.061
573.420 4.210 47.405
573.430 4.430 83.976
573.440 3.980 63.985
573.460 4.310 57.396
573.470 4.310 47.134
573.480 4.540 70.639
573.490 5.530 84.759
573.510 4.530 30.100
573.520 4.170 32.448
573.530 4.390 30.893
573.540 3.740 71.546
573.550 4.150 52.939
573.560 4.800 82.088
573.570 5.200 85.890
573.580 4.330 60.854
573.600 4.370 50.165
573.610 4.930 58.634
573.620 5.440 74.037
573.630 5.520 63.285
573.650 4.640 87.820
573.660 4.460 71.278
573.670 4.120 69.598
573.680 4.420 70.557
573.690 4.250 46.792
573.700 4.390 34.346
573.720 4.610 75.227
573.730 4.250 58.150
573.740 4.530 63.278
573.750 4.550 59.260
573.760 4.100 62.470
573.770 4.680 65.877
573.780 4.770 81.873
573.790 3.750 75.424
573.800 4.140 74.927
573.820 4.410 23.178
573.830 4.350 78.503
573.840 3.810 75.959
573.850 4.420 89.384
573.860 5.200 33.233
573.870 4.190 75.594
573.880 4.080 86.953
573.900 4.150 45.932
573.910 4.810 54.893
573.920 4.070 78.342
573.930 3.950 87.008
573.940 4.250 63.218
573.950 4.160 64.081
573.960 4.800 70.260
573.970 4.160 77.220
573.980 4.350 74.436
574.010 4.250 72.665
574.020 4.650 59.419
574.030 4.080 74.864
574.050 3.980 86.744
574.060 4.350 85.218
574.080 4.060 82.094
574.090 5.230 72.555
574.110 4.190 71.078
574.130 4.290 80.037
574.140 4.540 75.734
574.150 4.670 33.007
574.160 4.250 62.688
574.190 3.950 75.892
574.200 4.600 83.859
574.210 4.690 86.000
574.220 4.440 65.647
574.230 4.230 80.020
574.240 5.000 53.723
574.250 4.510 81.215
574.260 4.020 84.643
574.270 4.270 71.008
574.280 4.280 73.507
574.290 4.370 77.492
574.300 4.250 85.189
574.310 4.160 51.111
574.320 4.060 72.653
574.330 4.470 75.027
574.340 3.960 79.473
574.410 4.760 24.778
574.420 4.500 50.937
574.430 3.890 46.011
574.450 3.640 79.841
574.460 4.540 77.186
574.480 4.340 79.427
574.490 4.050 56.585
574.500 4.220 70.640
574.510 4.070 88.569
574.520 4.400 85.071
574.530 4.510 59.227
574.540 5.070 83.921
574.560 4.580 87.093
574.570 3.850 82.845
574.580 4.330 59.073
574.590 4.400 58.310
574.600 4.290 52.920
574.610 3.900 60.537
574.630 4.080 86.173
574.640 4.040 73.458
574.650 4.550 75.628
574.660 4.250 65.109
574.670 4.290 81.481
574.680 4.290 67.340
574.690 4.520 78.836
574.700 4.060 71.992
574.710 4.160 66.951
574.720 3.960 78.933
574.730 4.220 85.385
574.740 4.190 67.081
574.750 4.160 68.558
574.760 4.540 18.679
574.770 4.820 51.503
574.780 4.710 81.818
574.790 4.440 75.904
574.800 4.940 64.744
574.810 5.660 64.821
574.820 5.110 56.500
574.830 4.360 63.365
574.840 4.100 57.271
574.850 4.380 62.555
574.870 4.090 80.688
574.880 4.380 74.238
574.890 4.560 75.174
574.900 4.960 73.480
574.910 4.540 64.931
574.920 4.790 82.273
574.930 4.470 70.345
574.940 4.000 77.590
574.950 4.070 52.969
574.960 4.400 50.218
574.970 4.190 56.671
574.980 4.280 58.788
575.030 4.490 65.748
575.040 4.830 84.567
575.050 5.340 63.915
575.060 4.980 81.204
575.070 5.190 78.055
575.080 4.910 55.742
575.090 4.550 51.969
575.100 4.280 50.179
575.110 4.060 80.413
575.120 4.380 47.503
575.130 4.900 67.259
575.140 4.390 49.224
575.150 4.360 50.971
575.160 4.240 54.071
575.170 4.700 57.891
575.190 5.990 58.342
575.200 4.760 49.611
575.210 5.250 58.022
575.220 4.520 48.436
575.230 5.710 58.713
575.240 4.400 24.513
575.250 4.600 39.093
575.260 4.730 36.223
575.270 4.240 33.909
575.280 4.560 48.672
575.290 5.750 72.866
575.360 5.390 57.841
575.380 5.970 51.522
575.400 5.810 60.111
575.410 5.690 59.755
575.440 5.150 62.251
575.450 5.170 62.507
575.460 5.240 69.155
575.470 5.560 67.933
575.530 5.640 48.618
575.540 5.090 59.007
575.550 4.830 44.322
575.560 5.070 45.095
575.570 5.500 56.300
575.580 4.920 44.379
575.590 5.180 71.689
575.600 4.780 36.742
575.610 4.400 32.842
575.620 4.900 33.518
575.630 5.580 48.805
575.640 4.740 52.678
575.650 4.700 34.459
575.660 5.110 61.120
575.670 4.500 34.584
575.680 4.890 52.214
575.690 4.520 33.053
575.700 4.970 43.668
575.710 5.950 42.502
575.720 5.370 33.832
575.730 5.200 46.571
575.740 5.350 43.162
575.750 4.760 45.931
575.760 4.700 30.454
575.770 4.790 42.943
575.780 4.990 43.427
575.790 4.610 38.027
575.800 4.710 27.380
575.810 5.490 51.890
575.820 5.840 45.142
575.830 4.800 26.761
575.850 5.640 44.473
575.870 5.030 52.419
575.880 5.430 75.540
575.890 4.790 34.354
575.900 4.780 37.436
575.910 4.680 55.561
575.920 4.500 45.119
575.930 5.630 83.229
575.940 5.280 72.291
575.950 4.800 37.813
575.960 4.530 37.218
575.970 5.540 56.529
575.980 5.280 39.995
575.990 4.820 48.543
576.000 4.300 38.532
576.010 4.870 33.360
576.020 5.260 73.065
576.030 5.130 74.340
576.040 4.750 36.145
576.050 5.380 67.087
576.060 5.470 60.443
576.090 4.790 73.599
576.100 4.960 43.084
576.110 4.750 72.827
576.120 5.810 85.190
576.130 4.820 46.698
576.140 4.870 37.355
576.150 5.650 61.776
576.160 4.480 42.638
576.170 4.570 52.238
576.180 4.890 58.843
576.190 4.430 38.162
576.200 5.640 80.275
576.210 4.950 55.524
576.220 4.420 52.128
576.230 4.870 57.223
576.240 5.030 39.573
576.250 5.880 82.222
576.260 5.250 48.797
576.300 5.900 87.272
576.370 4.750 69.196
576.380 5.430 82.438
576.390 4.810 49.738
576.400 4.680 37.536
576.410 5.420 56.884
576.430 5.010 59.829
576.440 5.120 32.940
576.450 4.820 44.651
576.460 4.340 58.365
576.470 5.280 32.425
576.480 4.640 36.812
576.490 4.810 62.962
576.510 5.370 56.801
576.520 5.320 51.781
576.540 5.220 60.537
576.550 5.060 61.953
576.560 5.860 56.730
576.600 5.460 54.471
576.610 5.860 62.245
576.620 5.550 60.647
576.640 5.190 61.839
576.650 5.400 72.744
576.660 5.140 87.899
576.670 5.340 52.988
576.680 4.640 41.835
576.690 5.160 61.723
576.700 5.000 45.557
576.710 4.760 43.136
576.720 4.350 57.261
576.730 4.920 43.095
576.740 5.090 52.845
576.750 4.920 11.353
576.760 4.760 51.332
576.770 4.840 23.368
576.780 4.370 65.360
576.790 4.990 58.730
576.800 4.550 40.513
576.810 5.240 48.266
576.820 4.430 49.446
576.830 5.400 63.765
576.840 5.290 31.815
576.850 5.070 70.878
576.860 4.670 55.189
576.870 4.710 53.827
576.880 4.490 30.215
576.890 4.950 58.876
576.900 5.030 62.611
576.910 5.250 41.765
576.920 5.530 48.775
576.930 5.930 86.130
577.070 5.090 86.292
577.410 5.100 76.140
577.460 3.980 60.696
577.470 4.600 85.592
577.480 4.810 69.118
577.490 3.900 70.688
577.640 4.840 82.133
577.650 4.630 84.543
577.670 5.300 77.877
577.680 4.820 88.396
577.690 4.180 65.764
577.700 4.320 62.042
577.710 4.940 68.077
577.740 4.740 85.548
577.760 4.420 46.430
577.800 4.270 47.994
577.810 4.950 89.408
577.860 4.370 75.442
577.870 4.390 65.311
577.880 4.150 64.650
577.900 4.260 74.922
577.910 4.850 83.365
577.980 5.260 89.374
577.990 5.050 89.995
578.040 4.790 86.022
578.230 5.620 79.391
578.240 5.070 81.725
578.250 5.060 67.125
578.260 4.610 59.128
578.270 4.380 82.235
578.280 4.940 82.164
578.290 4.810 69.747
578.300 4.230 58.950
578.310 4.340 79.692
578.320 4.680 77.838
578.340 4.690 54.886
578.350 4.570 64.895
578.360 5.610 55.361
578.370 4.370 70.261
578.380 4.230 66.545
578.390 4.910 67.238
578.450 5.220 82.617
578.590 4.230 45.276
578.620 5.020 49.192
578.630 5.710 67.041
578.640 4.720 71.209
578.650 5.010 68.467
578.660 4.530 42.958
578.670 5.160 18.065
578.680 5.020 41.296
578.690 5.640 44.173
578.700 5.800 40.813
578.720 4.790 76.106
578.730 4.640 72.123
578.740 5.130 86.749
578.760 5.300 74.398
578.780 5.480 74.203
578.790 5.630 67.280
578.810 4.850 77.255
578.820 4.640 65.026
578.830 4.900 72.480
578.860 4.670 88.015
578.880 4.690 71.279
578.900 4.630 70.859
578.910 4.040 65.493
578.920 3.800 86.159
578.990 4.340 82.202
579.000 4.150 64.751
579.020 3.930 86.581
579.040 4.040 62.989
579.050 3.910 87.217
579.060 3.830 72.891
579.070 3.680 65.052
579.110 4.030 76.341
579.120 3.820 64.900
579.140 3.800 64.693
579.150 4.010 69.090
579.170 3.730 81.067
579.180 4.430 71.167
579.200 3.920 74.686
579.220 4.990 63.228
579.230 4.840 68.645
579.240 5.160 72.346
579.250 4.920 55.756
579.260 3.800 82.966
579.300 3.880 80.364
579.320 3.920 75.749
579.330 3.900 82.709
579.340 3.940 66.217
579.350 3.780 87.308
579.360 4.070 84.066
579.370 4.380 80.109
579.380 4.020 81.487
579.400 3.980 72.158
579.410 3.920 87.406
579.420 4.490 87.564
579.440 4.130 67.092
579.450 4.230 52.192
579.460 5.620 85.372
579.470 5.850 84.178
579.480 5.060 63.950
579.490 4.780 55.679
579.530 5.780 84.087
579.590 5.370 76.075
579.600 5.670 71.608
579.610 4.800 61.564
579.630 4.710 84.348
579.640 5.460 78.370
579.650 5.610 47.630
579.660 5.350 78.502
579.710 4.520 86.116
579.730 4.480 67.172
579.740 4.230 53.445
579.750 4.990 45.193
579.760 4.050 65.619
579.770 3.850 41.809
579.790 4.100 75.231
579.810 4.330 89.703
579.820 4.210 79.112
579.830 4.070 55.211
579.840 4.630 64.324
579.850 4.530 57.624
579.860 4.680 46.927
579.870 5.010 85.575
579.880 5.020 61.192
579.890 4.210 78.658
579.920 4.760 76.777
579.940 5.030 86.506
579.980 4.650 49.348
579.990 5.660 85.741
580.000 4.840 60.576
580.010 4.450 70.915
580.020 4.790 67.640
580.030 4.660 84.479
580.050 4.900 68.134
580.060 4.490 80.287
580.090 4.750 85.686
580.100 4.480 74.245
580.110 4.640 39.239
580.120 4.470 41.369
580.130 4.270 71.995
580.140 4.200 54.453
580.150 4.240 64.477
580.160 4.750 70.979
580.170 4.290 58.591
580.180 4.240 68.367
580.190 4.360 58.724
580.200 4.760 57.536
580.210 4.460 33.359
580.220 4.160 40.506
580.230 4.180 61.751
580.240 4.280 67.430
580.250 4.330 85.209
580.260 5.130 74.053
580.270 4.360 80.690
580.290 4.550 84.427
580.320 4.880 88.348
580.330 5.160 70.336
580.360 4.310 88.865
580.370 3.800 58.896
580.380 4.080 70.114
580.390 4.650 85.159
580.400 4.530 74.424
580.410 4.390 55.005
580.420 4.850 86.498
580.440 4.320 79.230
580.450 5.220 45.689
580.470 5.580 60.330
580.490 4.980 72.168
580.500 4.320 52.046
580.510 4.410 63.104
580.520 4.020 51.467
580.530 4.000 32.795
580.540 4.600 60.080
580.550 4.710 59.678
580.560 4.710 89.372
580.570 5.090 65.811
580.580 4.490 53.972
580.590 4.460 72.175
580.600 5.180 52.894
580.610 4.630 74.234
580.630 5.050 79.434
580.640 4.780 74.394
580.650 4.970 80.974
580.680 4.700 59.377
580.710 4.660 75.721
580.720 4.740 53.044
580.730 4.990 65.438
580.740 5.040 86.259
581.120 5.040 74.299
581.210 4.350 62.436
581.220 5.870 83.760
581.230 4.890 88.238
581.250 4.890 88.494
581.260 4.930 85.039
581.270 5.080 79.922
581.300 4.920 77.335
581.380 4.450 84.047
581.390 4.420 64.643
581.410 5.030 70.306
581.440 4.990 85.191
581.460 5.580 86.498
581.490 4.630 53.861
581.510 4.650 68.310
581.530 4.980 76.952
581.540 4.010 60.054
581.550 4.470 67.789
581.560 3.970 72.522
581.590 4.870 86.977
581.610 5.240 85.591
581.620 4.930 89.196
581.640 5.250 86.493
581.720 4.200 78.690
581.730 4.350 47.339
581.750 4.240 78.526
581.760 4.380 68.617
581.770 4.420 76.270
581.780 4.190 78.065
581.790 4.420 75.245
581.800 4.400 64.203
581.810 4.310 89.608
581.820 4.880 83.405
581.830 4.630 55.447
581.840 4.300 70.374
581.850 4.330 56.926
581.860 4.720 55.457
581.870 4.850 44.851
581.880 5.280 63.813
581.920 4.220 70.659
581.930 4.930 87.190
581.940 5.610 88.726
581.960 4.280 84.738
581.970 5.150 84.607
581.980 4.800 57.290
581.990 4.580 60.262
582.010 5.310 57.038
582.020 3.830 73.517
582.040 3.990 72.907
582.050 3.920 56.852
582.070 5.450 45.187
582.080 5.820 38.465
582.090 5.340 61.179
582.100 5.310 77.351
582.110 4.850 73.453
582.120 4.670 61.360
582.130 4.730 54.709
582.140 5.090 57.422
582.150 4.850 66.486
582.160 4.520 62.049
582.170 3.860 67.601
582.180 4.480 48.313
582.190 4.190 66.664
582.200 3.870 78.112
582.210 3.930 55.443
582.220 4.250 71.816
582.230 4.320 72.508
582.240 4.790 75.950
582.270 4.960 89.088
582.300 4.090 77.790
582.320 3.650 82.697
582.330 3.830 76.627
582.340 4.450 63.213
582.350 3.770 76.574
582.370 5.030 43.600
582.380 5.280 35.004
582.390 4.940 56.009
582.400 4.430 34.391
582.410 4.890 66.986
582.420 5.160 42.373
582.430 4.040 66.781
582.440 5.560 64.561
582.450 5.190 30.085
582.460 5.290 73.934
582.470 4.870 64.156
582.480 5.810 65.943
582.490 4.610 43.205
582.500 5.140 30.543
582.510 4.860 21.683
582.520 4.870 57.785
582.530 4.490 64.726
582.540 4.990 59.356
582.550 4.760 87.460
582.560 5.150 58.097
582.600 4.250 46.990
582.610 3.900 49.598
582.620 4.550 68.381
583.400 5.300 76.438
583.760 5.930 85.144
583.790 5.810 65.895
584.070 5.940 86.813
584.140 4.480 70.065
584.150 5.220 70.334
584.370 5.990 74.859
584.460 5.450 72.821
584.480 4.730 88.825
584.490 4.000 48.845
584.500 4.360 59.159
584.510 4.260 71.816
584.520 4.210 68.620
584.530 4.040 76.505
584.540 4.040 78.849
584.550 4.160 71.310
584.560 3.900 67.111
584.570 3.930 79.814
584.580 4.010 79.342
584.590 4.130 76.196
584.600 4.590 86.404
584.610 4.270 63.248
584.620 4.150 71.149
584.630 4.610 83.641
584.640 3.970 77.070
584.650 3.940 72.317
584.660 4.540 81.521
584.670 4.640 52.924
584.690 4.030 80.210
584.700 4.070 77.235
584.710 3.950 65.281
584.720 4.440 74.953
584.730 4.670 45.069
584.740 4.240 52.967
584.750 4.930 79.742
584.780 4.100 39.750
584.790 4.400 54.049
584.800 4.840 58.041
584.810 4.040 59.413
584.820 4.160 85.979
584.830 4.340 81.077
584.840 3.980 69.467
584.850 5.220 47.009
584.860 5.440 58.742
584.870 5.150 89.028
585.180 5.610 84.262
585.220 5.870 77.320
585.230 5.010 74.142
585.240 5.550 85.254
585.260 5.040 85.211
585.270 5.050 77.432
585.280 4.900 65.930
585.290 5.470 60.996
585.300 4.930 60.672
585.310 3.780 63.069
585.320 4.460 38.467
585.330 4.350 64.516
585.340 4.170 60.827
585.350 4.390 48.741
585.360 4.330 66.042
585.370 4.240 65.344
585.380 4.690 57.197
585.390 5.050 76.023
585.400 4.570 76.762
585.410 4.380 72.360
585.420 5.160 80.758
585.480 4.430 64.606
585.690 5.770 84.945
585.700 4.830 62.381
585.710 5.170 68.425
585.720 5.180 45.361
585.730 5.110 77.647
585.750 3.660 88.777
585.770 4.370 69.622
585.790 3.900 87.296
585.820 3.950 89.392
585.840 4.300 70.591
585.860 4.310 81.072
585.880 5.930 66.771
585.890 5.140 55.579
585.900 4.410 79.271
585.910 3.820 69.500
585.920 3.660 81.152
585.930 3.950 81.501
585.950 4.120 85.104
585.980 3.660 81.400
586.020 4.500 88.969
586.030 3.860 85.965
586.060 4.100 78.634
586.070 4.650 83.037
586.100 5.040 85.744
586.110 4.880 86.938
586.130 4.240 62.310
586.150 5.120 58.844
586.160 4.550 47.713
586.170 5.280 83.509
586.180 4.650 86.948
586.190 4.840 77.556
586.210 5.170 66.861
586.220 3.990 64.831
586.230 4.220 76.681
586.240 4.370 57.566
586.250 4.270 43.777
586.270 4.970 85.980
586.280 5.140 61.332
586.350 4.940 62.522
586.360 4.520 70.547
586.370 4.520 75.175
586.390 5.000 87.626
586.400 4.340 41.678
586.410 5.410 63.573
586.420 4.240 34.750
586.430 4.820 51.531
586.440 5.210 46.173
586.450 5.170 69.331
586.460 5.010 48.746
586.470 5.560 55.032
586.480 5.570 81.910
586.490 4.980 55.976
586.500 4.840 59.295
586.520 5.590 82.530
586.540 4.160 70.328
586.550 3.950 65.893
586.580 4.050 56.987
586.590 3.830 88.227
586.600 4.080 60.162
586.610 5.240 56.378
586.620 4.350 40.344
586.630 4.440 63.142
586.640 4.210 55.565
586.650 4.640 41.075
586.660 4.100 58.530
586.670 5.220 76.714
586.680 5.290 60.836
586.690 5.350 81.894
586.700 4.680 71.519
586.710 4.890 82.338
586.720 5.440 85.260
586.800 5.900 78.502
586.840 5.470 78.723
586.870 5.750 88.370
587.040 5.670 89.085
587.490 5.860 75.832
587.500 4.610 77.278
587.690 4.690 85.413
587.700 4.570 83.931
587.710 4.860 88.444
587.720 4.270 64.583
587.740 4.490 52.168
587.750 5.570 88.627
587.840 5.070 86.876
587.860 5.810 87.740
587.870 5.080 68.456
587.890 4.930 59.347
587.900 4.900 71.391
587.920 4.820 41.854
587.940 5.270 72.067
587.950 4.810 85.373
587.970 5.010 77.855
587.980 4.440 67.066
587.990 4.630 56.044
588.020 5.560 85.286
588.030 5.450 74.456
588.450 4.130 59.667
588.470 4.710 66.149
588.480 4.890 59.776
588.500 4.160 60.012
588.510 4.120 80.553
588.530 3.790 68.349
588.540 4.050 35.572
588.550 4.860 45.109
588.560 5.520 65.102
588.570 5.100 56.777
588.580 5.490 51.414
588.590 5.550 56.532
588.600 4.840 75.792
588.610 5.070 52.500
588.620 4.630 62.638
588.630 4.970 72.590
588.640 4.950 61.797
588.650 4.910 85.392
588.660 5.090 44.113
588.670 4.550 86.870
588.680 4.160 57.555
588.690 4.300 80.760
588.710 4.070 68.093
588.720 3.960 86.291
588.740 3.780 82.193
588.750 4.050 83.605
588.780 3.930 75.007
588.790 3.520 85.673
588.820 3.590 85.263
588.840 4.050 66.605
588.850 4.190 73.443
588.860 3.920 80.620
588.870 3.900 77.691
588.890 4.020 58.800
588.900 3.830 80.637
588.920 3.920 86.259
588.930 4.610 79.122
588.940 4.610 60.705
588.960 4.970 71.994
588.970 4.490 64.232
588.980 5.230 88.671
589.040 5.960 53.174
589.050 4.820 70.943
589.060 4.900 58.698
589.070 4.920 42.664
589.080 5.190 54.470
589.090 5.030 75.729
589.100 5.250 52.913
589.110 5.140 45.983
589.120 4.660 74.680
589.130 5.670 56.974
589.140 5.150 54.165
589.160 4.870 51.596
589.170 5.250 50.365
589.180 5.660 70.831
589.210 5.580 54.534
589.260 5.640 45.404
589.460 5.910 85.596
589.470 4.510 77.198
589.480 4.650 82.538
589.500 4.870 71.389
589.510 4.750 61.733
589.520 5.650 63.713
589.530 4.890 86.301
589.550 5.800 82.337
589.570 5.300 76.113
589.600 5.220 54.110
589.610 4.790 33.077
589.620 5.110 51.682
589.680 4.540 71.835
589.690 5.150 72.676
589.700 4.480 59.731
589.720 4.650 79.776
589.730 4.820 76.320
589.740 4.630 80.317
589.750 4.720 83.690
589.980 5.500 88.665
590.000 4.910 89.873
590.080 5.320 72.753
590.090 4.620 89.939
590.140 4.780 78.947
590.150 5.540 36.987
590.210 4.920 82.344
590.220 5.010 79.454
590.240 5.310 88.393
590.320 4.030 86.517
590.560 4.390 77.173
590.580 4.780 89.896
590.820 5.770 82.540
590.890 5.090 77.672
590.900 4.920 85.024
590.930 5.670 85.638
590.940 5.570 73.296
590.950 5.830 74.219
590.990 5.970 62.752
591.120 5.320 77.067
591.150 5.370 87.047
591.160 5.760 68.486
591.300 5.960 89.504
591.320 5.960 82.373
591.490 4.100 70.380
591.570 4.660 81.093
591.640 4.860 83.188
591.650 5.820 89.082
591.690 5.890 73.711
591.700 5.820 73.044
591.800 5.990 74.898
591.860 5.000 88.845
591.870 5.520 88.141
591.880 5.110 84.602
591.890 4.960 82.470
592.150 5.320 71.790
593.810 4.930 62.782
593.820 4.010 75.053
593.830 4.650 82.226
593.850 4.260 74.342
593.860 4.300 78.305
593.870 4.090 79.461
593.880 4.050 74.729
593.890 3.830 78.057
593.910 3.980 80.775
593.920 3.970 71.025
593.940 4.510 73.018
593.960 4.100 84.450
593.970 4.330 84.524
593.980 3.890 86.189
593.990 4.270 63.587
594.020 4.640 56.897
594.030 4.360 77.580
594.040 4.170 53.479
594.060 4.080 67.900
594.070 3.920 76.511
594.080 4.160 78.823
594.090 4.020 55.952
594.100 4.180 76.974
594.110 4.220 72.778
594.120 3.940 81.099
594.130 4.220 74.326
594.170 4.700 74.994
594.180 4.140 84.354
594.190 4.420 67.313
594.250 5.720 85.697
594.490 5.970 83.816
594.630 5.660 84.555
594.640 4.520 82.173
594.650 4.540 37.784
594.660 4.480 50.119
594.670 4.210 73.646
594.680 4.210 34.777
594.690 4.260 50.644
594.700 4.500 70.939
594.710 4.360 66.397
594.720 4.230 58.018
594.730 4.370 57.990
594.740 3.920 70.811
594.750 4.520 65.685
594.760 4.160 62.086
594.770 4.890 55.174
594.780 4.290 53.449
594.790 4.550 38.552
594.800 4.480 46.011
594.810 4.010 54.760
594.820 4.240 63.141
594.830 4.110 59.830
594.840 3.950 86.833
594.850 4.760 82.036
594.860 4.170 64.677
594.880 4.700 56.764
594.890 4.540 37.539
594.930 4.120 56.873
594.950 4.500 83.908
594.960 5.990 69.753
594.970 5.720 61.991
594.980 4.490 78.954
595.020 4.920 60.634
595.030 4.800 47.828
595.040 4.460 43.927
595.180 5.470 75.692
595.200 5.800 86.872
595.470 5.390 76.324
595.530 4.980 67.606
595.540 6.000 80.450
595.620 5.560 72.941
595.870 4.480 67.094
595.890 4.100 66.673
595.900 5.000 79.260
595.910 4.260 58.203
595.920 4.420 40.460
595.930 4.480 30.868
595.940 4.100 38.129
595.950 4.150 42.567
595.960 4.410 77.902
595.970 4.450 51.760
595.980 4.230 46.034
595.990 4.210 28.532
596.000 4.760 45.966
596.010 4.620 25.521
596.020 4.720 20.862
596.030 4.400 83.590
596.040 3.910 72.307
596.050 4.270 49.890
596.060 4.250 88.381
596.070 4.240 51.069
596.080 4.530 79.812
596.090 4.190 73.692
596.100 3.910 84.109
596.120 4.670 89.368
596.130 4.600 70.234
596.140 3.900 64.609
596.150 4.470 59.047
596.160 4.550 85.730
596.170 3.980 58.255
596.180 4.900 73.279
596.190 4.160 67.146
596.210 4.100 64.680
596.220 4.000 51.790
596.230 4.250 47.695
596.240 3.920 73.316
596.250 4.160 31.387
596.260 4.100 76.399
596.270 4.230 69.759
596.320 4.050 72.439
596.350 4.550 63.634
596.360 4.360 78.875
596.370 4.290 52.605
596.380 4.090 81.791
596.390 3.950 73.676
596.400 4.260 56.714
596.410 4.250 72.881
596.420 5.090 55.796
596.430 4.120 71.184
596.440 4.380 49.303
596.450 4.180 69.840
596.460 4.150 71.217
596.470 3.960 71.757
596.480 4.570 76.298
596.490 4.080 75.837
596.500 4.510 72.860
596.510 3.910 50.543
596.520 4.370 52.041
596.530 4.030 66.493
596.540 4.170 61.050
596.550 3.970 80.611
596.560 4.040 71.843
596.580 3.830 87.870
596.600 3.960 80.971
596.620 3.910 70.786
596.630 3.970 52.191
596.640 3.950 64.111
596.650 3.960 74.203
596.670 4.610 63.547
596.690 4.240 70.855
596.710 4.180 81.109
596.720 4.040 84.203
596.740 3.750 83.371
596.760 4.160 80.977
596.770 4.110 81.670
596.790 3.890 80.813
596.800 3.950 87.964
596.810 4.310 50.690
596.820 3.870 77.404
596.830 4.060 83.963
596.850 4.220 88.783
596.870 4.450 58.725
596.880 4.200 86.781
596.890 4.100 60.447
596.900 3.910 71.356
596.910 3.640 66.125
596.920 3.710 67.086
596.930 3.980 75.211
596.940 3.800 76.468
596.950 3.630 88.479
596.960 4.200 78.777
596.980 4.780 51.580
596.990 3.760 62.066
597.000 4.200 72.780
597.010 4.350 82.739
597.020 4.410 74.708
597.030 4.150 61.562
597.040 3.940 74.752
597.050 4.150 86.252
597.060 3.950 80.108
597.090 4.550 88.908
597.100 4.320 79.109
597.150 4.400 89.985
597.170 4.440 87.200
597.180 4.260 63.645
597.210 5.150 65.488
597.230 4.420 78.972
597.240 4.400 46.218
597.250 4.460 70.520
597.260 4.270 85.164
597.270 4.290 84.013
597.280 4.050 58.473
597.290 4.230 72.780
597.300 3.770 74.646
597.310 4.170 69.975
597.320 4.300 76.168
597.330 4.040 64.254
597.340 4.250 77.942
597.350 4.460 60.758
597.360 4.100 59.962
597.370 4.230 52.414
597.380 4.120 74.847
597.390 3.890 70.386
597.400 4.450 64.962
597.410 4.440 56.551
597.420 4.560 56.832
597.430 4.310 55.776
597.440 4.460 49.776
597.450 4.280 45.717
597.460 4.620 77.680
597.470 4.640 73.419
597.480 5.010 30.966
597.490 4.750 88.459
597.500 4.450 84.146
597.510 4.140 85.334
597.520 4.590 82.391
597.530 3.940 72.787
597.540 4.290 79.479
597.550 4.250 43.226
597.560 4.990 74.334
597.570 4.230 58.977
597.580 4.570 79.416
597.590 4.380 68.963
597.600 4.330 51.549
597.610 4.410 76.400
597.620 4.430 61.332
597.630 4.780 71.716
597.640 4.570 64.801
597.650 4.100 53.545
597.680 5.550 84.531
597.690 4.950 68.561
597.790 4.090 85.651
597.830 4.380 88.893
597.860 4.920 54.050
598.310 5.480 36.459
598.320 4.300 43.344
598.330 4.900 55.433
598.340 4.830 56.025
598.350 4.400 49.991
598.360 5.480 71.436
598.370 4.420 53.420
598.380 4.620 38.481
598.390 4.960 80.071
598.410 4.270 59.963
598.440 4.930 76.189
598.450 4.660 77.092
598.490 4.140 65.164
598.500 3.890 88.958
598.510 4.230 72.886
598.520 4.330 85.197
598.530 4.390 84.618
598.540 4.840 61.886
598.560 5.330 88.220
598.570 4.790 75.778
598.580 5.390 89.100
598.590 4.370 66.598
598.600 4.350 67.257
598.610 4.940 88.045
598.620 4.320 67.158
598.640 4.390 57.553
598.660 4.130 62.471
598.670 4.530 63.469
598.680 4.710 46.055
598.690 4.270 65.212
598.700 4.090 68.154
598.710 4.370 82.637
598.720 4.270 46.153
598.730 4.290 84.986
598.740 4.300 78.380
598.750 4.400 70.723
598.760 4.470 60.858
598.770 4.200 54.144
598.780 4.160 40.849
598.790 4.570 69.387
598.800 4.220 62.409
598.810 4.760 78.471
598.820 5.070 76.865
598.830 4.240 72.228
598.840 5.390 84.884
598.850 4.400 67.204
598.860 4.370 68.100
598.870 4.190 44.711
598.890 4.380 54.081
598.910 4.810 76.810
598.920 4.660 84.527
598.930 4.980 68.931
598.940 4.990 86.831
598.950 4.670 78.164
598.970 4.420 67.958
598.990 4.220 67.320
599.000 5.170 76.102
599.010 5.120 75.752
599.020 4.790 63.258
599.030 5.880 82.440
599.040 4.660 56.284
599.050 4.120 65.503
599.060 4.620 62.785
599.080 4.760 60.052
599.100 4.780 82.646
599.110 4.450 82.434
599.120 4.800 69.635
599.160 4.520 72.893
599.170 5.080 78.928
599.180 4.680 82.567
599.190 4.430 62.968
599.200 3.980 55.243
599.210 4.210 73.805
599.220 4.490 75.949
599.230 4.250 75.576
599.240 4.130 66.879
599.300 4.610 69.454
599.310 4.170 65.653
599.320 4.410 68.333
599.330 4.240 57.947
599.340 4.260 33.816
599.350 4.580 27.376
599.360 4.080 52.620
599.370 4.180 33.040
599.380 4.120 56.868
599.390 4.270 56.172
599.400 4.440 46.126
599.410 4.020 67.736
599.420 4.660 50.395
599.430 4.370 57.264
599.440 4.780 60.205
599.450 4.400 57.288
599.460 4.150 56.785
599.470 4.280 60.836
599.480 4.280 78.100
599.490 4.290 89.379
599.500 4.770 47.427
599.510 4.810 80.697
599.520 4.120 57.883
599.540 5.080 77.023
599.550 4.980 76.508
599.570 5.550 81.342
599.580 4.830 69.232
599.590 4.290 60.717
599.600 4.360 53.848
599.640 5.810 89.340
599.670 5.140 79.775
599.680 4.690 81.169
599.690 4.210 89.866
599.700 4.450 79.632
599.740 4.000 75.488
599.750 4.830 46.543
599.760 3.930 64.436
599.770 5.440 83.277
599.780 5.050 47.996
599.790 4.270 49.995
599.820 3.910 74.323
599.830 5.140 75.316
599.840 3.690 60.056
599.860 3.800 73.047
599.870 4.670 74.006
599.880 5.680 75.143
599.890 5.120 63.716
599.900 5.260 87.353
599.910 4.630 68.677
599.970 5.570 83.786
600.020 4.810 70.470
600.050 4.720 75.319
600.060 5.030 85.481
600.070 4.480 66.952
600.080 4.650 36.124
600.090 4.180 47.960
600.100 4.490 53.318
600.110 4.650 71.284
600.120 4.700 63.034
600.130 4.130 71.406
600.140 4.180 68.953
600.150 3.910 66.257
600.160 4.750 55.624
600.170 4.870 76.701
600.260 5.020 84.147
600.380 4.970 86.115
600.390 5.150 78.137
600.400 5.070 80.283
600.430 5.690 84.517
600.460 5.290 89.436
600.480 5.090 87.646
600.490 4.970 63.953
600.500 5.480 68.273
600.510 4.960 89.313
600.600 5.330 66.264
600.610 5.240 58.909
600.620 4.720 64.568
600.630 4.650 43.101
600.640 4.900 45.354
600.650 4.410 49.119
600.660 5.230 44.199
600.670 4.860 41.328
600.680 5.370 53.398
600.690 4.500 53.229
600.700 4.820 37.036
600.710 4.500 42.550
600.720 5.390 70.798
600.730 4.860 56.571
600.740 4.710 82.495
600.760 4.860 80.318
600.770 5.400 66.266
600.800 4.790 81.779
600.810 5.420 75.213
600.820 4.140 75.592
600.830 4.210 64.794
600.840 4.260 56.173
600.850 4.360 66.003
600.860 4.130 58.863
600.870 4.630 70.755
600.880 4.160 69.377
600.890 4.140 59.266
600.900 4.250 83.513
600.910 3.970 50.626
600.920 4.190 67.786
600.930 4.900 48.869
600.940 5.460 75.271
600.960 4.850 67.035
600.980 4.910 88.879
600.990 5.790 77.470
601.000 5.290 78.057
601.040 4.520 73.292
601.050 5.360 72.393
601.060 5.040 74.432
601.070 3.870 52.883
601.080 4.520 72.056
601.090 4.370 58.478
601.110 4.800 85.535
601.120 4.130 67.657
601.130 4.270 55.675
601.140 4.320 75.205
601.190 3.620 80.858
601.200 4.840 87.322
601.210 3.820 40.182
601.220 4.120 66.015
601.230 4.060 78.050
601.240 4.200 44.286
601.250 4.490 54.687
601.260 4.480 49.890
601.290 4.830 49.822
601.300 4.830 61.387
601.310 4.750 82.645
601.320 5.430 86.418
601.330 4.470 71.999
601.520 4.170 56.508
601.530 4.590 87.892
601.540 4.540 61.826
601.550 4.550 59.061
601.560 4.270 48.734
601.570 4.320 59.412
601.580 4.620 59.221
601.590 4.230 67.327
601.600 4.660 72.692
601.610 4.270 77.551
601.620 4.570 43.305
601.630 4.210 74.537
601.640 4.550 72.132
601.650 4.170 67.336
601.660 4.740 44.225
601.670 4.040 52.424
601.680 4.110 83.174
601.690 3.720 76.387
601.700 3.810 77.639
601.730 4.290 74.958
601.750 3.920 78.734
601.760 4.110 68.513
601.770 4.690 81.470
601.780 4.200 64.720
601.790 4.220 77.394
601.800 4.110 81.471
601.810 4.100 73.970
601.820 4.610 69.780
601.830 4.450 60.921
601.850 3.630 70.778
601.860 3.640 81.836
601.870 4.570 85.686
601.910 3.960 88.363
601.920 4.200 76.733
601.930 4.600 73.033
601.940 4.080 80.312
601.950 3.820 86.913
601.970 4.210 82.823
601.980 3.790 69.456
602.000 3.760 88.189
602.010 4.790 56.004
602.020 4.310 86.984
602.030 4.030 88.572
602.040 4.120 62.898
602.050 4.750 83.908
602.060 4.630 79.385
602.070 4.410 40.539
602.080 4.040 69.170
602.090 4.190 69.264
602.100 3.830 80.244
602.140 4.270 77.918
602.160 3.780 81.466
602.170 3.980 78.687
602.180 4.100 71.142
602.190 4.060 85.566
602.210 4.280 87.051
602.220 4.040 87.971
602.230 4.070 66.525
602.240 4.570 81.833
602.250 5.730 53.600
602.320 5.390 89.076
602.460 4.370 36.352
602.470 4.690 50.060
602.480 4.670 57.086
602.500 4.480 38.620
602.510 3.860 78.298
602.520 4.440 67.504
602.530 4.310 52.523
602.540 4.680 78.444
602.570 4.380 68.386
602.580 4.600 68.705
602.590 4.380 77.925
602.600 4.160 80.085
602.630 5.010 81.661
602.640 4.750 62.793
602.650 3.770 58.885
602.660 4.290 71.630
602.670 4.910 75.639
602.690 4.830 78.065
602.710 5.590 87.027
602.720 4.880 80.383
602.730 3.970 73.379
602.740 3.920 66.853
602.750 4.650 60.628
602.760 4.690 64.140
602.770 4.560 52.521
602.780 4.310 78.090
602.790 4.950 68.804
602.810 4.870 70.409
602.820 4.680 75.306
602.830 5.510 76.049
602.850 4.320 84.175
602.860 4.930 83.463
602.870 4.780 86.092
602.890 4.370 67.435
602.900 5.190 79.198
602.910 5.180 80.501
602.920 4.500 77.806
602.940 4.770 68.424
602.950 4.450 49.846
602.960 5.210 81.634
602.970 5.320 83.732
602.980 4.300 71.694
602.990 4.030 55.044
603.000 4.140 85.542
603.010 5.150 75.375
603.020 4.290 74.301
603.030 3.910 72.454
603.040 4.240 48.661
603.050 4.590 33.413
603.060 4.240 63.198
603.070 4.120 77.224
603.080 3.990 65.692
603.090 4.140 69.362
603.100 3.820 79.925
603.140 4.160 89.603
603.150 4.740 85.958
603.160 4.520 89.626
603.170 4.280 82.939
603.180 3.970 89.609
603.190 4.310 61.662
603.200 4.250 63.736
603.210 4.350 72.973
603.220 4.710 79.474
603.230 4.980 89.621
604.780 4.540 89.384
604.800 5.130 85.096
604.810 5.190 76.300
604.870 5.890 87.463
604.880 5.500 79.314
604.900 5.810 83.946
604.920 5.840 77.848
606.650 5.750 82.066
606.660 5.930 79.192
606.670 4.930 69.156
606.680 4.820 43.514
606.690 4.600 85.679
606.800 5.150 81.095
607.960 5.990 38.655
609.550 4.860 50.450
609.560 5.300 59.998
609.570 4.790 63.678
609.580 5.120 69.528
609.590 5.130 40.474
609.600 5.330 39.218
609.610 5.260 17.763
609.620 5.120 13.112
609.630 5.160 32.991
609.640 5.210 37.859
609.650 5.130 36.462
609.660 4.730 80.639
609.670 4.830 68.606
609.680 4.620 49.156
609.690 4.390 57.111
609.700 4.800 88.116
609.710 4.760 71.551
609.740 4.740 73.170
609.750 4.880 70.210
609.760 4.830 77.141
609.770 4.880 74.565
609.780 5.350 54.056
609.790 5.110 75.510
609.800 4.820 47.103
609.810 4.580 73.527
609.820 5.190 85.829
609.830 4.990 80.694
609.840 4.650 57.770
609.850 5.010 60.592
609.860 5.270 71.010
609.870 4.620 84.064
609.890 4.730 61.480
609.990 4.810 58.878
610.000 4.550 49.878
610.050 4.960 81.390
610.060 4.970 64.886
610.070 4.790 66.183
610.080 4.760 37.941
610.090 4.850 80.265
610.110 5.990 86.959
610.130 5.560 51.207
610.140 4.680 72.775
610.150 4.860 68.434
610.160 4.470 59.173
610.170 4.680 59.735
610.180 4.700 62.439
610.190 4.710 82.882
610.200 4.540 74.254
610.220 4.630 88.092
610.250 4.660 62.031
610.260 4.790 53.094
610.270 4.750 60.074
610.280 5.110 70.413
610.290 4.640 77.503
610.310 4.990 68.853
610.320 4.810 77.474
610.330 4.720 81.986
610.340 5.380 54.359
610.350 5.880 62.695
610.360 4.650 61.912
610.370 4.780 68.968
610.380 5.000 73.548
610.390 4.620 48.071
610.430 4.980 75.073
622.280 4.250 72.886
622.510 4.340 49.439
622.520 4.850 55.460
622.540 4.160 62.624
622.560 4.350 63.155
622.570 4.220 71.613
622.580 4.020 56.425
622.590 4.410 76.596
622.600 4.260 40.261
622.610 4.800 80.025
622.620 4.630 50.059
622.630 4.710 56.870
622.640 5.130 83.015
622.650 4.100 59.348
622.660 3.970 66.486
622.690 5.620 81.841
622.790 5.020 77.211
622.800 4.280 63.043
622.810 4.870 81.513
622.820 4.230 80.985
622.830 5.380 66.708
622.850 6.000 84.998
622.860 4.270 58.165
622.870 5.010 69.255
622.880 4.560 88.868
622.890 4.390 55.831
622.920 4.880 69.240
622.930 4.980 76.517
622.940 4.390 70.773
622.960 4.320 85.557
622.980 4.320 74.757
622.990 4.800 87.054
623.020 4.630 63.929
623.030 4.220 78.093
623.040 4.510 65.542
623.050 4.820 45.886
623.060 4.610 63.645
623.070 4.350 78.012
623.080 4.590 88.553
623.090 4.650 81.060
623.100 4.260 79.061
623.110 4.090 73.116
623.120 4.250 43.013
623.130 4.630 51.086
623.140 4.510 36.404
623.150 4.460 75.366
623.160 4.520 69.552
623.170 4.340 67.974
623.180 4.050 69.444
623.190 4.800 76.814
623.210 4.650 85.246
623.220 5.250 59.288
623.230 4.910 88.433
623.260 4.680 71.695
623.280 4.280 69.820
623.290 4.950 84.476
623.300 3.940 55.713
623.310 5.030 76.150
623.320 5.570 64.414
623.330 5.180 85.704
623.350 5.010 45.194
623.360 4.970 34.454
623.370 4.880 40.745
623.380 4.810 40.455
623.390 5.380 47.799
623.550 5.240 85.747
623.580 4.910 80.312
623.590 4.410 68.939
623.600 4.350 40.348
623.610 4.560 85.962
623.620 4.110 85.902
623.630 4.250 47.985
623.640 4.610 46.301
623.650 4.480 60.711
623.660 4.720 85.620
623.670 4.240 53.679
623.680 4.530 71.395
623.690 4.560 77.270
623.710 3.930 58.571
623.720 4.230 51.512
623.730 4.480 81.395
623.740 4.850 49.316
623.780 6.000 72.198
623.790 4.910 38.937
623.800 4.680 89.567
623.810 5.050 67.022
623.850 4.390 66.905
623.860 4.170 62.120
623.870 4.040 54.380
623.880 4.680 70.777
623.890 4.480 54.082
623.900 4.240 41.679
623.910 4.300 38.879
623.920 4.200 50.922
623.930 4.680 79.384
623.940 4.900 82.746
623.950 5.350 83.421
624.010 4.500 74.297
624.020 4.310 69.859
624.030 4.740 30.288
624.040 4.480 77.324
624.050 4.730 36.230
624.070 4.260 67.715
624.080 4.210 80.385
624.090 4.420 74.878
624.100 4.550 48.132
624.110 4.100 38.798
624.120 4.940 40.241
624.130 4.560 57.654
624.140 4.950 35.204
624.150 4.640 56.447
624.160 4.640 73.534
624.170 4.620 70.192
624.180 5.370 78.135
624.190 4.470 43.605
624.200 4.690 37.629
624.700 5.140 79.167
628.060 4.830 63.314
628.080 3.980 73.624
628.200 5.370 62.347
628.360 4.790 81.728
629.980 5.130 80.707
629.990 4.970 65.606
630.000 5.420 74.901
630.010 5.590 72.811
630.570 4.310 64.782
630.580 4.120 88.329
630.600 4.130 79.204
630.610 4.500 56.334
630.620 5.160 75.274
630.630 5.680 75.695
630.640 5.270 87.364
630.650 5.350 84.951
630.690 4.380 64.129
630.700 4.390 77.809
630.710 4.100 88.188
630.720 5.010 72.424
630.730 3.980 62.176
630.740 4.340 68.700
630.750 4.090 65.713
630.760 4.410 57.883
630.770 4.130 50.040
630.780 4.270 59.905
630.790 4.310 57.255
630.800 5.420 72.083
630.850 5.060 73.330
630.860 4.470 48.868
630.870 4.510 71.045
630.900 4.620 68.448
630.910 4.240 59.689
630.920 5.970 81.542
630.970 3.860 78.975
630.980 4.000 79.616
630.990 4.060 45.259
631.000 4.670 65.471
631.010 4.090 84.773
631.020 4.130 67.556
631.030 4.260 41.047
631.040 5.040 55.487
631.050 4.680 52.662
631.060 5.080 73.790
631.070 4.870 85.736
631.080 4.370 68.082
631.090 4.440 86.977
631.100 3.940 87.505
631.110 5.130 56.419
631.130 5.160 73.171
631.150 4.730 54.340
631.160 4.610 54.210
631.170 4.700 52.500
631.180 4.690 34.230
631.190 4.850 85.940
631.200 5.190 79.753
631.210 4.640 66.330
631.220 5.210 85.931
631.240 4.510 80.505
631.250 4.200 76.724
631.270 5.710 75.448
631.280 5.280 57.643
631.290 5.300 67.271
631.310 4.470 71.676
631.320 4.760 80.417
631.330 4.500 61.490
631.340 4.910 78.696
631.350 4.840 67.883
631.360 5.250 42.648
631.370 5.240 80.036
631.380 5.880 79.749
631.390 5.810 55.579
631.400 4.840 57.836
631.410 4.880 83.210
631.480 4.470 84.654
631.500 5.330 72.161
631.510 4.550 52.569
631.520 4.330 60.842
631.530 4.820 66.570
631.550 4.810 64.993
631.590 4.860 71.532
631.600 4.310 66.894
631.610 5.590 85.134
631.620 4.480 78.513
631.680 4.340 56.048
631.690 4.180 66.535
631.700 4.630 69.622
631.710 4.120 66.814
631.730 4.480 82.194
631.740 4.450 87.909
631.830 4.980 89.985
631.850 5.460 81.589
631.980 4.750 74.183
632.060 5.840 86.539
632.090 5.640 88.267
632.120 4.330 71.062
632.180 5.620 74.471
632.220 5.580 75.901
632.230 5.620 78.275
632.270 5.530 58.567
632.280 4.110 86.866
632.290 4.930 80.677
632.350 3.810 77.289
632.430 4.620 79.163
632.440 4.890 78.540
632.460 5.510 76.183
632.540 5.020 86.376
632.560 4.050 86.214
632.580 4.490 74.364
632.820 5.450 79.439
635.320 4.810 74.307
635.700 5.860 74.498
639.290 5.110 84.678
639.310 4.610 71.201
639.320 4.480 58.550
639.330 4.690 79.649
639.340 4.750 75.871
639.360 4.460 75.847
639.370 5.240 81.560
639.380 4.500 77.163
639.390 4.340 67.085
639.400 5.610 71.310
639.420 4.540 81.731
639.430 4.420 84.154
639.440 4.250 68.088
639.450 4.830 64.962
639.460 4.510 76.983
639.480 5.130 71.499
639.490 4.860 88.949
639.510 4.660 65.724
639.520 4.740 81.642
639.550 4.700 55.322
639.560 4.950 76.509
639.570 4.550 78.379
639.600 4.330 61.897
639.610 4.550 69.439
639.620 4.700 37.598
639.630 4.580 65.859
639.640 3.940 76.127
639.650 4.420 46.377
639.680 4.330 61.906
639.690 4.320 74.205
639.700 4.100 89.027
639.710 3.770 74.114
639.720 4.240 59.985
639.730 5.000 43.843
639.740 3.970 57.142
639.750 4.990 80.592
639.760 4.290 76.012
639.770 4.600 75.653
639.780 4.380 85.066
639.790 4.240 41.879
639.800 4.710 56.418
640.060 5.110 70.882
640.070 5.710 84.492
640.080 5.300 72.983
640.090 4.810 77.711
640.100 4.520 43.906
640.110 4.700 78.198
640.120 4.750 78.789
640.250 5.090 78.005
640.280 5.970 78.420
640.310 4.590 77.147
640.320 4.120 58.678
640.330 4.450 80.696
640.340 4.410 69.306
640.350 3.990 77.236
640.360 4.960 71.150
640.370 4.910 75.950
640.380 5.370 73.890
640.390 5.220 68.259
640.400 4.870 66.392
640.410 5.040 57.988
640.420 5.100 78.275
640.430 5.410 85.227
640.470 4.620 62.393
640.480 5.170 80.848
640.500 4.930 86.229
640.510 5.280 73.897
640.520 4.360 79.514
640.530 4.210 54.086
640.550 5.020 85.519
640.560 4.380 79.653
640.570 5.260 70.727
640.580 4.390 44.402
640.590 4.430 70.946
640.600 4.810 60.493
640.610 5.070 85.862
640.630 4.420 67.910
640.700 4.950 89.705
640.710 3.990 68.702
640.720 4.480 82.530
640.730 4.890 72.385
640.850 4.770 55.660
640.860 4.630 75.372
640.870 4.190 65.497
640.880 4.160 64.975
640.890 5.290 36.468
640.900 4.700 44.831
640.910 4.700 67.163
640.930 4.780 76.710
640.940 4.610 84.571
640.950 4.570 32.367
640.970 4.960 49.527
640.980 4.770 42.821
640.990 4.660 65.723
641.000 4.240 45.226
641.010 4.400 61.821
641.020 4.280 59.747
641.030 4.750 80.900
641.040 4.860 40.300
641.080 4.060 59.710
641.090 3.860 61.608
641.110 4.610 84.821
641.120 4.150 74.996
641.130 4.560 61.881
641.160 5.400 74.556
641.190 5.230 69.053
641.200 4.310 79.112
641.210 4.110 51.233
641.220 4.320 61.724
641.230 3.910 61.362
641.240 4.240 70.847
641.250 4.610 65.920
641.260 4.680 43.112
641.270 4.630 41.698
641.280 4.490 54.802
641.290 4.700 76.761
641.300 5.430 85.322
641.310 4.520 88.086
641.320 4.290 64.797
641.330 4.700 53.338
641.340 4.150 57.978
641.350 3.960 58.805
641.360 4.230 69.212
641.370 4.090 50.621
641.380 5.520 87.269
641.450 4.790 51.750
641.460 4.330 69.287
641.470 4.610 69.424
641.480 4.410 63.304
641.490 5.890 84.661
641.510 4.820 80.447
641.530 4.050 68.896
641.540 4.370 65.156
641.550 4.270 78.708
641.560 4.160 62.710
641.570 4.730 84.763
641.590 4.940 71.251
641.690 4.970 67.477
641.700 5.160 60.180
641.820 5.530 65.064
641.880 5.310 87.648
641.890 4.510 84.384
641.900 5.610 86.015
641.920 4.640 80.549
641.940 4.540 84.280
641.950 4.800 80.693
641.980 4.860 87.633
642.010 5.020 85.016
642.030 4.920 87.095
642.040 5.150 88.554
642.070 4.570 70.450
642.110 5.430 87.406
642.270 4.560 46.158
642.280 4.600 71.487
642.290 4.380 79.174
642.300 4.140 66.141
642.310 4.210 60.805
642.400 4.760 36.498
642.480 4.250 41.224
642.490 4.880 72.867
642.500 5.160 79.157
642.530 3.810 83.826
642.540 4.100 83.554
642.550 4.060 84.944
642.700 4.300 77.048
642.810 4.860 87.121
642.840 5.550 87.047
642.870 4.380 62.463
642.890 3.950 74.875
642.910 4.290 54.552
642.920 3.970 87.299
642.930 3.750 68.134
642.940 3.600 76.507
642.950 4.290 69.023
642.960 4.080 39.473
642.970 4.340 73.847
642.980 4.550 69.376
642.990 4.240 46.018
643.000 4.450 74.809
643.010 4.770 53.929
643.020 5.040 37.391
643.030 4.810 49.730
643.040 4.590 52.205
643.050 4.930 59.300
643.060 5.270 77.590
643.070 5.130 72.324
643.090 5.560 74.584
643.100 4.850 65.445
643.110 5.420 75.123
643.120 4.850 58.310
643.140 4.180 50.431
643.150 4.010 57.098
643.160 4.620 69.634
643.170 4.430 56.277
643.180 5.060 78.797
643.190 5.220 87.294
643.200 5.210 87.228
643.380 5.830 80.134
643.440 4.340 59.169
643.450 4.780 46.127
643.460 4.980 50.301
643.470 4.840 68.357
643.480 4.300 59.960
643.490 4.610 80.935
643.500 4.580 62.647
643.510 4.640 82.131
643.520 5.050 89.177
643.530 3.980 86.631
643.540 3.850 64.940
643.550 3.760 53.472
643.560 3.880 72.806
643.570 3.880 78.876
643.580 4.350 67.853
643.590 4.120 62.638
643.610 4.320 65.862
643.620 3.960 76.516
643.700 4.580 80.634
643.710 4.530 79.057
643.720 4.560 69.830
643.750 4.890 74.179
643.880 5.830 69.506
643.890 4.410 64.670
643.900 4.690 77.263
643.910 3.760 69.656
643.920 4.510 53.845
643.930 5.460 62.763
643.940 5.120 62.499
643.950 5.440 36.231
643.960 5.170 60.468
643.970 4.950 60.782
643.980 4.570 68.535
643.990 4.910 60.666
644.000 4.500 53.849
644.010 5.020 53.823
644.020 4.780 51.780
644.030 5.550 64.234
644.040 5.770 46.406
644.050 5.020 56.344
644.060 4.800 53.622
644.070 5.100 85.885
644.110 4.620 58.933
644.120 4.080 67.068
644.130 4.260 59.140
644.140 4.250 56.807
644.150 4.510 56.007
644.160 4.340 87.797
644.170 4.820 77.226
644.190 4.040 76.312
644.200 4.840 84.194
644.210 4.960 78.852
644.220 4.760 73.016
644.230 3.990 53.821
644.240 4.950 77.126
644.250 4.110 74.319
644.260 4.160 81.602
644.270 4.090 80.052
644.280 3.850 44.486
644.300 4.970 55.629
644.310 4.430 42.667
644.320 3.920 70.322
644.330 3.780 88.759
644.340 3.920 76.717
644.370 3.860 86.031
644.380 4.260 72.034
644.390 4.110 72.842
644.450 5.240 80.097
644.460 5.170 73.655
644.470 4.570 69.201
644.480 4.540 44.463
644.490 4.800 67.628
644.500 4.860 69.684
644.510 4.700 74.491
644.520 5.120 33.312
644.540 4.720 84.352
644.550 4.850 81.162
644.560 5.620 66.892
644.570 4.610 51.004
644.580 5.070 85.509
644.590 5.010 54.256
644.600 4.300 85.487
644.610 4.140 55.865
644.620 3.970 77.369
644.640 4.300 88.638
644.650 4.200 88.105
644.660 3.680 60.256
644.670 4.100 57.997
644.700 4.520 61.388
644.710 4.090 79.990
644.720 4.200 59.819
644.730 4.030 69.198
644.740 3.960 68.931
644.750 4.190 84.023
644.760 3.800 89.753
644.780 4.210 85.025
644.790 5.090 79.925
644.800 3.820 88.837
644.810 4.170 54.438
644.820 4.450 67.858
644.850 4.030 74.211
644.860 3.960 73.982
644.920 3.920 86.304
644.940 3.760 76.881
644.950 4.010 68.890
644.970 4.080 66.479
645.000 3.630 89.591
645.020 3.940 69.743
645.040 4.090 50.426
645.050 4.220 61.416
645.090 4.550 54.017
645.100 4.570 58.365
645.110 4.530 89.239
645.120 5.000 70.270
645.150 5.420 83.282
645.160 5.190 79.321
645.170 4.730 77.458
645.180 5.550 86.935
645.190 4.950 73.506
645.200 4.670 47.590
645.220 4.750 74.705
645.230 4.280 71.295
645.240 4.500 49.724
645.250 4.390 79.485
645.260 4.650 53.774
645.270 4.330 45.096
645.290 4.780 89.426
645.300 4.480 46.526
645.310 4.400 59.680
645.320 4.980 51.788
645.430 5.490 59.650
645.440 5.650 77.403
645.450 4.800 76.945
645.460 4.720 37.611
645.480 5.490 87.349
645.530 4.890 72.685
645.540 4.380 74.491
645.550 4.260 73.433
645.560 4.240 75.204
645.570 4.390 51.762
645.580 3.970 62.532
645.590 4.170 58.311
645.600 4.060 76.695
645.610 4.750 57.965
645.620 4.990 87.423
645.730 4.260 81.206
645.750 4.910 84.277
645.760 5.560 87.111
645.770 5.680 62.293
645.780 4.390 72.250
645.790 4.370 43.701
645.800 4.110 63.046
645.810 4.190 65.868
645.820 4.290 64.014
645.830 3.920 71.734
645.840 5.300 72.616
645.850 5.330 81.266
645.870 5.260 57.007
645.880 4.770 40.623
645.890 4.840 76.227
645.910 4.160 77.060
645.930 3.580 89.544
645.960 3.780 69.780
645.970 5.150 45.999
645.990 3.830 56.668
646.000 4.150 72.867
646.010 4.780 54.713
646.020 4.250 71.068
646.030 4.830 85.772
646.060 4.500 57.745
646.070 5.360 84.141
646.250 4.700 41.922
646.310 4.710 82.061
646.320 4.480 75.906
646.330 4.310 73.430
646.350 5.940 79.498
646.360 5.480 77.097
646.370 5.710 82.969
646.390 4.870 75.740
646.410 4.420 74.442
646.430 4.510 54.766
646.440 5.030 66.467
646.450 5.330 84.904
646.460 4.480 61.216
646.470 4.220 63.834
646.480 4.470 69.790
646.490 4.330 62.957
646.500 5.140 71.319
646.850 4.510 79.852
646.860 4.730 77.242
646.900 5.820 82.822
646.920 4.640 81.045
646.930 4.290 83.625
647.040 4.860 85.826
647.110 4.430 73.271
647.130 5.300 45.326
656.780 5.990 84.070
663.560 5.420 88.271
663.910 5.440 83.820
663.930 5.030 63.334
663.940 5.610 76.705
663.990 5.740 46.916
664.000 4.820 68.487
664.010 4.500 80.429
664.020 4.530 86.117
664.030 5.220 81.572
664.040 5.040 85.856
664.070 4.620 74.605
664.090 4.870 72.674
664.120 5.360 62.703
664.150 5.410 43.890
664.780 4.300 85.558
664.850 4.490 87.593
664.990 4.560 89.135
665.100 5.130 89.984
665.110 4.340 88.415
665.200 4.100 88.440
665.270 4.290 83.872
665.300 4.100 85.518
665.330 4.130 88.100
665.340 3.910 82.215
665.380 3.900 88.246
665.400 4.110 88.773
665.420 4.180 87.082
665.460 4.950 80.991
665.470 4.740 83.881
665.480 5.460 72.990
665.540 4.440 84.484
665.600 4.940 67.049
665.620 4.930 75.878
666.040 4.410 69.957
666.160 5.150 74.964
666.430 4.380 88.624
666.450 4.200 85.990
666.510 4.410 86.740
666.550 4.600 69.748
666.560 5.320 61.920
666.570 5.740 70.597
666.580 5.410 87.983
666.610 5.880 71.148
666.640 5.840 70.820
667.190 5.270 77.636
667.200 4.970 81.901
667.210 5.560 65.737
667.470 4.320 89.809
