# time(ns) distance (A) angle (deg)
3.270 4.760 43.791
3.420 4.260 43.162
3.430 4.350 14.903
3.440 4.650 34.105
3.540 4.340 43.055
3.580 4.120 35.619
3.590 4.150 31.531
3.600 3.990 32.123
3.610 4.480 27.977
3.620 3.990 37.022
3.630 3.920 29.607
3.640 4.420 32.216
3.650 3.920 40.669
3.660 4.130 32.665
3.670 3.590 20.322
3.680 4.130 37.825
3.710 4.050 37.992
3.720 4.200 35.769
3.730 4.880 19.943
3.740 4.560 44.737
3.780 4.680 41.592
3.800 4.980 21.889
3.840 4.310 24.112
3.860 4.050 32.909
3.880 4.630 40.436
3.950 4.240 27.039
3.970 4.400 41.321
3.990 4.480 30.196
4.400 4.570 33.272
4.410 3.890 17.601
4.420 3.880 35.357
4.430 4.880 37.886
4.450 4.240 44.636
4.510 4.600 19.534
4.520 4.100 41.013
4.530 4.240 34.484
4.560 4.560 24.795
4.580 4.030 30.577
4.600 4.380 39.411
4.650 4.600 31.736
4.680 4.720 44.888
4.690 4.990 26.817
4.750 4.480 43.183
4.770 4.440 40.043
4.780 4.640 33.344
4.800 4.450 34.008
4.820 4.930 44.127
4.850 4.200 39.996
4.870 3.750 24.297
4.880 4.100 23.482
4.920 4.360 41.590
4.930 4.090 23.455
4.950 4.390 42.428
5.050 4.580 41.989
5.090 4.080 40.920
5.110 4.210 40.498
5.130 4.380 36.439
5.150 4.510 31.684
5.160 4.440 16.662
5.170 4.120 38.694
5.240 4.160 39.451
5.270 3.810 29.884
5.290 4.250 24.512
5.310 4.540 29.289
5.320 4.300 24.863
5.330 4.480 35.455
5.370 4.080 43.906
5.400 4.380 34.785
5.410 4.570 39.013
5.830 4.110 15.794
5.840 4.290 43.921
5.850 4.540 34.102
5.860 4.800 11.802
5.870 4.590 25.215
5.880 4.230 22.977
5.890 4.130 34.006
5.920 4.810 38.289
5.970 4.680 16.795
5.980 4.620 29.412
6.010 4.070 36.887
6.020 4.530 27.801
6.050 4.880 27.948
6.060 4.330 36.331
6.080 4.280 28.238
6.160 4.550 28.762
6.170 4.130 35.736
6.200 4.040 17.151
6.210 4.560 42.268
6.230 4.800 36.612
6.250 4.190 37.588
6.260 4.210 25.537
6.270 4.580 36.392
6.280 4.010 33.999
6.300 4.790 40.113
6.310 4.130 41.436
6.320 4.420 24.665
6.330 4.280 30.648
6.340 3.970 33.602
6.350 4.920 34.648
6.360 4.520 38.138
6.370 4.550 29.285
6.390 4.010 44.006
6.400 4.190 34.016
6.410 4.050 34.583
6.420 4.350 43.645
6.430 4.180 41.772
6.450 3.840 36.355
6.470 3.880 36.733
6.480 4.170 43.930
6.780 4.460 41.493
6.810 4.580 39.467
6.830 4.300 38.585
6.860 4.300 30.537
6.870 4.070 42.178
6.880 4.110 44.890
6.920 4.890 14.192
6.930 4.390 37.780
6.950 4.580 38.674
7.020 4.720 22.101
7.040 4.950 22.209
7.050 4.220 28.360
7.070 4.430 37.486
7.080 4.290 31.062
7.090 4.150 14.462
7.110 4.470 37.943
7.120 3.980 19.762
7.130 4.380 14.237
7.140 4.240 9.824
7.150 4.070 8.350
7.170 4.610 13.608
7.180 4.030 30.317
7.230 4.200 28.731
7.240 4.690 16.935
7.360 4.460 23.012
7.370 4.570 34.545
7.380 4.370 27.650
7.390 4.570 26.966
7.400 4.630 37.069
7.410 4.830 35.514
7.430 4.480 25.842
7.470 4.740 21.580
7.480 4.480 36.411
7.490 4.080 36.206
7.500 4.870 14.249
7.510 4.220 28.337
7.520 4.400 9.374
7.530 4.280 37.371
7.550 4.550 28.975
7.560 4.460 44.264
7.570 4.820 23.422
7.580 4.840 41.524
7.590 4.600 16.485
7.600 4.450 24.729
7.610 4.590 16.067
7.620 4.420 36.810
7.640 4.330 32.066
7.650 4.140 26.041
7.660 4.550 28.108
7.670 4.420 33.309
8.050 4.620 26.325
8.060 4.770 16.041
8.070 4.580 31.032
8.090 4.280 37.658
8.100 3.860 18.526
8.110 4.220 39.626
8.120 4.250 32.401
8.130 4.070 33.227
8.140 4.550 43.602
8.150 4.000 26.505
8.160 4.230 34.438
8.200 4.700 37.795
8.210 4.390 19.080
8.290 4.600 39.381
8.330 4.880 37.847
8.340 4.660 26.372
8.350 3.770 25.051
8.370 4.220 25.604
8.690 3.910 36.076
8.700 4.130 32.200
8.710 3.670 32.216
8.740 4.310 35.056
8.750 4.200 40.538
8.760 4.910 33.961
8.780 3.800 30.990
8.820 4.820 40.732
8.830 4.510 40.130
8.850 3.730 25.869
8.870 4.280 21.697
8.910 4.900 43.965
8.920 3.650 20.863
8.960 4.140 44.735
9.000 4.040 26.651
9.010 4.120 24.372
9.020 4.770 36.629
9.080 4.460 38.580
12.740 4.090 35.454
12.780 4.650 41.115
12.790 4.630 37.467
12.810 4.590 27.619
12.910 4.360 41.745
13.040 4.310 44.653
13.050 4.180 33.022
13.080 4.090 42.079
13.090 4.240 42.665
13.110 4.650 34.262
13.130 4.490 40.621
13.140 4.490 39.497
13.160 4.530 21.555
13.170 4.220 35.531
13.180 4.200 42.507
13.190 4.240 41.482
13.200 4.360 28.165
13.210 4.030 39.608
13.240 4.410 38.652
13.260 4.150 20.080
13.270 3.890 37.769
13.280 4.310 38.238
13.320 4.440 40.401
13.330 4.380 42.538
13.350 4.260 41.071
13.360 4.600 44.167
13.430 4.560 36.533
13.440 4.050 26.111
13.450 3.910 27.682
13.460 3.980 25.366
13.480 4.810 32.208
13.490 4.290 36.821
13.500 4.190 40.011
13.510 4.380 39.059
13.530 4.540 18.864
13.570 4.220 31.413
13.580 3.920 31.284
13.600 4.960 39.503
13.630 3.840 23.854
13.760 4.300 30.392
14.130 4.550 38.709
14.160 4.490 38.755
14.170 4.290 37.479
14.200 4.950 44.548
14.210 4.040 38.857
14.240 4.270 36.759
14.250 4.530 40.201
14.260 4.890 41.145
14.280 4.650 40.944
14.290 4.010 35.404
14.310 4.130 40.272
14.320 4.410 28.803
14.330 3.970 36.331
14.340 4.130 41.106
14.360 4.100 41.321
14.370 4.220 24.420
14.390 4.440 38.365
14.400 4.320 37.763
14.450 4.150 38.135
14.460 4.500 41.148
14.490 4.230 42.873
14.520 4.180 44.854
14.550 4.460 40.567
14.560 4.410 42.685
14.570 4.280 39.736
14.580 4.080 43.298
14.590 4.150 33.575
14.600 4.100 33.080
14.610 4.350 17.954
14.630 4.440 21.863
14.640 4.400 22.283
14.650 4.470 37.887
14.660 4.810 23.997
14.670 4.180 43.790
14.700 4.710 38.966
14.720 4.270 26.466
14.730 4.360 35.005
14.800 4.320 22.605
14.820 4.520 34.067
14.830 4.130 44.702
14.840 4.710 36.807
14.950 4.150 44.699
14.980 4.330 42.770
15.050 4.100 43.734
15.070 4.180 32.161
15.080 4.450 18.910
15.090 4.510 44.017
15.100 3.800 39.960
15.110 4.180 39.515
15.130 4.110 26.250
15.170 4.140 41.142
15.230 3.710 22.848
15.240 4.670 27.217
19.140 4.900 44.394
19.420 4.560 23.833
19.450 4.590 17.431
19.460 4.830 43.984
19.480 4.250 36.787
19.490 4.760 28.933
19.570 4.420 41.559
19.590 4.420 20.917
19.600 4.280 18.725
19.620 4.800 43.763
19.630 4.070 40.274
19.650 4.920 44.247
19.680 4.450 33.756
19.720 4.610 37.217
19.770 4.510 12.461
19.790 4.060 29.071
19.800 4.740 42.643
19.820 4.910 23.935
19.840 4.740 37.398
19.870 4.110 18.329
19.880 4.610 44.444
19.890 4.400 24.859
19.910 4.710 41.778
19.920 4.640 43.452
19.960 4.240 42.807
19.980 4.270 39.434
19.990 4.090 43.302
20.000 4.540 44.881
20.090 4.370 36.061
20.100 4.310 8.680
20.110 4.020 33.977
20.130 4.510 29.038
20.150 4.990 28.206
20.160 4.620 41.297
20.170 3.970 32.014
20.180 4.220 38.018
20.190 4.100 44.144
20.200 3.750 37.635
20.240 4.930 36.648
20.250 4.360 44.955
20.270 4.090 32.927
20.290 4.180 37.018
20.310 4.120 28.903
20.330 3.850 34.313
20.370 4.560 36.089
20.390 4.350 34.469
20.420 4.280 43.700
20.450 4.130 42.990
20.460 4.390 34.484
20.490 4.570 27.259
20.520 4.750 40.100
20.540 3.930 26.690
20.550 4.350 35.095
20.600 4.990 39.004
20.680 4.410 38.359
20.690 4.850 44.452
20.710 4.450 39.017
20.800 4.930 42.110
20.950 4.670 40.460
20.960 4.000 32.714
20.970 4.290 40.026
20.980 3.800 30.284
20.990 4.580 23.064
21.050 4.160 44.626
21.100 4.430 42.516
21.130 4.530 28.802
21.140 4.760 26.834
21.150 4.150 26.139
21.160 4.640 30.046
21.180 4.490 26.291
21.190 4.220 31.052
21.200 4.350 35.292
21.210 4.040 43.060
21.220 4.260 27.332
21.230 3.960 33.400
21.240 4.060 20.411
21.250 3.650 19.706
21.260 3.690 4.148
21.280 3.750 21.186
21.290 4.070 26.090
21.320 4.720 25.477
21.330 4.450 28.089
21.340 4.830 34.544
21.350 4.330 27.400
21.360 4.830 27.498
21.370 4.480 29.759
21.380 4.300 30.728
21.390 4.340 12.911
21.410 4.570 17.049
21.420 4.300 29.487
21.430 4.590 33.282
21.440 4.100 20.128
21.450 4.160 3.852
21.460 4.260 22.375
21.470 3.770 24.557
21.480 3.840 13.925
21.490 4.550 5.421
21.500 3.820 4.623
21.510 3.670 20.702
21.520 3.490 18.241
21.530 3.670 25.649
21.540 4.070 29.178
21.550 3.940 27.081
21.560 3.910 18.946
21.570 3.700 8.745
21.580 3.700 17.905
21.600 4.200 37.941
21.610 3.960 22.923
21.620 4.350 25.265
21.630 4.880 33.124
21.640 4.020 25.458
21.650 3.910 22.025
21.660 4.600 14.966
21.670 4.740 31.095
21.770 4.410 5.879
21.780 4.530 34.691
26.280 4.440 20.164
26.440 4.960 28.163
26.490 4.610 22.337
26.500 4.790 21.281
26.510 4.960 21.664
26.520 4.720 34.755
26.530 4.420 35.344
26.540 4.400 15.919
26.560 4.940 7.489
26.570 4.710 21.063
26.580 4.940 29.047
50.000 4.040 23.431
50.030 4.250 44.010
50.050 4.550 36.973
50.060 4.720 32.174
50.070 4.180 39.547
50.080 4.280 43.154
50.090 4.170 32.237
50.110 4.350 41.100
50.130 4.180 41.904
50.140 4.180 39.166
50.150 4.840 44.998
50.190 4.110 36.795
50.210 4.350 33.101
50.230 4.130 37.101
50.270 4.600 34.872
50.280 4.430 38.720
50.290 4.380 41.441
50.330 4.190 35.114
50.340 4.650 43.928
50.370 4.300 36.878
50.380 4.770 22.784
50.430 4.510 42.681
50.440 4.890 43.527
50.450 4.840 30.287
50.480 4.560 42.409
50.500 4.850 39.135
50.520 4.600 31.801
50.530 4.090 39.884
50.540 4.510 20.813
50.550 4.460 18.778
50.560 4.950 42.674
50.580 4.380 32.471
50.620 4.400 33.983
50.630 4.320 26.545
50.730 4.170 44.532
50.820 4.190 33.957
50.830 4.440 38.896
50.860 4.340 27.690
50.870 4.130 44.962
50.910 4.950 43.738
50.920 4.970 36.873
50.930 4.140 29.073
50.940 4.730 44.884
50.950 4.860 39.978
50.980 4.270 43.015
51.010 4.770 43.608
51.020 4.150 38.276
51.040 4.150 18.212
51.060 4.260 32.277
51.120 4.780 42.060
51.150 4.430 40.040
51.160 4.740 40.153
51.170 4.750 22.788
51.180 3.970 18.209
51.190 3.860 26.683
51.200 3.920 27.546
51.230 3.880 29.598
51.240 3.680 25.443
51.250 4.420 33.424
51.260 4.080 32.700
51.270 4.230 29.977
51.290 4.580 44.142
51.320 4.760 39.914
51.340 4.510 44.468
51.420 4.430 31.476
51.460 4.010 44.397
51.470 4.210 34.845
51.490 4.550 35.983
51.510 4.440 42.183
51.540 4.100 44.508
51.550 3.830 26.822
51.570 4.240 37.291
51.580 4.120 30.535
51.600 4.010 35.045
51.620 4.060 25.197
51.630 4.080 44.237
51.650 4.230 41.304
51.670 4.050 41.236
51.680 4.360 36.996
51.730 3.990 29.478
51.740 4.380 9.182
51.750 4.010 15.077
51.760 4.100 20.277
51.770 3.890 19.703
51.780 3.980 42.551
51.790 4.020 33.866
51.800 4.220 30.846
51.810 4.340 22.528
51.820 4.010 25.357
51.830 3.980 24.460
51.840 3.850 25.743
51.860 4.310 43.817
51.920 4.140 35.355
51.930 4.500 21.304
51.940 4.170 39.592
51.950 4.270 41.823
51.960 4.180 42.781
51.990 4.700 41.652
52.010 3.880 33.121
52.020 3.850 30.169
52.070 4.790 42.262
52.080 3.830 25.412
52.180 4.720 35.955
52.240 4.180 38.858
52.290 3.950 40.203
52.300 4.040 23.135
52.320 4.170 31.757
52.370 4.660 28.004
52.380 4.140 30.707
52.390 3.790 42.904
52.410 4.070 44.641
52.420 4.340 43.349
52.430 4.030 34.399
52.440 4.150 41.091
52.460 4.180 35.148
52.480 4.660 44.017
52.510 4.080 26.491
52.520 4.270 33.993
52.530 4.190 41.100
52.540 4.170 29.558
52.550 4.120 39.291
52.570 4.910 24.153
52.580 3.910 19.403
52.590 4.110 38.083
52.600 4.530 26.789
52.610 3.990 20.389
52.620 4.190 17.296
52.630 4.100 40.234
52.640 4.480 20.445
52.660 4.520 38.239
52.680 4.000 22.828
52.700 4.040 27.295
52.710 4.360 19.106
52.720 4.760 21.541
52.730 3.900 32.253
52.740 4.300 37.962
52.810 3.930 11.943
52.820 3.970 36.167
52.870 4.810 39.208
53.180 4.180 33.967
53.230 4.270 42.611
53.240 4.290 30.549
53.310 4.910 10.510
53.320 4.420 20.668
53.330 4.300 21.283
53.340 4.150 16.993
53.350 4.790 21.167
53.360 4.200 32.294
53.370 4.200 41.366
53.380 4.080 43.403
53.390 4.790 33.059
53.400 4.510 27.006
53.420 4.330 36.777
53.440 4.340 39.555
53.450 3.970 44.885
53.460 4.150 30.675
53.470 4.440 37.727
53.480 3.930 34.802
53.490 3.830 30.202
53.570 4.600 30.716
53.580 4.300 22.040
53.610 4.480 24.270
53.620 4.340 37.375
53.630 4.410 33.113
53.640 4.530 24.554
53.650 4.180 44.296
53.670 4.730 32.740
53.680 3.920 23.133
53.700 4.390 39.252
53.720 4.600 43.923
53.730 4.380 28.330
53.750 4.560 41.086
53.760 4.470 33.812
53.770 3.900 41.538
53.780 4.350 29.989
53.790 4.280 24.902
53.800 4.590 42.283
53.880 4.020 31.124
53.890 4.090 35.990
53.920 4.390 41.326
53.960 4.660 32.316
53.970 4.080 24.572
53.980 4.890 36.771
54.020 4.240 41.146
54.040 4.160 23.962
54.100 4.380 35.430
54.110 4.330 42.629
54.140 4.410 44.427
54.160 4.570 20.556
54.170 4.800 41.029
54.190 4.690 43.930
54.200 4.930 44.768
54.220 4.380 33.113
54.240 4.380 30.902
54.250 4.240 33.573
54.260 4.170 32.718
54.270 4.780 43.335
54.280 4.530 40.627
54.300 4.550 40.964
54.310 4.900 29.870
54.320 4.450 41.790
54.330 4.370 39.150
54.340 4.020 29.426
54.350 4.390 41.224
54.370 4.510 33.527
54.380 4.070 33.972
54.400 4.510 35.489
54.410 4.720 28.459
54.420 4.990 39.467
56.300 4.310 41.215
56.310 4.710 37.165
56.320 4.400 39.605
56.340 4.340 28.206
56.350 4.460 43.108
56.360 4.350 38.481
56.370 4.340 43.401
56.390 3.950 32.004
56.400 4.140 17.400
56.410 4.400 36.546
56.420 4.620 25.300
56.440 4.110 33.128
56.450 4.040 32.396
56.460 4.040 24.153
56.470 4.380 41.822
56.490 4.180 31.926
56.500 4.090 29.755
56.510 4.210 43.327
56.530 4.160 26.557
56.550 4.680 26.356
56.560 4.770 25.896
56.590 3.910 32.502
56.610 4.240 38.615
56.630 4.330 33.134
56.640 3.850 26.137
56.660 4.120 41.880
56.690 4.390 41.909
56.700 4.340 38.579
56.710 4.490 41.119
56.730 4.440 19.207
56.800 4.510 33.779
56.810 4.380 39.652
56.820 4.230 29.111
56.830 4.200 35.415
56.840 4.510 29.716
56.860 4.340 31.527
56.870 4.170 43.484
56.880 4.570 41.748
56.890 4.130 38.931
56.900 4.690 26.412
56.920 4.920 26.175
56.930 4.860 36.345
56.950 4.090 34.022
56.960 4.470 10.619
56.970 4.220 41.920
57.020 4.540 26.346
57.050 4.000 32.142
57.090 4.530 43.983
57.100 4.030 34.341
57.280 4.280 38.067
57.320 4.280 16.887
57.330 4.070 38.096
57.340 4.970 40.488
57.360 4.250 40.358
57.370 4.290 37.018
57.400 4.400 40.737
57.420 4.010 28.059
57.440 4.720 38.916
57.460 4.260 44.114
57.490 4.310 23.124
57.510 4.730 28.411
57.520 4.610 36.256
57.530 4.340 39.490
57.550 4.410 36.303
57.560 4.310 41.609
57.590 4.420 42.309
57.630 4.000 32.197
57.650 4.540 26.574
57.660 4.800 26.825
57.690 4.660 42.770
57.710 4.460 24.107
57.720 4.860 39.244
57.740 3.920 26.357
57.750 4.130 24.456
57.760 4.420 30.869
57.790 4.960 41.007
57.800 4.470 30.608
57.820 4.240 24.021
57.870 4.190 41.120
57.880 4.230 29.145
57.890 4.530 33.000
62.560 4.770 36.393
62.570 4.110 38.065
62.580 4.490 31.453
62.590 4.000 32.563
62.600 4.100 37.327
62.610 4.270 33.001
62.630 4.400 39.815
62.640 4.180 36.938
62.660 4.130 31.448
62.670 4.250 29.314
62.680 4.260 43.698
62.690 3.930 36.399
62.700 4.990 33.917
62.720 4.280 26.773
62.730 4.290 15.804
62.750 4.090 19.822
62.770 3.960 38.055
62.780 4.600 30.527
62.800 4.320 24.524
62.830 4.120 42.372
62.850 4.240 42.698
62.860 4.510 37.689
62.910 4.330 44.886
62.920 4.310 35.798
62.930 4.700 42.113
62.950 4.200 35.681
62.960 3.930 32.896
62.990 4.580 36.850
63.010 4.240 26.772
63.040 4.190 21.955
63.060 4.090 35.708
63.070 4.140 25.930
63.170 4.610 27.026
63.200 4.690 40.754
63.210 4.230 30.873
63.220 4.560 26.776
63.230 3.940 16.273
63.240 4.740 29.409
63.270 4.760 33.412
63.280 4.980 40.089
63.290 4.850 42.814
63.300 4.670 31.406
63.340 4.500 42.894
63.350 3.990 42.504
63.360 4.880 31.005
63.370 4.550 38.485
63.380 4.480 42.511
70.310 4.720 34.143
70.320 4.340 36.252
70.330 4.020 39.020
70.340 4.460 27.311
70.400 4.720 44.756
70.420 4.000 28.037
70.430 4.330 24.006
70.440 4.630 38.466
70.460 4.110 41.278
70.470 3.970 44.685
70.480 4.360 42.225
70.500 4.610 38.595
70.510 4.270 39.744
70.520 4.610 40.609
70.540 3.720 14.947
70.550 4.110 25.913
70.640 4.080 25.345
70.650 4.400 35.752
70.690 4.190 17.652
70.700 4.080 29.960
70.710 3.870 21.765
70.720 4.350 16.528
70.730 4.100 19.871
70.740 4.390 41.562
70.750 4.440 38.423
70.760 4.050 31.435
70.770 4.260 38.348
70.790 4.420 23.805
70.900 4.830 18.083
70.910 4.090 28.183
70.920 4.260 25.469
70.980 4.250 30.373
71.010 4.450 32.306
71.040 4.040 17.018
71.130 4.710 37.597
71.170 4.560 19.786
71.180 4.430 36.441
71.190 4.050 33.064
71.200 4.290 25.627
71.210 4.120 31.069
71.220 4.790 42.171
71.240 3.860 35.532
71.250 4.440 40.588
71.280 4.560 40.282
71.350 4.060 32.133
71.370 4.310 39.806
71.380 4.180 26.574
71.390 4.850 44.425
71.450 4.680 36.157
71.460 4.150 23.701
71.780 4.300 38.955
71.810 4.370 39.804
71.820 4.070 42.825
71.830 4.200 40.867
71.840 4.390 44.781
71.920 4.360 40.877
71.940 4.130 43.533
71.950 4.420 38.823
71.990 3.830 25.842
72.000 4.770 41.726
72.030 4.230 42.734
72.060 3.810 26.464
72.070 4.040 16.133
72.080 3.880 28.412
72.100 4.060 35.876
72.110 3.740 32.223
72.120 3.850 19.665
72.130 3.970 33.449
72.140 3.980 26.134
72.150 3.750 22.273
72.160 4.140 37.066
72.170 3.970 9.644
72.180 3.720 17.467
72.190 4.020 30.658
72.200 4.420 26.978
72.220 4.050 25.037
72.230 4.080 17.234
72.240 4.160 37.292
72.250 3.980 38.912
72.260 4.190 34.430
72.280 4.230 25.745
72.290 4.360 41.259
72.360 3.780 28.144
72.380 4.360 37.514
72.420 4.390 42.057
72.750 4.390 39.151
72.760 4.060 37.704
72.790 4.220 41.461
72.810 4.080 36.767
72.820 4.660 33.809
72.830 4.130 16.740
72.840 4.740 23.123
72.950 4.900 40.417
73.010 4.820 13.305
73.020 4.100 27.698
73.030 4.980 28.468
73.060 4.980 40.189
73.070 4.440 40.787
73.080 4.650 24.620
73.160 4.100 29.042
73.170 3.870 32.667
73.180 4.670 23.076
73.190 4.310 37.114
73.200 3.790 30.815
73.220 4.030 36.758
73.240 4.870 39.754
73.260 4.220 43.391
73.290 4.640 9.864
73.300 4.190 32.354
73.310 4.870 41.419
73.320 4.590 44.334
73.560 4.260 39.749
73.570 4.050 33.308
73.580 4.110 19.237
73.590 4.290 9.768
73.600 4.120 25.811
73.620 4.360 28.726
73.630 4.820 30.040
73.640 4.110 22.394
73.650 4.100 19.718
73.660 4.100 22.528
73.670 4.350 38.724
73.680 4.180 38.729
73.690 3.580 16.285
73.700 4.090 28.810
73.710 3.960 19.656
73.730 4.410 18.711
73.740 4.650 7.334
73.780 4.240 35.566
73.790 4.390 16.195
73.810 4.100 26.688
73.820 4.230 35.337
73.830 3.930 23.323
73.840 4.000 18.581
73.860 4.560 20.540
73.870 4.980 7.091
73.910 4.080 37.336
73.920 4.580 30.276
73.930 4.200 12.264
73.940 3.940 32.197
73.950 4.510 27.802
73.960 4.460 44.853
73.970 4.210 39.484
73.980 4.030 31.945
73.990 3.950 24.273
74.000 4.490 26.393
74.010 3.790 23.662
74.020 3.850 17.023
74.030 3.880 14.571
74.040 4.060 22.638
74.050 3.690 32.836
74.060 4.070 10.494
74.070 4.080 29.586
74.080 4.160 20.492
74.090 3.940 44.077
74.100 3.970 20.939
74.110 4.250 40.447
74.120 4.600 29.710
74.130 4.070 32.004
74.140 4.020 14.816
74.150 4.410 33.819
74.160 3.750 11.583
74.170 3.720 21.945
74.180 3.970 27.919
74.190 4.440 15.690
74.200 4.600 35.678
74.220 4.110 35.383
74.230 4.370 23.801
74.240 4.030 14.876
74.250 3.710 15.910
74.260 3.960 31.391
74.270 3.830 23.738
74.280 4.060 29.945
74.290 3.570 22.634
74.300 4.310 38.459
74.310 4.020 24.461
74.320 3.840 31.795
74.350 4.780 1.107
74.360 4.070 36.342
74.370 4.410 36.565
74.380 4.800 21.886
74.400 4.860 26.031
74.420 4.380 9.431
74.430 4.080 15.028
74.440 3.750 12.318
74.450 4.750 16.407
74.460 4.390 42.203
74.480 4.740 43.446
74.510 4.280 33.079
74.520 4.420 31.887
74.540 3.990 31.443
74.560 4.000 42.130
74.590 4.350 42.837
74.610 3.860 30.837
74.620 4.040 34.033
74.630 3.950 31.933
74.750 4.980 44.903
74.760 4.490 34.444
74.780 4.280 35.961
74.850 4.400 34.178
113.730 4.890 30.172
113.800 3.900 42.738
113.840 4.390 42.391
113.850 4.060 38.264
114.300 4.530 43.221
114.320 4.980 12.661
114.370 4.600 43.050
114.380 4.680 26.342
114.400 3.940 38.906
114.420 4.640 39.316
114.430 4.310 43.902
114.480 4.350 33.725
114.490 4.420 40.022
114.520 4.190 29.824
114.550 4.780 36.751
114.630 4.450 40.884
114.660 3.870 33.917
114.730 4.200 44.263
114.930 4.880 43.266
114.960 4.240 41.080
115.040 4.180 40.230
115.060 3.870 30.048
115.070 4.110 43.546
115.100 4.570 44.625
115.130 4.120 40.313
115.160 4.330 44.426
115.170 4.180 37.002
115.180 4.100 41.815
115.230 4.400 40.522
115.340 4.630 30.511
115.350 4.590 44.479
115.360 4.200 39.491
115.370 4.210 42.957
115.400 4.460 36.950
115.410 4.180 33.250
115.420 4.150 35.946
115.500 4.500 34.385
115.570 4.490 30.457
115.650 4.320 28.357
115.660 4.510 23.467
115.670 3.930 26.610
115.690 4.950 44.715
115.700 4.720 31.990
115.720 4.400 40.949
115.740 4.660 44.577
115.800 4.310 42.933
115.810 4.000 28.160
115.850 4.420 29.193
115.870 4.710 40.178
115.890 4.190 32.508
115.900 3.880 43.331
115.910 4.510 38.469
115.960 4.550 26.405
115.990 4.470 42.833
116.010 4.260 44.155
116.070 4.300 29.703
116.090 4.510 31.731
116.100 4.520 34.309
116.110 4.180 29.209
116.130 4.840 40.581
116.160 4.730 41.792
116.170 4.770 35.624
116.200 4.250 35.578
116.280 4.850 43.061
116.310 4.400 34.404
116.340 4.860 43.160
116.410 4.150 36.829
116.430 4.400 33.078
116.450 4.910 33.750
116.460 4.730 41.239
116.470 4.530 40.548
116.580 4.350 43.826
116.590 3.970 33.410
116.610 4.240 42.734
116.620 4.130 23.526
116.630 4.940 24.989
116.640 4.330 30.895
116.650 4.350 30.914
116.670 4.500 30.477
116.680 4.430 25.440
116.700 4.460 9.962
116.710 4.880 27.844
116.720 4.400 20.014
116.730 4.540 27.459
116.740 4.710 19.403
116.750 4.270 35.209
116.760 4.800 20.620
116.770 4.740 28.650
116.780 4.720 21.459
116.790 4.510 32.293
116.800 4.580 21.408
121.820 4.660 36.833
121.850 4.860 40.875
121.890 4.970 38.356
121.910 4.250 43.229
121.920 4.450 39.922
121.960 4.660 30.616
122.010 4.080 22.688
122.270 4.680 43.050
122.300 4.870 44.894
122.310 4.200 35.586
122.330 4.490 42.539
122.340 4.410 20.040
122.360 4.410 39.103
122.380 3.980 32.271
122.390 4.160 40.953
122.410 4.470 33.710
122.420 4.490 35.135
122.430 4.810 34.376
122.450 3.970 37.071
122.490 4.270 27.416
122.530 4.460 44.181
122.580 4.280 43.438
122.590 4.330 40.404
122.610 4.550 44.615
122.630 4.260 44.066
122.660 4.390 33.113
122.680 4.700 37.664
122.720 4.530 42.675
122.730 3.970 33.988
122.760 4.380 44.427
122.780 3.970 38.677
122.790 4.120 38.890
122.800 4.220 33.787
122.810 4.180 37.744
122.820 4.250 20.481
122.830 4.200 28.459
122.890 4.780 44.542
122.900 4.460 39.268
122.910 4.330 42.842
122.950 4.900 41.054
122.960 3.970 27.136
122.970 4.410 20.297
122.980 3.870 34.364
123.000 3.750 24.888
123.010 4.580 41.777
123.020 4.550 36.949
123.030 3.880 16.505
123.040 4.190 19.845
123.050 4.120 30.677
123.060 4.190 5.864
123.070 4.410 36.470
123.080 4.480 42.556
123.090 4.240 31.829
123.110 4.620 35.645
123.120 4.460 42.499
123.130 4.290 28.058
123.140 4.780 43.919
123.220 4.580 34.195
123.230 4.960 27.613
123.240 4.620 34.418
123.250 4.250 27.808
123.260 4.270 41.498
123.270 4.360 34.473
123.290 4.330 38.278
123.330 4.660 44.455
123.360 4.130 39.493
123.370 3.880 44.728
123.410 4.780 37.543
123.430 4.900 31.602
123.440 4.350 37.393
123.450 4.880 39.722
123.480 4.300 24.216
123.500 4.230 33.647
123.520 4.670 36.060
123.530 3.890 26.068
123.560 4.110 26.872
123.580 4.420 38.443
123.600 4.340 40.914
123.610 3.950 24.192
123.620 4.080 38.306
123.640 4.600 30.317
123.650 4.250 41.776
123.660 4.120 26.862
123.680 4.830 41.356
123.730 4.110 44.253
123.760 4.910 38.876
123.780 4.590 42.645
123.800 3.970 36.704
123.810 4.070 28.288
123.830 4.700 30.081
123.910 4.430 29.120
123.930 3.770 22.281
124.010 4.320 39.361
124.100 3.890 33.430
124.110 3.890 37.975
124.130 3.980 22.793
124.150 4.040 43.849
124.160 4.160 35.997
124.200 4.300 34.874
124.250 4.260 31.595
124.280 4.120 22.564
124.310 4.940 44.370
124.340 4.770 44.270
124.350 4.680 42.491
124.360 4.430 39.957
124.370 4.540 37.991
124.380 4.070 42.626
124.410 4.220 43.342
124.420 4.150 32.693
124.430 4.120 43.885
124.440 4.650 31.361
124.470 4.370 35.346
124.480 4.640 39.271
124.500 4.340 32.618
124.510 4.290 38.393
124.520 4.540 42.770
124.530 3.980 39.096
124.540 4.100 44.716
124.590 4.140 34.833
124.620 4.280 43.906
124.630 4.090 24.849
124.640 3.640 17.451
124.650 4.060 12.244
124.660 4.150 27.332
124.670 4.690 31.663
124.680 4.350 23.641
124.690 4.320 32.241
124.710 4.260 42.692
124.730 4.370 18.287
124.740 4.460 40.638
124.750 4.730 29.405
124.780 4.790 13.443
124.800 4.800 36.576
124.810 4.150 43.920
124.820 4.220 30.798
124.830 4.420 13.526
124.840 4.770 42.819
124.850 4.410 8.720
124.860 4.160 16.534
124.870 4.510 24.024
124.880 4.570 42.437
124.890 4.280 9.579
124.900 4.620 20.681
124.930 4.210 34.488
124.960 4.950 19.228
124.980 4.580 13.395
124.990 4.600 27.498
125.000 4.740 30.206
125.010 4.690 26.568
125.030 4.450 27.117
125.040 4.580 16.404
125.060 4.080 18.359
125.070 4.600 36.735
125.080 4.370 33.982
125.100 3.810 18.540
125.110 3.800 25.240
125.120 4.250 14.916
125.130 3.830 7.372
125.140 3.920 20.147
125.150 4.690 18.269
125.170 4.610 44.703
125.180 4.500 43.991
125.210 4.800 41.410
125.260 4.980 36.288
125.290 4.570 33.803
125.300 4.060 41.102
125.310 4.590 30.273
125.380 4.620 32.613
125.400 3.960 38.940
125.420 4.070 32.673
125.440 4.110 36.410
125.450 4.810 30.609
125.460 4.640 44.107
125.470 4.430 35.934
125.490 3.980 37.969
125.500 4.110 23.080
125.510 4.770 37.210
125.550 4.800 37.324
125.560 4.830 38.467
125.590 4.850 43.279
125.600 4.820 33.025
125.630 4.450 36.677
125.680 4.160 35.731
125.690 4.080 42.726
125.700 3.840 38.582
125.730 3.860 15.525
125.740 4.210 42.403
125.750 4.110 43.933
125.790 4.960 35.504
125.800 4.240 42.381
125.850 4.340 38.928
125.860 4.970 44.522
125.880 4.010 44.669
125.920 4.690 42.506
125.930 4.990 38.469
125.990 4.780 40.399
126.000 4.120 29.241
126.010 4.610 30.434
126.130 3.980 38.644
128.340 4.450 31.403
128.350 4.440 21.764
128.360 4.680 28.533
128.370 4.990 20.348
128.390 4.130 16.551
130.860 4.350 26.549
130.880 4.700 44.557
130.900 4.940 37.466
130.910 4.040 36.884
130.920 4.410 13.862
130.930 4.560 35.083
130.950 4.630 29.422
130.960 4.640 31.331
130.990 4.360 36.424
131.020 4.040 18.979
131.030 4.290 32.385
131.040 4.700 37.513
131.050 4.960 43.236
131.100 4.800 38.428
131.110 4.910 32.935
131.150 4.260 35.686
131.160 4.840 19.871
131.170 4.350 24.294
131.180 4.100 20.368
131.190 4.470 33.152
131.200 3.920 15.048
131.210 4.000 28.786
131.230 4.640 31.608
131.240 4.660 29.081
131.250 4.570 29.113
131.260 4.680 28.721
131.270 4.710 25.228
131.290 4.630 31.894
131.300 4.890 12.389
131.320 4.730 10.356
131.330 4.360 18.282
131.350 4.390 17.079
131.430 4.980 27.415
131.440 4.860 40.359
131.450 4.520 27.550
131.480 4.830 6.338
131.490 4.480 22.806
131.500 4.760 12.668
131.510 4.500 39.524
131.520 4.180 36.746
131.530 4.420 35.485
131.540 3.950 24.463
131.550 4.050 22.195
131.560 4.160 16.363
131.570 4.320 25.389
131.590 4.200 28.503
131.620 4.300 13.899
131.630 4.550 32.524
131.640 4.520 32.610
131.650 4.870 28.148
131.660 4.390 29.791
131.670 4.560 27.977
131.680 4.760 29.645
131.690 4.800 36.760
131.720 4.930 32.838
131.740 4.490 33.389
131.760 4.800 34.177
131.770 4.630 15.908
136.890 4.300 30.450
136.900 4.570 13.077
136.910 4.480 27.201
136.940 4.420 42.296
136.950 4.260 36.710
136.970 4.300 32.867
136.980 4.440 38.038
136.990 4.260 18.893
137.000 3.930 43.904
137.010 4.370 30.633
137.020 4.620 19.093
137.030 4.940 32.724
137.050 4.200 39.732
137.060 4.380 27.071
137.070 4.190 31.829
137.080 4.830 26.027
137.090 4.520 28.429
137.100 4.840 31.793
137.110 4.320 23.507
137.120 4.210 40.658
137.130 4.950 29.457
137.140 4.340 27.818
137.150 4.990 28.980
137.160 4.510 43.601
137.200 4.150 40.363
137.210 3.940 41.938
137.280 4.540 30.135
137.290 4.010 30.065
137.300 4.510 39.968
137.310 4.620 44.951
137.350 4.270 38.900
137.370 4.690 36.086
137.380 4.150 42.290
137.390 4.540 43.247
137.400 4.450 43.731
137.420 4.130 41.613
137.430 4.220 24.133
137.440 3.760 19.796
137.450 4.320 41.980
137.460 3.710 26.890
137.470 4.800 31.874
137.500 4.280 42.909
137.540 4.020 44.213
137.590 4.430 37.298
137.600 3.810 30.342
144.740 4.910 44.661
144.750 4.770 40.940
144.790 4.610 38.406
144.800 4.050 44.620
144.810 4.290 38.839
144.850 4.500 37.330
144.890 4.180 34.403
144.900 3.880 1.374
144.930 4.850 16.109
144.980 4.670 42.628
144.990 4.320 43.525
145.000 4.170 43.616
145.030 4.370 43.454
145.110 4.340 27.146
145.130 4.590 31.832
145.140 4.030 29.522
145.150 4.400 42.115
145.170 4.220 39.161
145.180 4.360 35.173
145.240 4.030 42.979
145.250 4.610 33.797
145.270 4.030 32.004
145.280 4.380 25.928
145.360 4.620 32.069
145.440 4.360 44.360
145.450 4.460 43.668
145.470 4.510 40.272
145.510 4.170 43.068
145.530 4.010 32.015
145.560 4.320 28.181
145.570 4.230 38.718
145.590 4.990 35.276
145.640 4.610 34.117
145.650 4.230 44.551
145.660 4.020 23.997
145.690 4.420 30.543
145.700 4.180 43.922
145.710 4.400 33.558
145.720 3.950 20.611
145.730 4.390 32.626
145.740 4.850 38.945
145.750 4.520 16.040
145.760 4.380 32.366
145.790 4.510 25.279
145.850 4.390 26.799
145.860 4.850 40.030
145.870 4.580 24.492
145.900 4.400 44.421
145.920 4.880 42.708
145.960 4.630 44.298
146.010 4.510 16.366
146.020 4.940 32.734
146.040 4.660 30.405
146.050 4.110 40.851
146.060 4.260 42.453
146.070 4.380 38.023
146.090 4.090 8.978
146.100 4.620 34.514
146.120 4.140 9.648
146.130 3.980 36.172
146.160 3.880 41.356
146.170 4.050 31.261
146.180 4.000 20.490
146.190 4.000 34.387
146.220 4.350 31.545
146.230 4.150 23.630
146.260 4.180 24.989
146.270 4.210 36.612
146.280 4.270 21.870
146.300 4.730 11.963
146.320 4.080 35.892
146.370 4.390 42.493
146.400 4.560 32.821
146.480 4.260 39.222
146.490 4.190 40.165
146.510 4.380 32.663
146.540 4.390 40.747
146.580 4.630 31.005
146.590 4.370 21.694
146.620 4.660 37.620
146.640 4.590 43.870
146.650 4.320 33.267
146.680 4.550 31.986
146.700 4.500 30.549
146.710 4.430 33.347
146.720 4.490 39.396
146.730 4.680 35.482
146.740 4.830 22.278
146.750 4.680 43.841
146.780 4.670 35.460
146.790 4.540 41.874
146.820 4.740 31.324
146.830 4.860 33.959
146.850 4.160 36.270
146.860 4.380 42.391
146.930 4.320 39.181
146.940 4.060 31.810
146.960 4.880 39.934
146.970 4.500 29.133
146.980 4.460 34.508
146.990 4.500 24.266
147.050 4.190 39.215
147.130 4.670 38.197
147.170 4.410 34.257
147.180 4.110 25.072
147.270 4.200 35.188
147.280 4.430 41.393
147.320 4.260 36.098
147.370 4.240 38.076
147.390 4.690 43.718
147.400 4.090 36.365
147.410 4.190 37.225
147.420 4.270 36.906
147.440 4.600 34.913
147.450 4.390 22.927
147.460 4.800 33.893
147.470 4.470 43.010
147.490 4.720 38.427
147.510 4.370 42.794
147.530 4.030 39.619
147.550 4.160 35.501
147.560 4.470 43.399
147.570 4.460 18.306
147.600 4.670 28.599
147.610 4.330 37.772
147.620 4.190 31.826
147.640 4.480 22.553
147.660 4.410 33.417
147.670 4.810 43.892
147.730 4.600 40.743
147.740 4.400 39.752
147.790 4.570 43.372
147.800 4.810 41.094
147.810 4.660 43.822
147.820 4.340 44.880
147.960 4.050 28.334
147.980 4.470 30.248
148.030 4.980 39.261
148.070 4.380 30.300
148.080 4.660 38.080
148.090 4.270 31.390
148.110 4.460 37.677
148.120 3.930 32.385
148.130 4.150 33.107
148.140 4.930 35.936
148.150 4.190 27.121
148.170 4.060 38.238
148.220 4.200 28.663
148.240 4.400 40.647
148.270 4.620 37.360
148.320 4.960 38.056
148.330 4.760 40.448
148.360 4.590 40.046
148.370 4.340 39.500
148.410 4.320 42.194
148.420 4.230 29.275
148.430 4.220 21.646
148.440 4.680 28.155
148.450 4.940 33.258
148.480 4.650 41.070
148.490 4.210 43.423
148.510 4.160 38.820
148.520 4.830 36.585
148.540 4.300 15.473
148.550 4.390 37.859
148.600 4.330 44.143
148.610 4.090 43.483
148.620 4.490 13.384
148.630 4.300 18.084
148.640 4.470 29.429
148.660 4.330 40.560
148.670 4.820 38.980
148.680 4.150 37.688
148.690 4.510 27.933
148.700 4.710 24.719
148.710 4.330 29.558
148.720 4.900 18.738
148.750 4.510 39.730
148.760 4.280 20.712
148.770 4.060 22.327
148.780 4.250 41.713
148.800 4.560 33.956
148.810 4.240 35.467
148.820 4.180 6.989
148.870 4.400 22.365
148.900 3.980 41.043
148.940 4.430 40.407
148.950 4.310 36.233
149.010 4.760 41.720
149.020 4.840 28.043
149.030 4.270 43.487
149.040 3.850 32.047
149.050 4.410 38.972
149.060 4.230 35.331
149.070 4.680 30.101
149.080 4.880 44.988
149.100 4.290 40.157
149.150 4.450 39.199
149.160 3.990 39.115
149.170 4.610 44.365
149.210 4.540 43.553
149.220 4.420 43.425
149.280 4.030 37.761
149.290 4.630 32.576
149.300 4.090 38.117
149.310 4.140 42.713
149.340 4.600 34.979
149.350 4.340 34.132
149.380 4.170 22.658
149.400 4.780 38.605
149.420 3.950 29.195
149.430 3.980 29.724
149.440 4.140 41.535
149.490 4.240 38.542
149.560 4.220 40.429
149.570 4.280 40.664
149.580 4.700 40.845
149.620 4.840 38.362
149.650 4.780 44.348
149.660 4.680 41.765
149.670 4.230 28.400
149.680 4.420 27.393
149.690 4.540 40.369
149.700 4.620 36.011
149.710 4.340 35.751
149.720 4.320 36.554
149.740 4.040 29.038
149.780 4.900 41.441
149.790 4.320 33.381
149.800 4.350 40.928
149.820 4.180 33.351
149.830 4.390 36.608
149.840 4.130 27.317
149.850 4.340 42.761
149.860 4.800 5.934
149.870 4.970 41.849
149.900 4.090 35.876
149.920 4.730 43.722
149.940 4.940 41.396
149.980 4.510 43.934
150.100 4.570 39.064
150.110 4.900 41.971
150.120 3.950 35.356
150.170 4.300 41.505
150.320 4.990 41.028
150.360 4.120 43.307
150.370 4.680 44.332
150.460 4.160 43.599
150.500 4.840 37.559
150.530 4.690 41.046
150.600 4.200 40.622
150.640 4.280 41.671
150.670 4.280 41.704
150.730 4.880 39.534
150.740 4.120 33.960
150.860 4.470 41.918
150.920 4.230 32.792
150.930 4.300 35.240
150.990 4.220 27.517
151.020 4.610 39.954
151.030 4.250 35.583
151.050 4.480 44.982
151.140 4.490 38.705
151.150 4.510 34.065
151.170 4.350 42.111
151.210 4.740 41.064
151.270 4.030 43.193
151.280 4.540 36.492
151.300 4.250 31.975
151.350 4.460 37.839
151.380 4.730 28.342
151.410 4.910 27.231
151.420 4.300 34.418
151.430 3.950 40.150
151.450 4.800 32.411
151.480 4.070 31.147
151.520 4.670 42.762
151.550 4.640 43.190
151.560 4.290 32.932
151.660 4.630 44.849
151.700 4.910 36.062
151.780 4.270 18.996
151.800 4.210 38.331
151.810 4.360 30.353
151.820 4.060 33.100
151.880 4.460 41.084
151.890 4.540 37.678
151.900 4.820 44.211
151.940 4.230 36.397
151.960 4.630 25.739
151.970 4.370 35.908
151.980 4.130 39.159
152.030 3.920 40.843
152.050 4.690 44.259
152.070 4.870 32.301
152.090 4.660 38.811
152.100 4.430 38.553
152.110 4.700 32.345
152.120 4.040 38.600
152.150 4.340 43.101
152.160 4.040 26.056
152.170 4.520 30.802
152.180 4.490 18.789
152.210 4.190 39.565
152.220 4.680 38.566
152.240 4.510 37.782
152.260 4.110 35.824
152.270 4.230 39.226
152.280 4.280 41.448
152.300 4.820 36.621
152.310 4.640 41.280
152.330 4.440 30.902
152.340 4.280 20.707
152.360 4.070 33.558
152.370 4.320 40.065
152.390 4.540 43.206
152.400 4.550 43.069
152.580 4.670 44.907
152.610 4.130 38.716
152.620 4.220 32.194
152.630 4.380 33.831
152.640 4.940 31.533
152.660 4.820 36.721
152.680 4.350 41.129
152.750 4.610 38.873
152.760 4.470 38.933
152.770 4.310 42.611
152.780 4.310 33.606
152.790 4.560 36.482
152.800 4.290 31.635
152.830 4.300 39.791
152.850 4.190 44.680
152.860 4.790 39.939
152.920 4.390 37.739
152.950 4.210 34.306
152.960 4.380 33.578
152.970 4.120 38.550
152.980 3.810 40.254
153.010 4.140 27.075
153.040 4.690 43.137
153.060 4.910 42.484
153.070 4.640 43.382
153.210 4.380 41.425
153.220 4.160 31.166
153.320 4.010 33.682
153.330 4.760 40.500
153.350 4.480 36.798
153.380 4.690 41.665
153.420 4.380 43.899
153.430 4.370 35.350
153.450 4.060 34.009
153.480 3.840 36.167
153.510 4.540 36.909
153.570 4.140 37.560
153.700 4.270 44.006
153.710 4.100 44.400
153.730 4.410 44.614
153.830 4.880 41.528
153.850 4.200 44.166
153.870 4.070 40.168
153.890 4.310 42.592
153.920 4.390 38.865
155.460 4.820 27.783
155.480 4.950 33.555
155.550 4.440 17.856
155.560 4.560 34.545
155.620 4.890 31.727
155.630 3.960 17.069
155.710 4.230 34.871
155.760 3.840 24.782
155.770 4.750 41.281
155.780 4.600 43.361
155.790 4.630 44.179
155.820 4.400 36.376
155.870 4.610 35.329
155.880 3.910 41.287
155.900 4.340 29.132
155.920 4.240 36.487
155.930 4.020 11.294
155.940 4.460 37.480
155.950 4.120 25.099
155.960 4.070 32.347
155.970 4.140 34.274
155.980 4.460 16.819
155.990 4.650 22.836
156.000 4.530 15.481
156.020 3.890 37.729
156.030 4.570 21.969
156.040 4.150 24.066
156.050 4.570 25.890
156.060 4.940 24.152
156.080 4.250 31.558
156.090 4.310 29.283
156.100 4.400 42.006
156.110 4.530 42.311
156.120 4.120 34.219
156.150 4.690 16.720
156.160 4.440 36.053
156.200 3.790 27.053
156.210 4.730 24.825
156.220 4.160 43.776
156.250 4.640 20.571
156.260 3.990 22.598
156.490 4.990 38.908
156.500 4.430 41.665
156.510 4.520 34.845
156.520 3.670 30.771
156.530 4.480 30.629
156.540 4.270 31.234
156.550 4.330 35.263
156.560 4.400 42.231
156.620 4.600 34.049
156.670 4.440 31.727
156.690 4.560 41.137
156.700 3.920 43.741
156.710 4.390 30.986
156.720 4.340 44.498
156.730 4.460 28.775
156.740 4.060 32.572
156.750 4.190 43.941
156.770 4.800 18.937
156.780 4.540 28.984
156.810 4.380 41.358
156.820 4.220 32.400
156.830 4.760 10.969
156.840 4.890 25.647
156.850 4.920 29.623
156.870 4.740 43.497
156.880 4.610 32.586
156.900 4.830 28.268
156.910 4.820 27.762
156.920 4.700 26.967
156.940 4.940 29.786
156.960 3.960 29.447
156.980 4.440 41.067
156.990 3.910 28.545
157.170 4.740 43.586
157.200 4.950 32.286
157.260 4.400 40.945
157.280 4.240 35.559
157.300 4.160 33.760
157.320 4.150 40.179
157.390 4.210 40.597
157.400 4.460 26.731
157.410 4.310 28.755
157.450 4.510 31.812
157.470 4.220 42.089
157.500 4.000 42.488
157.540 4.370 42.298
157.550 4.440 40.669
157.570 4.370 39.791
157.600 4.360 31.785
157.620 4.240 34.034
157.630 4.380 30.323
157.640 4.910 38.320
157.680 4.880 36.231
157.690 4.270 40.238
157.710 4.330 40.249
157.730 4.360 42.762
157.770 4.170 41.737
157.780 4.010 28.223
157.790 4.010 37.655
157.810 4.950 36.156
157.820 4.210 44.327
157.840 4.590 29.751
157.860 4.270 26.750
157.870 4.650 40.570
157.890 4.740 32.236
158.000 4.370 29.205
158.010 4.640 42.644
158.030 4.700 36.271
158.060 4.050 32.968
158.070 4.550 39.909
158.080 4.530 41.254
158.110 4.180 39.816
158.150 4.960 33.345
158.170 4.530 36.206
158.190 4.500 33.408
158.200 4.440 38.114
158.290 4.140 42.668
158.420 4.310 27.410
158.440 4.080 35.196
158.470 3.840 33.382
158.540 4.170 44.131
158.550 4.370 44.628
158.680 4.580 37.159
158.690 4.680 35.062
158.700 4.570 35.418
158.750 4.760 33.713
158.870 4.650 38.433
158.910 4.310 44.300
158.930 4.630 43.638
159.050 4.920 38.888
159.060 4.740 37.199
159.070 4.210 35.878
159.190 4.440 44.546
159.220 4.790 35.596
159.300 3.760 34.713
159.400 4.590 44.151
159.490 4.480 39.021
159.510 4.630 44.728
159.520 4.210 24.606
159.620 4.190 40.705
159.680 4.330 41.370
159.690 4.300 39.870
159.700 4.670 28.849
159.710 4.150 28.951
159.770 4.220 36.138
159.820 4.590 28.425
159.840 4.930 35.309
159.870 4.840 40.474
159.900 4.020 39.931
159.950 4.960 27.693
160.010 4.490 44.406
160.030 4.580 36.761
160.120 4.140 33.102
160.130 4.270 39.252
160.140 4.400 33.796
160.240 4.300 43.289
160.250 4.230 22.142
160.260 4.640 34.265
160.280 4.810 42.276
160.290 3.870 28.409
160.300 4.610 25.160
160.310 4.130 27.337
160.320 4.310 30.416
160.340 4.500 34.507
160.440 4.780 42.602
160.450 4.550 43.504
160.460 4.440 16.944
160.730 4.980 38.681
161.340 4.400 43.918
161.350 4.360 42.733
161.360 4.330 42.477
161.370 4.490 35.958
161.460 4.150 42.737
161.470 3.750 11.038
161.480 4.090 19.192
161.490 4.180 32.081
161.500 3.960 34.607
161.520 4.180 40.522
161.540 4.470 40.360
161.560 4.300 42.702
161.590 4.120 39.411
161.610 3.940 28.253
161.650 4.340 44.208
161.660 3.900 33.236
161.680 3.990 28.071
161.710 4.550 38.094
161.760 4.620 43.840
161.870 4.230 41.232
161.880 4.250 39.118
161.890 4.000 43.768
161.980 4.250 42.340
162.000 4.430 33.171
162.040 3.930 40.060
162.100 3.970 31.909
162.110 4.900 43.662
162.170 4.570 27.955
162.190 4.520 27.388
162.200 4.720 30.893
162.210 3.900 21.920
162.220 4.000 34.412
162.240 4.030 33.965
162.260 3.840 26.172
162.270 4.350 24.360
162.290 4.320 25.773
162.300 3.810 27.588
162.380 4.420 43.526
162.410 4.010 32.624
162.420 4.240 28.990
162.430 4.500 39.124
162.450 4.890 28.026
162.460 4.480 30.118
162.470 4.790 29.159
162.480 4.290 7.811
162.490 4.400 34.435
162.500 4.740 20.133
162.510 4.260 34.299
162.520 3.900 19.938
162.530 3.900 21.660
162.540 4.350 15.578
162.550 3.870 12.923
162.560 4.320 15.638
162.570 4.370 9.842
162.580 4.680 14.565
162.590 4.600 38.942
162.600 4.230 15.549
162.610 3.810 15.608
162.620 4.430 34.353
162.630 4.170 16.293
162.640 4.460 2.328
162.650 4.010 21.592
162.660 4.120 16.055
162.670 4.080 10.687
162.680 3.720 9.639
162.690 4.080 19.262
162.700 3.940 18.622
162.710 4.660 34.893
162.720 4.520 30.453
162.730 4.620 35.890
162.740 3.880 16.293
162.750 4.680 25.236
162.760 4.400 33.945
162.770 4.240 11.372
162.780 3.890 38.684
162.790 4.510 19.671
162.800 4.720 33.262
162.810 4.050 12.504
162.820 4.600 26.564
162.880 4.140 24.150
162.900 3.990 25.401
162.920 4.510 28.167
162.930 3.870 12.269
162.940 3.820 13.832
162.960 4.100 17.374
162.970 4.230 25.668
162.980 4.470 40.964
162.990 3.980 36.744
163.000 4.530 12.067
163.010 4.710 10.029
163.020 4.290 19.309
163.030 4.090 4.962
163.040 3.820 30.498
163.050 4.160 13.283
163.080 3.850 10.534
163.090 4.190 19.343
163.100 4.350 12.606
163.110 4.920 26.051
163.120 4.150 18.766
163.130 4.250 5.797
163.140 4.580 25.205
163.160 4.230 19.890
163.170 4.560 23.980
163.180 4.210 26.506
163.190 4.540 17.555
163.200 4.310 6.887
163.210 4.330 27.274
163.220 4.530 5.284
163.260 4.770 13.439
163.270 4.130 14.461
163.280 4.600 19.101
163.290 4.560 27.135
163.300 4.010 17.901
163.310 4.540 18.572
163.320 4.320 12.734
163.330 4.500 17.557
163.340 4.130 34.535
163.350 4.060 33.290
163.360 4.000 9.709
163.370 4.150 17.420
163.380 4.180 6.040
163.390 3.930 15.671
163.400 4.360 26.599
163.410 4.020 24.846
163.420 4.200 28.748
163.430 4.100 24.022
163.440 4.260 4.529
163.450 4.240 26.827
163.460 4.470 37.500
163.470 3.910 15.124
163.480 4.140 19.919
163.490 4.080 22.040
163.500 4.070 16.544
163.530 4.630 29.596
163.540 4.310 5.390
163.550 4.380 1.077
163.560 4.520 25.685
163.570 4.400 13.902
163.580 4.130 14.636
163.600 4.380 21.051
163.610 4.130 21.919
163.620 4.490 40.405
163.640 4.230 24.283
163.650 4.370 24.017
163.660 4.360 37.907
163.670 4.080 18.457
163.680 4.490 13.326
163.690 4.270 31.337
163.710 4.360 37.215
163.720 4.180 34.702
163.730 3.940 44.581
163.740 4.690 31.007
163.750 4.060 41.338
163.770 3.960 27.227
163.780 4.210 25.521
163.800 4.440 39.632
163.810 4.810 28.326
163.830 4.330 44.067
163.850 4.120 41.674
163.870 4.180 43.951
163.880 3.810 44.709
163.890 3.990 23.038
163.900 4.150 38.955
163.920 4.350 26.884
163.930 4.720 43.965
163.940 4.500 25.447
163.970 4.500 36.499
163.980 4.660 29.065
163.990 4.440 22.621
164.010 4.510 42.292
164.030 4.180 27.631
164.040 3.950 38.329
164.050 4.300 24.225
164.070 4.140 37.414
164.080 4.120 28.793
164.090 4.410 2.562
164.100 4.250 28.073
164.110 4.190 23.259
164.120 4.720 40.980
164.130 4.180 22.828
164.140 4.900 11.755
164.150 4.150 16.500
164.160 4.050 13.009
164.170 4.290 6.357
164.180 4.980 43.684
164.210 4.790 30.840
164.230 4.220 34.527
164.240 4.070 27.676
164.290 4.280 37.297
164.300 4.290 31.238
164.310 3.730 17.613
164.340 4.740 39.215
164.360 3.860 25.515
164.370 4.110 38.038
164.390 3.990 31.846
164.400 4.090 39.846
164.420 4.380 34.257
164.450 4.940 25.747
164.470 4.620 39.111
164.480 4.230 42.865
164.490 4.990 37.472
164.500 4.420 29.513
164.570 4.820 24.013
164.580 4.680 38.024
164.590 4.150 31.671
164.600 4.140 17.859
164.610 4.330 43.526
164.630 4.530 44.991
164.730 4.670 39.545
164.750 4.340 43.504
164.770 4.600 40.276
164.780 4.080 36.119
164.790 3.930 35.843
164.800 4.110 41.810
164.820 4.170 31.097
164.830 4.580 21.404
164.840 4.550 36.484
164.860 3.830 35.985
164.870 4.290 34.439
164.910 4.420 31.849
164.930 4.430 42.255
165.020 4.180 33.207
165.030 4.400 21.605
165.050 4.290 4.039
165.060 4.140 29.089
165.070 4.340 36.456
165.080 4.430 34.927
165.090 4.570 41.669
165.100 4.430 23.677
165.110 4.230 23.081
165.130 4.060 28.308
165.140 4.350 36.295
165.150 4.660 38.517
165.170 4.530 34.017
165.190 4.120 44.636
165.220 4.020 33.641
165.230 4.550 41.338
165.250 4.260 40.782
165.280 4.090 32.101
165.290 4.120 36.755
165.310 4.520 41.354
165.320 4.410 44.008
165.450 4.050 40.958
165.460 4.460 37.437
165.470 4.130 23.552
165.500 4.230 30.725
165.520 4.200 32.257
165.530 4.410 16.551
165.540 4.190 26.213
165.550 4.360 36.202
165.580 4.340 43.646
165.590 3.980 34.006
165.600 4.130 38.077
165.620 4.390 37.543
165.650 4.310 44.106
165.670 3.970 27.044
165.690 4.430 42.599
165.710 4.800 44.380
165.720 4.290 23.616
165.740 4.670 28.643
165.750 4.350 44.379
165.760 4.720 29.442
165.770 4.210 26.730
165.780 4.730 19.949
165.790 4.140 28.968
165.800 4.010 19.649
165.810 4.170 20.506
165.850 4.680 24.829
165.860 4.530 34.898
165.880 4.830 24.002
165.890 4.700 32.507
165.900 4.350 19.255
165.910 4.510 28.440
165.930 4.060 24.402
165.940 4.000 30.763
165.960 4.180 36.111
165.990 4.110 42.479
166.000 4.340 17.462
244.260 4.110 30.777
244.280 4.520 25.692
244.290 3.950 22.251
244.300 4.070 25.602
245.630 3.940 34.848
245.640 4.060 24.507
245.670 4.740 26.202
245.700 4.790 23.854
245.780 4.860 24.348
245.830 4.620 44.506
245.880 4.980 10.312
251.340 4.290 19.703
251.440 4.440 37.719
252.760 4.710 43.966
252.800 4.320 31.705
253.880 4.250 37.050
253.970 4.440 41.292
254.300 4.520 39.204
254.850 4.400 39.035
254.860 4.750 39.827
254.890 4.690 17.744
254.900 3.980 24.198
255.640 4.470 44.425
255.690 3.890 30.402
255.700 4.290 39.151
255.710 4.110 24.155
255.720 4.030 30.011
255.730 4.000 41.565
255.740 4.020 29.266
255.750 3.950 22.259
255.760 4.300 31.007
255.770 4.290 35.334
255.780 4.080 44.983
255.800 4.240 34.029
255.870 4.110 27.073
255.880 4.100 44.457
255.900 4.960 21.905
255.930 4.010 33.816
255.940 4.010 21.405
255.950 3.980 21.493
255.960 4.110 22.481
255.970 3.880 35.096
255.980 4.230 41.011
255.990 4.190 40.669
256.010 4.440 26.618
256.020 3.940 38.823
256.030 4.000 42.846
256.040 4.230 39.864
256.050 4.190 29.465
256.060 4.050 36.371
256.070 4.100 35.703
256.080 4.400 37.357
256.090 4.380 33.876
256.100 4.620 39.767
256.110 4.110 10.806
256.130 4.670 42.532
256.190 4.260 43.014
256.200 4.610 43.886
256.220 4.070 37.519
256.230 4.400 43.629
256.280 4.480 39.172
256.290 3.840 30.112
256.300 4.070 23.110
256.320 4.370 32.807
256.330 4.160 37.585
256.370 4.240 33.971
256.380 4.490 12.673
256.400 4.010 8.855
256.410 4.000 31.527
256.420 4.130 43.988
256.450 4.600 32.535
256.460 4.640 29.413
256.480 4.400 22.377
256.490 4.270 31.623
256.500 4.080 15.010
256.510 4.270 43.562
256.520 4.210 35.355
256.530 4.000 29.849
256.540 4.200 43.355
256.570 3.950 37.564
256.580 4.080 35.019
256.610 4.080 29.911
256.620 4.090 14.298
256.630 3.900 26.451
256.640 4.100 19.618
256.660 3.850 22.778
256.670 4.400 26.997
256.680 3.880 31.047
256.690 4.110 44.623
256.710 4.230 30.449
256.720 4.010 33.451
256.730 3.950 38.065
256.800 4.630 40.670
256.830 4.730 33.732
256.840 4.860 18.531
256.850 4.220 40.376
256.860 4.260 28.862
256.880 4.490 42.740
256.890 3.880 27.214
256.900 4.540 25.014
256.910 4.350 38.872
256.920 4.280 32.174
256.940 3.900 36.363
256.970 4.190 44.486
256.980 4.910 22.015
257.020 4.030 36.262
257.070 3.980 23.561
257.080 4.060 43.608
257.090 4.120 17.492
257.100 3.930 25.772
257.110 4.360 44.257
257.120 4.050 42.853
257.140 4.250 24.697
257.150 4.300 16.472
257.160 4.160 13.915
257.180 3.970 17.853
257.190 3.950 34.282
257.200 3.750 26.041
257.210 4.290 11.919
257.220 4.450 42.143
257.230 4.030 13.627
257.240 3.930 24.424
257.250 4.650 28.642
257.260 4.130 6.704
257.270 3.980 20.716
257.280 3.840 22.222
257.290 4.420 29.339
257.300 4.440 42.406
257.320 4.350 42.207
257.330 3.950 31.496
257.340 4.220 31.625
257.360 4.330 27.144
257.390 4.810 31.888
257.410 4.720 15.162
257.420 4.440 35.848
257.450 4.850 39.268
257.470 4.240 41.462
257.480 4.230 28.201
257.490 3.870 38.826
257.500 4.320 29.034
257.510 4.240 41.576
257.520 4.110 36.650
257.530 4.440 23.645
257.540 4.560 38.018
257.560 3.950 18.029
257.570 3.720 41.725
257.580 4.320 27.280
257.590 4.120 33.775
257.610 4.630 34.947
257.620 4.730 30.505
257.630 4.330 29.623
257.640 4.390 18.874
257.680 4.320 36.297
257.690 3.750 42.707
257.720 4.260 43.465
257.730 4.450 32.418
257.750 3.880 28.974
257.760 4.040 20.783
257.770 4.220 41.189
257.780 4.470 39.425
257.790 4.840 39.272
257.800 4.060 39.764
257.810 3.930 27.102
257.820 4.460 33.065
257.830 3.890 23.634
257.850 4.470 26.210
257.860 4.660 38.569
257.870 4.320 18.492
257.890 4.270 33.793
257.930 4.990 42.608
257.940 4.810 42.631
257.950 4.250 35.801
258.010 4.380 28.717
258.020 4.500 35.195
258.030 4.040 34.566
258.040 4.080 21.967
258.050 4.120 40.633
258.080 4.210 44.211
258.090 4.190 31.385
258.100 4.680 40.511
258.120 4.210 28.752
258.130 4.040 16.459
258.140 4.420 40.774
258.160 4.400 31.890
258.170 4.060 40.673
258.180 4.260 31.500
258.190 4.050 37.722
258.200 4.380 29.068
258.220 4.750 25.690
258.230 4.540 37.148
258.240 4.550 18.079
258.250 4.480 30.799
258.260 4.280 17.551
258.270 4.100 40.719
258.280 4.080 44.663
258.290 4.290 34.435
258.300 3.810 40.374
258.320 4.670 27.257
258.330 4.730 29.628
258.350 4.300 31.151
258.360 4.670 43.413
258.370 4.310 30.117
258.380 4.250 26.391
258.390 4.190 14.830
258.400 4.020 15.708
258.410 4.000 40.524
258.420 4.550 29.340
258.430 4.380 35.939
258.440 4.180 31.615
258.450 4.220 22.014
258.470 4.380 37.314
258.480 3.980 38.325
258.490 4.120 35.033
258.500 4.140 17.729
258.510 3.900 22.296
258.540 4.320 38.122
258.550 4.130 33.318
258.560 4.520 31.061
258.580 4.480 16.346
258.590 3.990 42.580
258.610 4.260 36.200
258.620 4.050 41.276
258.630 4.520 30.461
258.640 4.090 12.941
258.650 4.140 40.819
258.660 4.110 41.801
258.670 4.280 29.967
258.680 4.240 34.366
258.700 4.160 32.185
258.710 4.130 44.360
258.720 4.640 41.072
258.730 4.400 38.666
258.750 3.950 18.507
258.760 4.260 23.080
258.770 3.680 23.158
258.780 4.020 17.536
258.790 3.850 11.142
258.800 4.480 19.784
258.810 3.990 16.853
258.820 3.970 29.534
258.830 4.110 30.261
258.840 4.300 36.537
258.850 4.300 35.867
258.860 4.470 39.677
258.890 4.870 43.712
258.900 4.580 40.569
258.910 4.760 44.389
258.930 4.700 22.485
258.950 3.990 37.951
258.990 4.280 42.347
259.000 4.370 30.268
259.030 4.410 40.030
259.120 4.730 33.119
259.190 4.480 31.599
259.200 4.020 28.696
259.220 4.140 43.222
259.230 3.960 24.718
259.240 4.300 33.851
259.260 3.880 38.606
259.340 4.810 31.227
259.370 4.320 32.362
259.390 4.170 33.669
259.420 3.960 37.492
259.440 4.600 31.677
259.450 4.270 41.636
259.470 4.010 24.256
259.480 3.960 41.577
259.510 4.280 23.291
259.530 4.050 26.160
259.540 4.090 34.957
259.550 4.090 27.326
259.570 4.430 38.755
259.580 3.930 25.984
259.590 3.900 28.470
259.620 3.880 35.152
259.650 4.260 34.653
259.700 4.170 35.550
259.710 4.230 32.924
259.730 4.940 15.417
259.740 4.390 37.594
259.790 4.280 31.300
259.860 4.100 38.192
259.870 4.650 34.596
259.880 4.040 37.440
259.900 3.990 21.855
259.910 3.830 36.139
259.920 4.190 29.167
259.930 4.240 26.032
259.980 4.700 43.426
259.990 4.270 39.926
260.000 4.440 28.114
260.020 4.300 31.359
260.030 4.650 39.666
260.040 4.180 23.846
260.050 4.140 36.165
260.070 4.080 43.910
260.080 3.950 27.697
260.110 4.630 35.795
260.120 4.500 33.984
260.130 3.850 27.385
260.140 4.390 36.346
260.150 3.720 17.453
260.170 4.140 40.235
260.190 4.620 30.546
260.200 4.150 30.062
260.210 4.390 37.371
260.220 4.260 37.081
260.260 4.380 40.190
260.280 4.690 42.593
260.370 4.260 38.449
260.380 4.520 19.191
260.390 4.740 16.550
260.410 4.110 32.171
260.420 4.510 42.990
260.460 4.650 22.925
260.470 4.870 34.761
260.490 3.930 28.394
260.500 4.450 35.011
260.510 4.740 44.262
260.550 4.320 44.560
260.560 4.200 43.500
260.570 4.430 31.382
260.580 4.370 27.717
260.590 4.530 19.825
260.600 4.030 40.629
260.610 4.100 37.236
260.620 4.000 43.605
260.640 3.840 23.013
260.650 4.110 34.425
260.660 3.780 14.511
260.670 4.280 20.579
260.680 4.280 31.858
260.690 4.410 24.790
260.700 4.590 33.247
260.710 4.720 31.301
260.720 4.390 30.802
260.730 4.340 32.306
260.740 4.110 32.539
260.750 3.940 19.463
260.770 3.980 40.767
260.790 4.570 39.454
260.800 4.220 41.079
260.810 4.940 26.642
260.820 4.240 39.303
260.830 4.410 27.814
260.850 4.090 36.450
260.860 4.350 30.004
260.870 3.960 29.180
260.890 4.160 40.071
260.900 4.210 26.138
260.910 4.230 28.486
260.920 4.370 32.421
260.930 3.990 14.465
260.950 3.700 26.755
260.960 3.720 24.734
261.010 4.380 41.407
261.060 4.030 36.720
261.070 4.240 31.009
261.100 4.560 31.948
261.110 4.270 33.750
261.130 3.830 14.150
261.140 4.100 19.076
261.150 4.260 16.316
261.160 4.070 22.246
261.170 3.910 39.051
261.180 4.390 6.799
261.190 4.370 5.836
261.200 4.810 9.162
261.210 4.020 13.420
261.220 4.360 8.349
261.230 4.030 26.856
261.240 4.140 8.157
261.250 4.420 20.681
261.260 4.500 28.698
261.270 4.070 43.204
261.290 4.560 41.206
261.300 4.730 40.571
261.310 4.790 38.671
261.320 4.240 41.768
261.330 4.210 39.635
261.370 4.630 44.109
261.400 3.910 4.017
261.410 4.740 11.611
261.420 3.850 2.595
261.430 4.280 27.694
261.440 4.020 28.686
261.460 4.250 42.644
261.470 3.910 36.168
261.510 4.340 41.246
261.520 4.170 41.549
261.530 4.130 26.273
261.540 4.040 26.069
261.550 4.360 28.429
261.560 4.400 43.621
261.570 4.150 19.615
261.580 4.480 38.741
261.590 4.280 25.192
261.600 4.420 19.733
261.610 4.590 44.137
261.680 4.740 28.182
261.700 3.940 38.655
261.710 4.620 13.525
261.720 4.530 6.637
261.730 4.220 11.821
261.740 4.510 37.604
261.760 4.140 36.525
261.770 4.860 40.753
261.780 4.390 35.148
261.790 4.580 35.502
261.800 4.940 31.954
261.810 4.250 44.362
261.820 4.040 44.431
261.830 3.880 24.344
261.840 4.530 28.680
261.900 3.770 20.624
261.920 4.450 39.902
261.930 3.900 37.799
261.940 3.990 40.200
261.950 3.890 14.849
261.960 3.850 24.003
261.970 3.990 22.206
261.980 3.970 26.533
262.230 4.680 29.955
262.280 4.610 12.706
262.300 4.390 41.285
262.320 4.020 25.444
262.330 3.830 25.755
262.360 3.930 16.862
262.380 4.200 44.410
262.400 4.040 13.821
262.430 4.010 39.665
262.440 3.980 41.833
262.470 4.040 39.276
262.480 4.390 24.842
262.490 4.290 34.575
262.500 4.190 39.171
262.520 4.220 40.645
262.530 4.020 38.770
262.540 3.810 40.195
262.550 4.140 30.876
262.560 3.720 20.758
262.580 4.560 33.630
262.600 4.290 27.946
262.610 3.990 18.026
262.620 3.890 26.993
262.630 4.090 27.672
262.660 4.350 43.222
262.670 4.310 30.017
262.680 4.180 43.755
262.690 4.000 40.146
262.700 4.080 14.703
262.710 4.420 17.671
262.720 3.890 26.667
262.730 3.750 36.085
262.740 4.000 16.970
262.750 4.060 13.555
262.760 4.030 27.257
262.770 4.320 32.384
262.790 4.080 35.379
262.800 3.990 30.694
262.810 3.990 41.542
262.820 4.260 30.622
262.830 4.410 39.672
262.840 4.250 41.219
262.850 3.830 29.917
262.860 4.170 25.660
262.870 4.560 13.039
262.880 4.070 14.445
262.890 4.110 24.285
262.900 4.450 37.410
262.910 3.960 38.406
262.930 4.500 24.853
262.940 4.470 38.853
262.950 4.410 25.607
262.960 4.480 44.208
262.970 3.730 8.550
262.980 4.000 23.442
262.990 4.330 24.108
263.000 4.060 32.871
263.010 3.840 30.474
263.020 4.650 39.472
263.030 4.380 31.267
263.040 3.920 28.003
263.050 4.210 24.092
263.060 4.100 25.441
263.070 4.890 43.735
263.080 4.090 34.333
263.090 4.170 41.326
263.100 4.350 37.160
263.110 4.300 33.428
263.120 3.950 18.272
263.190 4.460 41.989
263.210 4.700 44.302
263.230 4.490 44.737
263.310 4.040 27.705
263.330 4.470 35.185
263.350 4.220 42.938
263.360 3.840 33.855
263.370 4.570 23.699
263.400 4.580 35.377
263.410 3.930 39.412
263.420 4.420 34.468
263.460 4.410 44.555
264.020 4.150 36.920
264.110 4.220 39.301
264.130 3.920 42.602
264.230 4.400 20.361
264.280 4.370 20.160
264.340 4.530 33.953
264.730 4.730 43.217
264.840 3.970 40.865
264.850 4.250 44.674
264.990 4.290 40.666
265.000 4.080 36.924
265.010 3.790 23.790
265.030 4.360 31.977
265.050 4.830 25.891
265.060 4.700 29.595
265.080 4.330 35.525
265.120 4.740 35.960
265.180 4.240 38.991
265.190 4.910 26.992
265.260 4.400 23.600
265.310 4.980 28.047
265.350 4.460 33.497
265.380 4.060 43.211
265.390 4.000 28.636
265.400 4.050 32.315
265.410 4.120 32.223
265.420 4.330 43.542
265.440 4.510 41.535
265.450 3.920 18.998
265.460 4.150 33.409
265.480 4.760 43.800
265.500 4.590 39.629
265.520 4.250 31.530
265.530 4.440 42.772
265.540 4.290 28.743
265.550 4.230 29.180
265.560 4.170 16.840
265.570 4.390 26.774
265.580 3.710 19.012
265.590 4.430 37.591
265.600 3.970 15.747
265.610 4.060 24.610
265.630 4.290 41.661
265.650 4.020 44.324
265.660 4.470 42.242
265.670 4.060 38.083
265.680 4.370 11.611
265.690 3.880 13.214
265.700 3.860 15.306
265.710 4.200 9.374
265.730 4.670 36.482
265.740 4.690 33.405
265.770 4.340 32.676
265.790 4.630 40.249
265.800 4.880 22.239
265.810 4.110 37.781
265.880 4.450 28.268
265.890 4.580 41.414
265.900 4.610 31.228
265.910 4.700 22.901
265.940 4.610 36.442
265.950 4.750 39.979
265.960 4.210 43.993
265.970 4.360 40.573
265.990 4.130 42.158
267.260 4.180 20.911
267.300 4.830 44.437
267.310 4.750 40.247
267.330 4.220 27.709
267.340 4.470 12.621
267.350 4.480 33.656
267.360 4.150 44.842
267.380 4.240 37.201
267.390 4.270 44.566
267.420 4.800 44.342
267.430 4.460 29.398
267.450 4.130 41.621
267.470 4.150 39.702
267.510 4.310 40.084
267.520 4.370 43.475
267.550 3.950 39.902
267.580 4.100 44.916
267.590 4.350 29.909
267.600 4.090 25.418
267.610 3.950 21.155
267.630 4.660 36.992
267.650 4.260 29.542
267.670 4.440 39.347
267.680 4.570 40.606
267.690 4.560 31.841
267.700 4.360 24.301
267.720 4.030 43.670
267.730 3.770 12.167
267.740 4.270 37.822
267.750 4.300 44.989
267.790 3.980 37.858
267.800 4.040 31.767
267.810 3.830 24.997
267.830 4.700 26.603
267.840 4.950 25.988
267.850 4.060 44.812
267.860 4.090 37.513
267.870 4.450 31.657
267.880 4.730 37.118
267.900 4.990 42.938
267.910 4.620 39.734
267.950 4.390 36.227
267.990 4.490 40.758
268.040 4.100 33.176
268.080 4.570 31.426
268.090 4.550 38.513
268.110 4.560 31.840
268.130 4.490 42.335
268.140 4.590 28.367
268.160 4.330 23.900
268.170 4.420 43.236
268.200 4.190 40.659
268.230 4.140 26.658
268.240 3.770 17.525
268.250 4.000 28.810
268.260 4.830 41.587
268.310 4.700 44.519
268.320 4.060 41.012
268.330 4.790 36.375
268.340 4.140 38.386
268.370 4.300 38.958
268.380 4.210 28.962
268.400 4.900 41.583
268.420 4.580 37.520
268.440 4.100 36.373
268.480 4.780 36.585
268.530 4.460 39.767
268.550 4.170 44.325
268.580 4.330 42.581
268.600 4.670 37.277
269.430 4.510 38.255
270.200 4.950 41.954
270.350 4.020 23.721
270.390 4.590 43.916
270.400 4.320 36.306
270.410 4.140 27.466
270.450 4.190 30.404
270.460 3.980 43.683
270.470 4.130 41.796
270.480 4.210 38.841
270.490 4.300 27.762
270.500 4.320 36.980
270.510 4.440 38.720
270.520 4.090 40.976
270.530 4.080 41.635
270.540 4.140 44.238
270.550 4.600 37.837
270.580 4.120 43.359
270.590 3.960 32.448
270.600 4.130 41.611
270.610 3.920 40.650
270.630 3.940 23.402
270.650 3.760 14.593
270.660 3.800 29.067
270.670 4.360 42.484
270.690 3.820 17.002
270.700 3.830 42.065
270.710 4.340 13.346
270.720 3.790 17.418
270.730 4.060 44.845
270.740 4.270 18.108
270.750 4.020 29.477
270.760 4.180 33.363
270.770 3.930 32.324
270.780 4.770 34.374
270.790 4.290 27.882
270.800 4.090 34.521
270.810 4.010 30.879
270.820 4.040 44.941
270.830 4.510 42.814
270.840 4.630 38.315
270.860 4.640 41.976
270.870 4.650 18.326
270.880 4.340 37.015
270.910 4.140 43.083
270.930 4.290 43.037
270.940 4.260 37.812
270.950 4.440 44.203
270.970 4.840 33.162
270.980 4.470 32.466
271.000 4.800 41.540
271.010 4.210 41.698
271.020 4.520 38.088
271.030 3.830 30.170
271.040 4.060 37.357
271.060 4.210 19.534
271.070 4.170 41.766
271.080 4.450 36.570
271.090 4.050 31.961
271.100 4.240 25.276
271.110 3.820 27.125
271.120 3.990 43.331
271.130 4.580 44.540
271.150 4.010 35.402
271.180 3.970 34.643
271.200 3.840 9.895
271.210 3.830 20.355
271.220 3.840 23.481
271.260 4.290 29.925
271.280 4.150 38.529
271.290 4.410 39.369
271.320 4.430 40.490
271.340 4.010 26.299
271.350 4.150 13.874
271.390 3.960 20.995
271.400 3.920 29.565
271.410 3.990 21.749
271.420 3.780 22.569
271.430 4.040 17.316
271.440 4.040 29.164
271.450 4.040 22.181
271.480 3.910 33.882
271.490 4.020 34.048
271.500 3.730 32.820
271.510 3.850 26.894
271.520 3.940 21.894
271.530 4.710 18.922
271.540 4.020 35.249
271.550 3.840 13.901
271.560 4.010 4.542
271.570 4.010 12.946
271.580 4.420 12.224
271.590 4.170 19.684
271.600 4.070 23.496
271.610 3.810 27.818
271.620 3.870 27.985
271.630 4.270 36.062
271.640 4.060 38.752
271.670 4.070 40.224
271.700 4.160 41.737
271.720 4.540 27.200
271.730 4.590 24.338
271.740 4.520 42.423
271.760 4.290 35.147
271.780 4.690 37.779
271.850 4.140 43.418
271.860 4.390 28.192
271.920 4.170 34.759
271.950 4.240 39.962
271.960 4.200 42.459
271.970 4.340 40.579
271.980 4.410 37.759
271.990 4.570 29.890
272.000 4.420 27.531
272.010 4.540 44.483
272.070 4.450 18.174
272.160 4.950 32.519
272.190 4.330 31.824
272.200 4.070 32.379
272.210 4.360 26.056
272.220 4.310 30.964
272.230 3.770 32.259
272.240 4.270 29.824
272.270 4.140 16.886
272.280 4.230 36.137
272.290 4.040 13.712
272.300 4.160 27.022
272.310 4.580 11.249
272.330 4.220 20.010
272.340 3.990 23.207
272.350 4.300 8.814
272.360 3.890 31.639
272.370 4.020 18.263
272.380 4.090 27.745
272.390 3.940 23.635
272.400 4.140 37.200
272.410 4.160 20.910
272.420 4.420 23.827
272.430 4.510 22.902
272.440 4.030 24.976
272.450 4.570 42.256
272.460 4.180 41.952
272.480 4.560 27.818
272.490 4.450 29.502
272.510 4.260 42.794
272.530 3.940 14.274
272.560 4.220 43.467
272.570 4.040 34.913
272.580 3.950 23.528
272.590 4.080 29.994
272.600 4.250 13.174
272.610 4.080 5.850
272.620 3.950 26.143
272.630 4.230 26.231
272.640 4.020 7.355
272.650 3.750 15.049
272.660 3.860 35.518
272.670 3.750 37.285
272.680 4.080 16.333
272.690 4.030 42.233
272.700 4.220 36.792
272.710 4.020 44.534
272.730 4.100 39.062
272.760 4.090 41.214
272.790 4.680 32.565
272.800 4.920 41.989
272.920 4.000 31.067
272.940 4.060 39.529
272.950 4.490 20.337
272.960 4.200 42.485
272.970 3.980 41.212
272.980 4.250 38.976
273.000 4.150 34.987
273.040 4.780 24.750
273.050 4.450 29.298
273.130 4.720 43.046
273.160 4.470 37.726
273.230 4.310 40.962
273.290 4.880 41.629
273.320 4.280 41.705
273.360 4.470 25.376
273.400 3.880 38.751
273.430 4.110 43.151
273.440 3.820 35.714
273.450 4.130 25.574
273.460 4.020 34.193
273.480 4.260 40.757
273.490 4.250 40.227
273.500 4.460 42.028
273.520 3.940 22.343
273.530 4.120 19.050
273.540 4.340 25.775
273.550 3.880 12.265
273.560 4.030 25.683
273.580 3.930 23.449
273.590 4.220 35.934
273.600 4.140 32.832
273.610 4.140 28.196
273.620 3.710 26.613
273.630 3.980 39.101
273.640 4.140 28.945
273.700 3.950 37.474
273.730 4.320 37.968
273.740 4.300 29.114
273.780 4.620 44.407
273.830 4.110 30.124
273.860 4.410 40.941
273.870 4.410 42.833
273.970 3.940 43.500
273.980 4.320 42.118
274.070 4.210 44.779
274.100 4.270 44.580
274.120 3.780 35.630
274.130 4.190 13.891
274.140 4.170 29.809
274.150 3.890 11.066
274.160 3.950 21.495
274.170 4.540 32.287
274.180 4.090 7.044
274.210 3.970 26.512
274.220 3.860 30.253
274.240 4.030 40.757
274.250 4.380 44.096
274.260 4.260 25.941
274.270 3.900 28.899
274.280 3.890 15.546
274.290 4.080 28.240
274.300 4.220 41.247
274.310 3.700 23.424
274.320 3.760 39.016
274.340 3.660 35.064
274.350 4.010 38.537
274.360 4.240 27.408
274.370 3.860 27.617
274.380 3.860 10.905
274.390 4.010 10.696
274.400 3.820 40.715
274.410 4.040 37.225
274.420 4.190 40.523
274.430 4.160 13.524
274.440 3.770 25.242
274.450 3.980 9.489
274.470 4.500 40.661
274.480 4.180 41.302
274.490 4.590 33.834
274.500 4.490 40.158
274.510 3.990 26.142
274.520 4.010 25.418
274.530 4.250 32.049
274.540 4.530 26.853
274.550 4.130 15.817
274.560 4.210 34.880
274.570 3.750 29.958
274.580 4.220 5.763
274.590 3.940 14.895
274.600 4.160 27.082
274.610 3.730 20.827
274.620 3.910 18.443
274.630 4.020 15.097
274.640 4.220 13.306
274.650 3.940 10.024
274.660 4.310 15.344
274.670 3.890 17.596
274.680 4.200 16.307
274.690 4.090 15.287
274.700 4.090 10.386
274.710 3.760 12.448
274.720 4.440 41.864
274.730 4.840 17.520
274.740 4.470 22.339
274.750 4.260 41.602
274.760 4.520 42.735
274.780 4.410 36.400
274.790 4.140 36.937
274.800 4.250 36.713
274.820 4.050 36.303
274.830 3.790 35.210
274.850 4.420 20.080
274.960 4.340 42.200
275.020 4.370 39.804
275.030 3.850 43.591
275.070 4.400 42.904
275.170 4.200 34.749
275.190 4.090 43.202
275.300 4.070 42.214
275.330 4.170 27.367
275.360 3.860 42.864
275.380 3.990 29.077
275.400 4.030 44.238
275.420 4.030 38.347
275.430 4.550 24.577
275.440 4.430 37.670
275.450 4.490 39.250
275.460 4.720 43.296
275.470 4.390 23.774
275.480 4.930 43.329
275.520 4.270 38.029
275.530 4.970 32.048
275.540 4.570 9.897
275.570 4.440 44.178
275.590 4.200 11.893
275.600 4.010 13.086
275.610 4.090 13.173
275.630 3.900 22.648
275.640 4.120 32.146
275.700 4.410 34.447
275.720 3.940 36.963
275.730 4.550 43.776
275.740 4.080 34.093
275.750 4.260 34.816
275.790 4.070 30.959
275.800 3.860 30.835
275.840 4.070 34.060
275.860 3.930 36.905
275.870 4.030 36.357
275.900 3.940 34.127
275.910 3.610 37.028
275.920 3.790 19.653
275.930 4.480 32.538
275.940 3.930 27.451
275.960 4.570 27.656
275.970 4.290 31.238
275.990 4.240 38.875
276.010 3.920 40.117
276.020 4.090 28.067
276.030 3.580 22.303
276.040 3.990 21.353
276.050 4.550 28.680
276.070 4.350 40.826
276.080 4.560 37.918
276.090 3.970 39.259
276.110 4.050 40.893
276.130 4.710 31.805
276.140 3.970 27.566
276.160 4.190 34.985
276.170 4.020 19.540
276.180 3.890 22.442
276.190 3.930 21.286
276.200 4.220 43.884
276.210 4.560 31.553
276.220 4.110 36.917
276.230 4.480 31.040
276.240 4.050 44.844
276.250 4.270 19.295
276.270 4.310 9.729
276.280 4.190 28.775
276.290 3.860 32.070
276.300 3.840 32.866
276.310 4.620 29.880
276.340 4.350 42.397
276.350 4.320 29.949
276.360 4.340 23.983
276.370 4.440 26.022
276.400 4.310 21.315
276.410 4.330 28.074
276.430 3.820 41.600
276.450 4.480 38.132
276.480 4.650 20.729
276.510 4.170 40.696
276.520 4.180 37.180
276.530 4.700 29.720
276.560 4.250 29.946
276.580 3.860 38.470
285.210 3.760 30.931
285.260 4.490 30.503
285.270 3.990 37.127
285.280 4.200 34.216
285.290 3.940 36.527
285.300 3.890 28.928
285.310 4.380 37.157
285.330 4.290 44.376
285.350 4.380 44.876
285.360 4.210 39.327
285.380 4.050 18.965
285.460 4.670 27.975
285.480 4.610 38.545
285.620 3.980 21.545
285.630 3.870 30.820
285.640 3.910 32.619
285.650 3.870 28.173
285.670 4.190 35.658
285.700 4.280 27.724
285.720 4.490 44.113
285.800 3.990 38.430
285.840 4.330 43.358
285.860 4.260 44.657
285.870 4.160 41.163
285.880 4.720 43.829
286.130 4.140 32.786
286.140 4.840 42.080
286.170 4.750 24.289
286.250 4.190 44.001
286.270 4.190 44.201
286.300 4.360 37.513
286.320 4.340 38.556
286.330 4.340 44.115
286.370 4.720 40.949
286.380 4.600 22.687
286.400 4.280 26.463
286.410 4.560 28.836
286.420 4.150 44.357
286.430 4.330 44.240
286.450 4.140 38.185
286.510 4.540 43.432
286.540 4.140 43.636
286.550 4.290 38.811
286.580 4.370 31.817
286.600 4.630 30.660
286.760 4.770 32.403
286.810 4.650 36.448
286.820 4.860 30.871
286.830 4.090 34.161
286.870 4.560 42.332
286.930 4.530 42.651
287.060 4.300 41.316
287.140 3.900 44.752
287.150 3.990 30.741
287.160 4.600 43.462
287.190 4.680 29.263
287.200 4.350 34.093
287.510 4.910 9.937
287.540 4.830 22.415
287.570 4.890 28.400
287.590 4.700 28.916
287.600 4.330 44.452
287.620 4.580 14.141
287.630 4.630 25.458
287.740 4.640 39.139
287.750 3.900 39.285
287.780 4.010 40.827
287.800 4.540 44.028
287.840 4.390 40.968
287.850 3.980 9.821
287.870 4.460 21.386
287.880 4.250 24.168
287.890 4.230 39.834
287.900 3.860 29.266
287.910 4.560 41.764
287.920 4.190 33.209
287.930 4.240 43.211
287.960 4.100 34.482
287.970 4.170 23.372
287.980 3.920 30.458
287.990 4.470 37.410
288.000 4.030 31.521
288.010 4.330 23.687
288.030 4.790 34.338
288.040 4.130 18.347
288.050 4.740 43.182
288.060 4.760 34.740
288.070 3.790 10.478
288.080 4.030 33.085
288.100 3.820 28.180
288.110 4.510 36.207
288.130 4.200 33.097
288.150 4.400 29.773
288.170 4.380 43.927
288.180 4.810 37.462
288.190 3.850 31.174
288.210 4.500 36.056
288.240 4.230 39.064
288.310 4.140 38.516
288.320 3.870 25.583
288.330 3.930 21.098
288.340 4.250 37.504
288.380 4.130 33.878
288.390 3.890 41.648
288.400 4.130 38.286
288.410 4.160 8.056
288.450 4.650 42.528
288.460 4.160 31.906
288.470 3.960 27.061
288.490 4.230 28.781
288.500 4.480 40.652
288.510 4.130 35.820
288.530 3.950 42.868
288.540 4.310 32.608
288.550 4.350 35.894
288.560 4.170 21.167
288.580 4.060 39.679
288.590 3.840 20.994
288.600 4.100 29.500
288.610 4.080 31.954
288.620 4.800 35.279
288.630 4.060 28.936
288.640 4.270 25.850
288.650 4.150 28.723
288.660 4.590 39.351
288.680 4.190 29.903
288.700 3.880 15.012
288.740 4.270 30.386
288.750 4.090 33.375
288.770 4.410 40.071
288.780 4.050 28.737
288.790 4.960 31.509
288.800 4.380 44.906
288.810 3.990 28.887
288.820 3.730 23.775
288.830 3.970 15.259
288.840 4.850 28.843
288.890 4.090 27.468
288.900 4.070 35.251
288.910 4.140 34.232
288.950 4.410 35.322
288.980 4.070 44.782
289.030 4.190 41.663
289.060 4.460 40.301
289.080 4.160 35.186
289.110 4.670 38.985
289.130 4.680 34.705
289.170 4.590 26.415
289.180 4.580 40.559
289.240 4.610 38.159
289.270 4.140 41.913
289.280 4.850 41.200
289.310 3.940 32.305
289.320 4.070 36.128
289.330 4.030 34.749
289.350 4.510 39.398
289.370 4.960 37.497
289.410 4.160 34.995
289.460 4.440 39.348
289.500 4.270 43.079
289.520 4.370 44.344
289.550 4.520 37.602
289.630 4.250 29.714
289.660 3.940 43.447
289.680 4.120 44.350
289.710 4.720 21.756
289.730 4.220 43.800
289.800 4.120 32.884
289.820 4.350 38.446
289.830 3.930 22.015
289.860 4.410 36.481
289.870 4.000 41.457
289.900 4.910 42.137
289.920 4.330 35.540
289.940 4.550 39.451
290.000 4.480 35.971
290.010 4.440 42.127
290.090 3.920 43.994
290.130 4.210 43.216
290.140 3.960 44.021
290.180 4.230 24.485
290.210 4.970 42.819
290.440 4.630 40.488
290.520 4.310 42.911
290.570 4.880 28.520
290.580 4.950 31.093
290.590 4.560 16.438
290.600 4.070 30.788
290.610 4.840 5.170
290.620 4.460 30.471
290.640 4.980 22.248
290.650 4.810 29.527
290.690 4.780 15.021
290.970 4.960 40.706
291.580 4.240 31.445
291.590 4.390 40.626
291.600 4.390 29.661
291.610 4.150 33.190
291.660 4.320 37.892
291.670 4.700 44.339
292.200 4.430 24.778
292.280 4.360 25.809
292.290 4.490 43.479
292.300 4.390 39.944
292.310 4.350 38.125
292.320 4.710 35.942
292.350 4.850 31.063
292.360 3.940 13.474
292.400 4.020 36.011
292.430 4.250 42.867
292.440 3.720 30.662
292.450 4.130 21.911
292.460 4.390 30.804
292.510 4.460 35.485
292.550 4.690 43.515
292.640 4.560 37.103
292.820 4.390 43.199
292.920 4.330 39.762
292.930 4.340 37.447
292.950 4.190 41.157
292.960 4.370 41.561
292.980 4.540 33.200
293.150 4.980 35.937
293.190 4.330 34.747
293.270 4.700 43.878
293.320 4.620 29.206
293.360 4.340 44.560
293.380 4.910 41.317
293.520 4.540 34.089
293.530 4.440 34.187
293.540 4.950 44.168
293.560 4.390 44.718
293.640 4.720 39.920
293.690 4.000 44.711
293.720 4.860 42.737
293.750 4.170 31.130
293.760 4.170 29.334
293.780 3.860 36.917
293.820 4.110 37.730
293.830 4.230 39.441
293.920 4.040 43.100
294.170 4.510 43.581
294.180 4.770 40.222
294.420 4.900 40.649
294.440 4.330 43.683
294.450 4.570 34.231
303.370 4.540 38.927
303.380 4.330 35.865
303.390 4.850 44.824
303.400 4.160 32.880
303.420 4.060 31.950
303.430 4.250 41.411
303.440 4.330 25.121
303.450 3.960 22.194
303.460 4.150 34.790
303.470 4.280 43.401
303.480 4.200 18.986
303.500 4.270 23.657
303.520 4.370 31.391
303.550 4.880 28.403
303.560 3.740 29.087
303.570 3.830 33.627
303.580 4.740 23.287
303.590 4.370 34.069
303.600 4.390 42.183
303.610 4.200 43.913
303.620 4.070 28.211
303.630 4.360 38.050
303.650 4.210 30.219
303.660 3.950 5.295
303.670 3.690 18.521
303.680 4.310 27.628
303.690 4.090 31.708
303.700 3.930 17.580
303.720 3.610 21.791
303.730 3.870 8.319
303.740 4.200 20.250
303.750 4.040 24.026
303.760 3.830 25.848
303.780 4.190 11.800
303.790 4.000 33.490
303.800 3.990 23.982
303.810 4.130 37.553
303.820 4.660 30.215
303.830 4.620 42.668
303.850 4.370 38.080
303.860 4.400 37.523
303.900 4.650 36.843
303.910 4.850 26.224
303.920 4.540 31.058
303.950 4.460 22.122
303.960 4.240 35.235
303.980 4.760 25.866
303.990 3.950 34.637
304.000 4.030 42.954
304.010 4.050 39.305
304.020 4.190 40.808
304.040 4.820 36.431
304.050 4.320 41.270
304.070 4.310 31.501
304.080 4.490 36.897
304.090 4.520 24.987
304.100 4.210 22.185
304.110 4.360 25.805
304.120 3.640 19.111
304.130 4.190 13.905
304.140 4.610 24.156
304.160 3.980 33.413
304.170 4.330 37.814
304.180 4.270 22.770
304.190 3.880 30.899
304.200 4.080 25.207
304.210 4.880 35.670
304.240 4.560 39.427
304.250 4.630 31.465
304.260 4.170 38.025
304.290 4.230 38.063
304.300 3.930 22.312
304.310 4.190 42.033
304.320 4.360 34.317
304.330 4.230 25.330
304.350 4.110 6.722
304.360 4.620 27.505
304.370 4.100 34.069
304.380 4.130 35.674
304.390 4.280 44.542
304.400 4.330 39.183
304.410 4.300 33.990
304.430 4.020 28.475
304.440 4.110 32.163
304.450 3.980 34.882
304.460 4.600 33.063
304.470 4.100 35.695
304.480 3.740 24.404
304.490 4.090 26.267
304.500 3.680 26.071
304.510 3.970 21.044
304.520 3.880 36.895
304.530 3.940 38.742
304.560 4.680 35.036
304.570 4.030 34.332
304.580 3.880 30.957
304.590 4.110 30.199
304.600 4.490 16.529
304.610 4.450 10.619
304.620 4.030 20.089
304.630 3.820 13.889
304.640 4.700 25.901
304.650 4.210 40.605
304.660 4.290 16.478
304.670 4.110 13.844
304.680 3.870 11.626
304.690 3.930 16.665
304.700 3.950 16.152
304.710 3.800 22.932
304.720 4.260 12.670
304.730 3.820 23.989
304.740 4.200 32.180
304.750 4.670 30.391
304.760 4.340 20.933
304.770 3.710 14.667
304.780 4.060 27.739
304.790 3.890 34.120
304.800 3.980 11.274
304.810 4.140 18.142
304.820 4.020 25.450
304.830 4.250 28.978
304.840 4.350 30.315
304.850 4.400 24.843
304.880 4.580 29.214
304.890 4.280 42.728
304.900 4.670 33.429
304.910 4.140 34.276
304.950 4.380 43.570
304.960 4.540 26.145
304.980 4.210 34.376
304.990 4.800 30.742
305.000 4.620 35.266
305.010 4.010 32.441
305.040 4.120 41.730
305.050 4.020 26.984
305.060 4.190 8.607
305.070 4.730 17.369
305.090 4.240 10.545
305.100 4.150 36.957
305.120 4.050 29.201
305.130 4.020 22.776
305.140 4.100 43.572
305.150 3.990 36.652
305.160 4.330 36.317
305.170 4.140 32.414
305.180 4.340 37.985
305.190 4.430 29.358
305.200 4.330 36.339
305.210 4.120 33.298
305.220 4.670 40.268
305.260 3.930 40.549
305.270 4.160 40.314
305.280 4.280 31.970
305.290 4.420 43.579
305.300 4.410 29.385
305.310 4.400 24.369
305.320 4.520 14.617
305.340 4.160 40.160
305.350 4.290 27.842
305.360 4.400 36.973
305.370 4.380 33.888
305.420 4.280 41.088
305.430 4.200 39.658
305.440 3.810 36.347
305.460 3.750 18.439
305.470 4.190 22.466
305.480 4.580 34.115
305.490 4.010 26.933
305.500 3.890 31.611
305.510 3.920 32.439
305.520 4.160 40.268
305.550 4.280 43.453
305.560 4.210 33.848
305.570 4.020 41.426
305.580 4.250 38.604
305.590 4.060 41.492
305.620 4.530 25.628
305.660 4.250 36.993
305.710 3.910 34.443
305.740 4.120 36.861
305.750 4.220 28.883
305.760 4.140 31.911
305.770 4.000 42.505
305.780 4.010 38.773
305.790 3.770 5.250
305.800 3.940 23.165
305.810 4.350 20.367
305.820 4.130 10.119
305.830 3.840 5.509
305.840 3.630 12.998
305.850 4.280 15.175
305.860 4.000 20.736
305.870 3.950 25.393
305.880 4.130 35.869
305.890 3.810 25.415
305.900 4.020 43.731
305.910 4.250 44.528
305.920 3.710 22.212
305.930 4.560 23.476
305.940 4.460 40.603
305.950 4.020 39.420
305.960 4.360 35.076
305.970 4.320 40.212
306.000 4.620 15.540
306.010 4.000 18.720
306.020 3.930 35.133
306.030 4.430 41.627
306.040 4.090 44.876
306.070 4.250 26.618
306.090 4.040 38.257
306.150 4.030 32.947
306.190 4.260 34.269
306.210 3.770 26.489
306.220 4.160 36.612
306.240 3.780 42.273
306.280 4.170 43.697
306.310 4.310 42.044
306.320 4.060 32.281
306.330 4.440 40.580
306.340 4.360 35.240
306.350 4.090 43.135
306.370 4.390 27.278
306.380 4.470 24.722
306.390 4.790 23.767
306.410 4.480 29.001
306.630 4.730 43.206
306.670 4.990 36.736
306.750 4.670 37.108
306.880 4.110 38.535
306.900 4.620 44.638
307.000 4.150 41.731
307.500 4.110 42.306
307.540 4.330 36.417
307.550 4.430 31.829
307.560 4.130 22.552
307.570 4.590 31.853
307.590 4.200 34.472
307.600 4.050 4.547
307.610 3.780 3.824
307.620 4.070 12.314
307.630 3.530 14.735
307.640 3.740 1.676
307.650 4.140 17.351
307.660 4.160 23.081
307.670 3.960 21.899
307.680 3.630 15.303
307.690 4.040 24.473
307.700 3.950 43.334
307.720 4.390 25.276
307.730 3.870 35.625
307.740 4.300 27.353
307.750 4.050 24.420
307.760 3.810 22.806
307.770 4.210 8.006
307.780 3.840 20.265
307.790 4.090 25.323
307.800 4.330 44.007
307.810 3.850 3.810
307.820 3.900 30.626
307.830 4.250 33.925
307.840 3.960 42.912
307.850 3.950 21.983
307.860 4.190 20.675
307.870 3.910 20.836
307.880 4.200 16.841
307.900 4.190 30.439
307.910 4.050 16.322
307.920 4.200 38.440
307.940 3.840 20.621
307.950 4.270 7.290
307.960 4.450 8.925
307.970 4.220 15.230
307.980 4.080 22.597
307.990 3.900 17.014
308.030 3.930 21.479
308.040 3.960 1.232
308.050 4.550 15.760
308.060 4.360 21.450
308.070 4.390 10.724
308.080 3.990 27.674
308.090 4.760 8.394
308.100 3.710 4.507
308.110 4.070 39.113
308.120 4.080 12.716
308.140 4.190 34.233
308.150 4.050 20.789
308.160 4.090 6.891
308.170 3.970 3.924
308.180 4.300 36.223
308.200 4.780 30.825
308.240 3.920 30.198
308.250 4.360 41.390
308.260 3.780 14.880
308.270 3.730 20.627
308.280 3.840 9.981
308.290 3.990 38.287
308.300 3.930 26.760
308.310 4.570 37.954
308.320 3.980 25.334
308.330 3.630 20.590
308.350 3.760 7.656
308.360 3.920 23.441
308.390 3.860 18.532
308.400 3.750 4.121
308.420 4.330 21.508
308.430 3.950 26.622
308.440 4.010 38.269
308.450 4.010 28.271
308.460 3.990 16.985
308.470 4.380 32.620
308.480 3.980 44.954
308.510 3.690 22.727
308.520 4.300 31.420
308.540 3.670 21.154
308.550 4.180 42.598
308.560 3.830 26.644
308.570 4.080 11.560
308.580 4.100 6.429
308.590 4.070 13.111
308.600 3.890 15.463
308.610 3.970 23.890
308.620 4.010 35.558
308.630 3.930 8.055
308.640 3.900 6.932
308.650 4.620 43.106
308.660 4.110 24.180
308.670 4.030 16.847
308.680 3.810 26.580
308.690 4.050 22.539
308.700 3.970 36.380
308.710 3.790 7.572
308.720 4.130 14.286
308.740 3.950 41.654
308.750 4.070 34.426
308.760 3.600 9.126
308.770 4.040 17.874
308.780 3.500 9.919
308.790 4.040 9.822
308.800 3.910 25.713
308.810 3.460 11.739
308.820 3.750 8.703
308.830 3.770 15.494
308.840 4.280 43.978
308.850 3.960 16.148
308.860 3.900 24.399
308.870 4.350 27.652
308.880 3.850 34.901
308.890 3.650 11.098
308.900 4.770 12.564
308.920 4.420 25.095
308.960 4.200 30.794
308.970 4.480 12.113
308.980 4.270 10.390
309.000 4.260 15.402
309.020 4.170 35.437
309.030 4.300 33.554
309.060 4.120 36.181
309.080 4.040 30.668
309.100 3.950 15.943
309.110 4.020 3.758
309.120 4.040 26.477
309.130 4.340 23.502
309.140 4.040 10.010
309.150 4.290 35.853
309.160 4.070 9.511
309.170 4.100 22.442
309.190 4.100 5.828
309.200 4.550 19.432
309.210 4.230 28.441
309.220 4.260 20.466
309.230 4.570 39.163
309.240 4.540 9.273
309.250 4.150 41.540
309.260 4.250 10.415
309.270 4.340 22.711
309.280 4.730 38.843
309.290 4.540 41.503
309.300 4.150 38.790
309.310 3.770 24.642
309.320 4.390 18.321
309.340 4.470 24.323
309.350 4.400 11.727
309.360 4.940 10.738
309.370 4.150 27.918
309.380 4.230 35.159
309.390 4.670 28.473
309.460 4.250 6.243
309.470 4.380 18.190
309.480 4.030 4.618
309.490 4.340 27.185
309.500 3.940 30.530
309.510 4.370 22.830
309.520 3.950 28.800
309.530 4.120 14.975
309.540 4.390 31.714
309.550 4.030 32.273
309.570 4.060 38.403
309.590 4.030 24.596
309.600 4.150 22.136
309.620 4.360 5.930
309.630 4.530 31.278
309.640 4.310 15.567
309.650 4.410 27.384
309.670 4.630 24.653
309.690 3.860 6.906
309.700 4.550 3.956
309.730 4.730 21.283
309.740 4.230 17.289
309.750 4.050 6.521
309.760 3.990 17.680
309.770 3.620 12.663
309.780 4.540 7.446
309.790 4.420 10.184
309.800 4.380 8.127
309.810 4.070 1.323
309.820 4.780 29.565
309.830 4.300 21.835
309.840 4.110 20.738
309.850 4.070 18.489
309.860 4.120 10.112
309.870 4.470 31.238
309.880 4.290 23.126
309.890 3.930 21.372
309.900 4.100 8.880
309.910 4.810 5.059
309.920 4.580 36.560
309.930 4.270 25.875
309.940 4.670 13.321
309.950 4.150 28.328
309.960 4.860 10.985
309.970 3.980 6.313
309.980 4.900 22.108
310.000 4.840 32.262
310.010 3.780 9.177
310.020 4.280 14.551
310.030 3.720 18.724
310.040 4.150 13.615
310.050 4.120 24.182
310.060 4.630 16.911
310.070 4.680 26.877
310.080 4.490 10.824
310.110 3.940 22.606
310.120 4.200 8.747
310.130 4.650 9.054
310.150 4.430 36.271
310.160 4.340 20.749
310.170 4.600 20.572
310.180 4.520 9.573
310.190 4.910 13.144
310.200 4.770 14.360
310.210 4.390 6.924
310.220 4.980 11.092
310.230 4.350 18.053
310.250 4.560 19.945
310.260 4.950 23.222
310.270 4.190 11.413
310.280 4.710 10.530
310.290 4.910 5.788
310.300 4.530 19.579
310.310 4.890 26.809
310.330 4.450 34.662
310.360 4.490 23.204
310.380 4.330 24.798
310.390 4.930 31.923
310.400 4.270 26.465
310.410 4.770 26.940
310.420 4.840 9.555
310.430 4.550 2.723
310.450 4.310 14.493
310.460 4.780 12.242
310.470 4.740 24.632
310.490 3.830 20.375
310.500 4.540 15.942
310.510 4.990 37.350
310.520 4.930 2.920
310.530 4.940 19.669
310.540 4.730 13.135
310.550 4.850 10.208
310.560 4.910 18.536
310.570 4.710 11.515
310.580 4.470 17.460
310.610 4.240 15.257
310.620 4.900 32.954
310.630 4.700 34.457
310.640 4.580 5.339
310.650 4.640 22.852
310.660 4.170 4.884
310.670 4.840 11.411
310.680 4.680 19.400
310.690 4.330 37.856
310.710 4.180 38.210
310.740 4.720 34.451
310.770 4.310 33.058
310.780 4.330 13.201
310.790 4.910 16.313
310.800 4.790 29.252
310.810 4.850 9.336
310.830 4.800 12.997
310.840 4.480 26.014
310.850 4.720 6.257
310.860 4.710 16.610
310.870 4.530 14.069
310.890 4.640 40.979
310.920 4.640 20.430
310.940 4.480 9.386
310.950 4.360 39.704
310.960 4.850 21.950
310.970 4.210 22.557
310.980 4.390 11.937
310.990 4.250 6.006
311.000 4.430 10.256
311.010 4.490 17.763
311.020 4.570 26.393
311.030 3.880 14.316
311.050 3.850 30.014
314.010 4.090 43.753
314.030 4.210 40.626
314.040 4.980 43.494
314.050 4.590 34.545
314.080 4.380 30.338
314.100 4.520 43.439
314.150 4.390 40.079
314.160 4.170 41.688
314.170 4.040 40.238
314.180 3.970 38.219
314.200 4.040 29.836
314.210 4.010 7.379
314.220 4.110 36.346
314.230 4.330 38.882
314.240 4.440 43.746
314.250 3.900 39.904
314.280 4.500 36.247
314.290 4.260 26.823
314.300 4.070 38.884
314.310 4.460 44.073
314.320 4.240 25.085
314.340 4.370 34.886
314.350 3.980 40.703
314.370 4.180 21.225
314.380 4.030 11.032
314.390 4.270 39.262
314.400 4.240 23.389
314.410 4.020 11.686
314.420 4.600 36.254
314.430 3.980 7.128
314.440 3.940 33.524
314.450 4.030 14.201
314.460 4.040 32.559
314.470 4.150 33.641
314.490 4.250 43.337
314.500 4.190 43.935
314.510 3.920 27.325
314.520 4.040 39.096
314.530 4.270 34.346
314.540 4.700 39.826
314.550 4.260 17.131
314.570 4.270 25.805
314.590 4.880 40.022
314.600 4.500 37.043
314.620 4.420 41.980
314.650 4.320 36.401
314.700 3.800 37.121
314.710 4.270 31.812
314.720 4.130 28.853
314.730 4.290 19.730
314.740 3.810 19.576
315.080 4.970 44.997
316.110 4.860 37.401
316.170 4.190 37.919
316.220 4.520 37.560
316.230 3.930 41.302
316.240 4.650 32.580
316.250 3.960 8.114
316.260 4.040 16.245
316.270 4.360 40.310
316.280 4.140 28.912
316.310 3.940 41.613
316.320 4.320 36.124
316.450 4.270 42.978
316.460 4.210 26.041
316.530 4.310 39.042
316.550 4.290 27.774
316.560 4.580 42.281
316.580 4.350 21.523
316.600 4.210 37.846
316.610 4.240 32.604
316.620 4.110 41.897
316.640 4.170 15.883
316.660 4.100 41.111
316.700 4.690 30.117
316.720 4.520 35.530
316.730 4.390 43.210
316.750 4.460 42.564
316.760 4.990 34.253
316.820 4.680 34.169
316.860 4.640 40.365
316.870 4.320 38.937
316.880 4.140 35.335
316.890 4.240 17.658
316.900 3.800 9.203
316.910 4.630 41.415
316.920 4.110 21.637
316.930 4.200 28.592
316.940 4.280 36.068
316.950 4.660 42.040
316.970 4.770 25.198
316.990 4.320 38.937
317.040 4.220 41.581
317.050 4.660 41.130
317.060 4.630 37.963
317.080 4.960 36.793
317.150 4.670 16.249
317.160 4.190 12.917
317.180 4.860 24.291
317.190 4.740 35.479
317.200 4.640 38.417
317.220 4.780 19.872
317.230 4.480 37.926
317.240 4.270 20.073
317.250 4.450 34.018
317.270 4.530 8.335
317.280 4.390 14.463
317.290 4.550 7.202
317.320 4.490 15.465
317.330 4.760 30.345
317.340 4.790 20.042
317.350 4.640 41.002
317.360 4.950 26.823
317.370 4.080 22.645
317.380 4.730 30.148
317.410 4.990 34.385
317.590 4.420 30.805
317.900 4.920 28.707
317.960 4.450 9.262
317.980 4.710 34.252
318.020 4.600 22.857
318.030 4.750 36.132
318.040 4.460 32.289
318.050 4.390 43.604
318.070 4.550 38.780
318.090 4.350 42.437
318.100 4.330 40.852
318.110 4.140 33.115
318.120 3.900 7.294
318.130 3.810 13.555
318.140 3.930 24.040
318.150 3.890 19.285
318.160 4.060 15.508
318.170 4.040 40.781
318.180 4.260 19.136
318.190 3.890 7.436
318.200 4.090 7.695
318.210 4.060 9.801
318.220 4.110 31.027
318.230 3.800 34.060
318.240 3.990 27.802
318.250 4.450 32.165
318.260 4.460 27.418
318.270 4.430 35.900
318.280 4.190 21.156
318.290 3.970 24.572
318.300 4.140 30.194
318.310 3.950 27.514
318.320 4.110 20.124
318.330 3.940 11.690
318.340 4.310 30.526
318.350 3.950 21.233
318.360 4.640 35.241
318.370 4.020 34.773
318.380 4.070 41.005
318.400 4.100 25.564
318.410 4.470 31.260
318.420 4.200 28.343
318.440 4.750 43.385
318.470 4.760 21.770
318.480 4.720 5.647
318.490 4.040 14.344
318.510 4.120 24.749
318.520 4.320 17.215
318.530 4.480 41.457
318.540 4.670 34.792
318.550 3.970 36.843
318.560 4.360 25.991
318.570 4.610 12.069
318.580 4.370 26.820
318.590 4.420 29.656
318.600 4.710 17.617
318.610 4.460 43.725
318.620 4.420 21.097
318.630 4.280 8.231
318.650 4.830 6.835
318.680 4.190 15.228
318.690 4.090 23.198
318.710 4.350 35.685
318.720 4.800 31.869
318.830 4.610 35.011
318.910 4.450 42.758
318.940 3.830 19.050
318.950 4.270 43.556
318.980 4.890 43.829
319.000 4.850 24.256
319.060 4.320 34.786
319.080 3.940 44.291
319.170 4.810 27.287
319.230 4.490 44.703
319.310 4.550 44.902
319.320 3.890 21.943
319.330 4.270 6.249
319.340 4.640 27.961
319.350 4.600 36.401
319.360 4.170 35.212
319.370 3.950 28.814
319.380 4.230 41.608
319.410 4.310 38.387
319.500 4.740 43.502
319.530 4.020 13.826
319.540 4.450 22.557
319.550 4.220 42.610
319.560 4.440 40.724
319.570 4.600 14.154
319.580 4.180 34.545
319.590 4.420 28.636
319.600 4.170 30.326
319.760 4.410 40.630
319.780 4.190 39.004
319.840 4.630 41.758
319.900 4.210 34.482
319.910 4.300 39.326
319.950 3.860 27.264
319.970 4.210 44.401
320.010 4.800 29.643
320.020 4.090 34.278
320.030 4.610 36.813
320.040 4.570 22.592
320.080 4.680 35.495
320.100 4.700 25.732
320.130 4.570 40.218
320.200 4.140 25.900
320.210 4.080 28.911
320.220 4.260 20.405
320.230 4.050 32.241
320.240 4.640 40.599
320.250 4.390 43.264
320.270 4.710 33.938
320.300 4.180 23.915
320.310 4.310 29.658
320.330 4.280 24.570
320.340 4.180 40.801
320.350 4.450 41.470
320.550 4.180 36.594
320.560 3.930 33.333
320.570 4.570 41.672
320.580 4.540 30.317
320.590 4.770 37.947
320.600 4.010 27.029
321.180 4.580 43.326
321.210 4.020 28.546
321.220 4.210 29.625
321.260 4.880 39.119
321.330 4.310 15.913
321.340 4.550 41.313
321.350 4.910 29.659
321.390 4.610 23.633
321.430 4.700 20.112
321.460 4.750 4.389
321.470 4.310 8.591
321.480 4.330 27.728
321.540 4.140 43.387
321.550 4.270 36.642
321.560 4.200 39.898
321.570 3.720 39.038
321.620 4.270 22.647
321.630 4.480 44.527
321.640 3.790 39.131
321.660 4.220 28.425
321.700 4.190 40.711
321.720 4.750 36.251
321.730 4.380 37.673
321.740 4.850 39.381
321.750 4.940 41.609
321.800 4.300 14.036
321.810 4.070 26.893
321.820 4.720 35.283
321.830 4.150 22.582
321.840 3.890 38.795
321.870 4.540 33.298
321.890 4.100 38.574
321.900 4.390 35.491
321.910 4.370 42.978
321.920 4.320 43.248
321.930 4.530 39.306
321.940 4.100 26.898
321.950 3.630 22.903
321.960 4.250 20.891
321.970 3.890 35.781
321.980 3.960 18.497
321.990 4.300 41.771
322.000 3.950 24.093
322.010 3.830 25.004
322.020 3.950 26.840
322.030 4.030 27.184
322.040 4.230 28.500
322.050 3.690 19.485
322.060 4.390 38.530
322.070 4.180 17.086
322.080 4.400 44.011
322.090 4.300 44.429
322.100 4.110 35.364
322.110 3.960 44.327
322.120 4.130 20.194
322.130 4.450 33.037
322.140 4.490 35.757
322.150 4.960 13.517
322.160 4.790 32.338
322.170 4.660 26.119
322.210 4.670 33.547
322.220 4.070 36.909
322.230 4.840 38.183
322.240 4.580 41.629
322.270 4.090 34.660
322.280 3.870 43.135
322.290 4.620 43.562
322.310 4.240 41.863
322.320 3.950 44.380
322.350 4.390 32.207
322.430 4.240 43.379
322.440 3.870 36.846
322.450 4.380 43.456
322.470 4.310 36.337
322.490 4.220 31.335
322.510 4.420 36.333
322.520 3.610 25.520
322.530 3.880 21.051
322.540 4.040 13.450
322.560 3.550 18.672
322.570 4.260 28.641
322.580 4.890 36.450
322.590 3.980 34.521
322.620 4.500 17.094
322.640 4.970 39.761
322.660 4.880 25.832
322.670 4.180 18.315
322.680 3.980 24.635
322.690 4.440 42.096
322.700 3.970 33.514
322.710 4.240 37.799
322.720 4.690 28.652
322.730 4.550 19.151
322.740 4.260 44.507
322.750 4.020 35.769
322.760 4.220 43.034
322.770 4.150 39.359
322.780 4.400 40.516
322.790 4.180 40.307
322.800 4.380 38.501
322.810 4.190 6.092
322.820 3.860 32.167
322.830 3.950 22.473
322.840 4.260 13.904
322.880 4.210 36.548
322.890 3.970 25.814
322.900 3.880 34.029
322.950 4.020 39.138
322.970 4.220 39.307
322.980 4.080 22.307
322.990 3.970 18.010
323.000 4.290 26.835
323.010 3.670 21.697
323.020 3.740 27.850
323.030 4.180 21.206
323.040 4.010 16.762
323.050 4.220 27.972
323.060 3.980 19.062
323.070 4.400 14.311
323.080 4.380 37.380
323.120 4.370 27.997
323.150 4.130 36.104
323.170 4.340 35.314
323.200 4.400 39.021
323.230 4.290 31.767
323.240 3.830 22.883
323.250 4.320 23.037
323.260 3.940 21.856
323.270 4.480 27.761
323.280 4.070 3.183
323.290 4.040 35.185
323.300 3.850 31.157
323.310 4.110 36.402
323.330 3.960 6.784
323.340 3.900 25.251
323.350 4.250 27.968
323.360 4.110 20.831
323.370 4.090 43.290
323.380 4.350 35.248
323.390 4.300 35.419
323.410 3.900 39.982
323.420 3.840 23.814
323.430 4.740 41.835
323.440 4.500 36.878
323.460 4.160 40.348
323.500 4.290 44.858
323.520 4.210 43.723
323.550 4.570 40.117
323.570 4.250 35.367
323.590 4.270 30.956
323.610 4.530 42.157
323.640 4.480 44.825
323.650 4.620 40.570
323.680 4.510 36.928
323.740 4.170 31.324
323.750 4.400 10.961
323.770 4.420 12.875
323.780 4.160 17.573
323.790 3.820 40.837
323.810 4.190 30.677
323.830 4.020 40.221
323.840 4.230 36.162
323.870 3.930 37.518
323.880 4.040 24.754
323.910 4.330 22.775
323.920 3.920 41.867
323.940 4.350 34.088
323.960 4.350 33.484
323.980 4.550 36.957
323.990 4.750 32.196
324.000 4.550 39.350
324.010 4.200 36.844
324.020 3.980 28.429
324.030 3.980 34.760
324.040 3.950 16.060
324.060 4.350 35.146
324.070 4.000 25.823
324.110 3.760 12.015
324.120 3.560 17.802
324.130 4.060 13.956
324.140 4.580 41.593
324.150 4.420 39.944
324.160 3.980 32.473
324.170 4.170 43.504
324.180 4.320 23.898
324.200 4.630 35.352
324.210 4.160 36.130
324.240 4.050 32.807
324.250 3.630 24.418
324.260 4.270 31.481
324.270 3.850 37.553
324.280 3.890 23.021
324.290 3.970 28.243
324.300 3.680 12.127
324.310 4.030 18.718
324.320 4.170 22.180
324.330 4.210 28.977
324.340 3.930 30.140
324.360 4.400 35.311
324.370 4.430 31.042
324.380 4.790 27.962
324.390 4.000 11.412
324.400 4.300 30.985
324.410 4.340 19.494
324.440 4.320 40.908
324.450 4.320 33.240
324.460 4.160 25.739
324.470 4.260 24.940
324.540 4.280 21.674
324.560 4.420 16.419
324.580 4.070 23.546
324.590 3.920 27.598
324.640 4.020 35.577
324.650 4.380 32.174
324.660 4.140 35.745
324.670 3.810 31.523
324.680 4.000 37.564
324.690 3.970 17.572
324.700 4.130 44.573
324.740 4.400 36.252
324.760 4.160 43.470
324.770 4.960 20.972
324.780 4.170 39.028
326.610 4.300 38.967
326.630 4.480 35.058
326.640 3.840 14.505
326.650 4.140 24.127
326.660 3.880 21.076
326.670 3.970 20.811
326.680 3.930 20.853
326.690 3.760 28.094
326.700 4.280 28.718
326.710 4.320 30.750
326.730 4.330 35.163
326.740 4.570 25.359
326.760 4.280 42.253
326.770 4.440 25.664
326.800 4.250 35.931
326.810 4.870 31.938
326.820 4.220 36.890
326.840 4.710 27.983
326.850 4.420 25.029
326.880 4.430 38.140
326.890 4.130 31.525
326.910 4.140 36.904
326.930 4.260 39.346
326.960 4.090 35.728
326.970 3.950 17.658
326.990 4.370 40.933
327.000 4.250 43.181
327.020 3.770 25.270
327.030 4.370 32.413
327.040 4.220 34.799
327.050 3.770 40.139
327.060 3.890 28.871
327.070 3.940 35.835
327.080 4.270 41.141
327.090 4.190 37.965
327.110 4.090 44.105
327.120 4.220 35.084
327.130 4.040 42.292
327.160 4.330 44.379
327.170 4.210 20.597
327.180 4.150 20.567
327.190 4.120 35.615
327.200 3.990 31.822
327.210 4.020 20.464
327.220 3.760 44.570
327.230 4.280 8.541
327.240 4.290 22.069
327.250 3.790 31.708
327.260 4.890 21.669
327.270 4.270 43.084
327.280 4.410 41.852
327.290 3.980 6.574
327.300 4.300 17.016
327.310 4.200 29.834
327.320 3.990 23.745
327.330 3.890 27.549
327.340 3.960 27.013
327.350 3.990 43.667
327.360 4.590 38.927
327.370 4.220 29.380
327.400 3.940 37.680
327.410 4.660 35.375
327.440 4.850 36.443
327.480 3.940 31.593
327.490 3.800 28.199
327.500 4.130 7.090
327.510 3.850 32.790
327.530 4.360 18.317
327.540 3.790 22.331
327.550 3.890 26.781
327.560 4.000 14.675
327.570 4.050 11.563
327.580 3.830 25.705
327.590 4.000 32.493
327.600 3.870 12.974
327.610 3.800 24.777
327.620 4.530 10.343
327.640 4.220 39.521
327.650 4.010 11.847
327.660 3.730 25.447
327.670 4.330 4.397
327.690 4.450 34.971
327.700 4.320 37.540
327.730 4.150 31.951
327.770 4.080 38.874
327.780 4.630 13.997
327.800 3.930 18.095
327.810 3.660 30.410
327.820 4.110 23.602
327.830 4.080 21.500
327.840 4.050 25.823
327.850 3.850 8.744
327.860 4.170 37.891
327.880 4.380 20.987
327.890 3.840 27.047
327.900 4.170 9.883
327.910 3.900 40.292
327.920 3.900 41.419
327.930 4.060 22.969
327.940 4.280 26.713
327.960 3.830 44.604
327.980 4.160 33.255
327.990 4.350 37.225
328.030 4.180 42.127
328.040 4.570 38.269
328.060 4.590 30.410
328.080 4.880 27.902
328.090 4.610 42.425
328.110 4.290 44.710
328.130 4.070 24.256
328.150 4.380 30.725
328.160 4.220 29.620
328.170 3.920 18.449
328.180 3.920 24.489
328.190 4.200 39.542
328.200 4.570 41.976
328.210 4.290 36.056
328.220 4.240 31.911
328.230 4.350 36.278
328.250 4.430 40.786
328.260 3.860 12.051
328.270 4.270 44.909
328.280 4.120 41.314
328.290 4.300 26.261
328.300 4.230 31.447
328.310 4.280 44.809
328.320 4.310 27.387
328.340 4.150 42.653
328.350 4.000 41.796
328.370 4.280 40.699
328.380 4.370 44.425
328.390 4.380 36.408
328.400 4.980 18.771
328.410 4.280 33.866
328.420 4.180 44.045
328.430 4.020 42.439
328.470 4.090 42.661
328.520 4.250 31.787
328.530 3.910 28.527
328.560 4.670 8.895
328.590 3.840 37.569
328.630 4.250 39.093
328.650 4.380 36.736
328.660 4.760 10.194
328.670 4.210 9.388
328.680 4.260 32.015
328.710 4.080 24.116
328.730 4.720 42.652
328.770 4.530 43.350
328.780 3.830 20.438
328.790 4.360 19.842
328.800 4.230 20.061
328.810 4.100 20.797
328.820 4.730 20.276
328.830 4.520 16.505
328.860 4.820 24.015
328.870 4.370 32.759
328.880 4.810 20.556
328.890 4.930 44.282
328.900 4.320 41.166
328.910 4.690 28.202
328.930 4.200 33.014
328.950 4.780 30.972
328.990 4.490 25.146
329.000 4.900 38.744
329.060 4.570 11.856
329.070 4.230 34.876
329.080 4.210 11.839
329.100 4.460 8.858
329.110 4.390 24.931
329.120 4.960 31.785
329.130 4.110 14.243
329.140 4.480 26.299
329.150 4.670 21.591
329.160 4.710 4.759
329.170 4.270 43.771
329.180 4.600 30.951
329.190 4.540 32.140
329.200 3.910 16.763
329.210 4.990 14.379
329.240 4.310 12.709
329.250 4.140 18.167
329.330 4.940 26.857
329.340 4.690 34.894
329.350 4.530 39.512
329.370 4.880 38.241
329.410 4.180 39.808
329.420 4.330 30.818
329.430 4.260 23.018
329.440 4.480 33.973
329.450 4.470 32.805
329.460 4.430 12.221
329.470 4.770 27.006
329.550 4.990 26.912
329.590 4.500 11.359
329.620 4.820 41.337
329.640 3.970 39.869
329.650 4.230 42.890
329.660 4.320 32.593
329.680 4.200 37.975
329.720 4.760 37.196
329.730 3.830 33.252
329.740 3.980 16.598
329.750 4.270 42.388
329.770 3.860 39.671
329.780 3.860 33.197
329.790 4.280 35.571
329.800 4.130 31.004
329.810 4.540 44.726
329.860 4.550 31.625
329.870 4.290 19.301
329.880 4.140 40.349
329.890 4.490 24.941
329.950 4.480 43.898
329.960 4.110 32.820
329.980 4.380 28.341
329.990 4.120 43.264
330.010 4.080 26.865
330.050 3.920 41.396
330.060 4.130 27.544
330.070 4.150 35.266
330.090 4.430 36.445
330.100 4.220 34.968
330.120 4.680 41.972
330.160 4.800 44.028
330.210 4.540 22.991
330.220 4.980 43.759
330.260 4.350 30.271
330.290 3.980 17.765
330.310 4.190 36.706
330.350 4.210 43.954
330.360 4.090 41.645
330.390 4.390 32.570
330.400 4.310 42.384
330.410 4.020 34.186
330.420 4.100 31.967
330.430 4.220 44.271
330.440 4.180 35.647
330.450 4.050 40.710
330.460 4.400 18.053
330.470 4.010 44.004
330.490 4.560 38.553
330.510 3.800 27.732
330.540 4.390 40.001
330.550 3.970 24.189
330.570 4.160 40.172
330.590 4.030 33.158
330.600 4.190 8.618
330.610 4.090 20.697
330.620 4.090 6.335
330.630 3.790 15.540
330.640 4.410 25.389
330.650 3.790 33.660
330.660 3.930 35.007
330.670 3.900 22.215
330.680 3.960 39.891
330.690 3.680 16.211
330.730 4.490 43.503
330.740 4.110 21.983
330.770 4.060 31.015
330.780 3.840 32.621
330.790 4.010 25.498
330.800 4.260 33.850
330.810 3.720 22.869
330.820 3.680 29.958
330.830 4.100 16.193
330.840 4.120 5.333
330.850 4.130 6.809
330.860 4.560 25.086
330.870 4.410 20.579
330.880 3.990 24.572
330.890 4.320 39.615
330.900 4.020 11.206
330.910 4.190 36.283
330.920 4.200 18.711
330.930 3.930 29.414
330.940 3.970 39.625
330.950 3.990 5.946
330.960 4.130 20.811
331.040 4.240 41.725
331.070 4.030 39.222
331.090 4.310 31.343
331.100 4.410 30.013
331.110 4.290 26.121
331.120 4.450 6.255
331.130 3.840 21.896
331.140 4.210 30.145
331.150 4.950 38.309
331.170 3.970 35.260
331.180 4.020 15.093
331.190 3.740 27.933
331.200 3.970 3.332
331.210 4.190 43.434
331.220 3.710 29.756
331.230 4.130 2.448
331.250 4.050 26.655
331.260 4.250 41.663
331.390 4.570 29.292
331.420 4.660 38.153
331.890 4.840 35.148
332.100 4.580 32.171
334.200 4.530 39.871
334.230 4.540 37.367
334.250 4.190 25.988
334.260 4.790 37.693
334.270 4.550 32.767
334.290 4.240 28.027
334.310 4.370 39.304
334.320 4.410 36.131
334.340 3.980 40.668
334.350 4.220 27.865
334.380 4.190 31.087
334.390 4.070 39.845
334.400 4.220 33.904
334.420 4.640 32.127
334.430 4.200 40.858
334.440 4.130 44.719
334.450 4.050 26.800
334.480 4.210 37.816
334.540 4.400 11.621
334.560 4.200 34.474
334.570 4.360 27.429
334.580 3.960 35.505
334.590 4.100 31.868
334.610 4.400 40.685
334.620 4.060 36.846
334.640 4.400 18.955
334.670 4.050 33.792
334.720 3.950 19.518
334.730 4.760 18.919
334.750 4.080 26.829
334.760 4.290 28.288
334.780 4.190 25.159
334.790 3.810 14.228
334.800 4.440 14.371
334.810 4.000 39.421
334.820 4.810 22.594
334.830 3.840 10.733
334.840 3.940 25.480
334.860 4.190 41.283
334.870 4.360 17.622
334.880 4.260 40.780
334.950 3.990 41.211
334.960 4.080 36.436
334.970 4.130 31.060
334.980 4.320 28.163
335.000 4.080 33.999
335.050 4.310 42.344
335.080 4.120 40.050
335.090 4.110 26.507
335.100 3.770 13.178
335.130 4.160 15.901
335.140 4.090 14.173
335.160 4.300 33.393
335.190 4.600 39.015
335.240 4.110 33.368
335.260 3.900 15.628
335.270 4.380 42.267
335.280 3.990 34.068
335.290 4.250 43.410
335.300 3.760 18.742
335.310 4.360 32.312
335.320 4.120 30.576
335.330 3.830 18.979
335.340 4.340 23.764
335.350 3.980 8.957
335.360 4.260 7.082
335.480 4.080 32.969
335.490 4.230 39.145
335.510 4.730 37.367
335.530 3.890 38.908
335.540 4.080 26.141
335.550 3.860 35.014
335.560 3.790 20.736
335.570 3.720 26.285
335.580 4.200 16.376
335.590 4.230 25.994
335.600 3.910 24.992
335.620 4.420 7.012
335.630 4.820 11.278
335.640 4.020 38.205
335.660 4.050 29.684
335.670 3.870 12.410
335.680 3.970 29.522
335.690 3.860 37.159
335.700 4.160 21.950
335.710 4.620 41.330
335.720 4.360 31.642
335.740 4.620 43.447
335.770 4.220 39.995
335.780 4.240 34.191
335.790 4.030 24.617
335.800 3.950 26.787
335.810 4.230 35.256
335.840 4.370 20.793
335.850 4.600 36.157
335.860 4.570 25.524
336.020 4.730 40.137
336.030 4.320 3.297
336.390 4.220 21.935
336.410 4.670 37.759
336.430 4.630 44.870
336.480 4.930 39.676
336.500 4.440 18.316
336.510 4.340 21.933
336.530 4.550 22.690
336.540 4.410 22.118
336.550 4.510 35.852
336.560 4.770 26.046
336.570 4.250 4.076
336.590 4.930 36.619
336.600 4.460 28.159
340.630 4.020 21.317
340.640 4.060 21.448
340.650 4.120 17.817
340.660 4.460 27.875
340.670 4.010 37.239
340.680 4.610 30.964
340.690 4.380 20.929
340.750 4.880 44.300
341.330 4.950 19.715
341.630 4.540 44.375
342.440 4.770 39.818
345.450 4.810 41.370
345.880 4.430 30.837
345.900 4.560 38.403
345.930 4.030 31.860
347.540 4.430 43.089
347.630 4.790 42.352
347.670 4.190 38.655
347.700 4.240 44.121
347.710 4.520 43.486
347.730 4.780 33.565
347.740 4.780 42.584
347.930 4.280 38.318
347.940 3.970 36.408
347.950 4.280 34.822
347.960 4.270 40.911
347.990 4.130 41.140
348.020 4.400 35.049
348.040 4.620 40.302
348.110 3.960 37.377
348.120 4.750 42.351
348.130 4.420 44.974
348.160 4.060 14.261
348.170 4.600 33.952
348.190 4.000 21.164
348.210 4.210 38.165
348.220 4.140 34.117
348.230 4.210 25.591
348.260 4.240 38.722
348.270 4.370 30.967
348.280 4.390 39.016
348.290 4.390 30.929
348.300 4.030 44.878
348.310 4.560 31.466
348.320 4.400 37.153
348.330 4.300 39.862
348.340 4.550 26.506
348.350 4.100 36.092
348.410 4.070 31.425
348.430 3.910 38.084
348.440 4.940 28.525
348.450 3.980 31.196
348.480 4.000 23.240
348.490 3.960 13.108
348.500 3.810 35.605
348.520 4.720 43.122
348.570 4.270 40.095
348.610 4.060 44.055
348.620 4.010 27.462
348.640 3.920 28.264
348.650 3.830 40.931
348.660 4.090 43.425
348.670 4.340 22.123
348.680 4.030 33.465
348.690 3.930 15.424
348.700 4.030 24.029
348.710 4.330 27.168
348.720 4.460 35.948
348.730 4.290 41.716
348.740 4.210 37.283
348.750 4.250 34.957
348.760 4.700 34.228
348.770 4.220 33.391
348.810 4.530 40.692
348.820 4.160 26.424
348.830 3.950 42.730
348.840 4.010 24.252
348.850 3.990 42.048
348.860 4.040 40.662
348.870 4.230 10.914
348.880 4.120 36.502
348.890 4.230 32.937
348.900 3.920 20.775
348.910 4.490 13.346
348.920 4.230 28.200
348.930 4.080 20.737
348.940 4.280 23.394
348.950 4.390 34.171
348.960 4.310 37.219
348.970 4.280 27.054
348.990 4.210 22.865
349.000 4.430 37.858
349.030 4.520 29.289
349.040 4.660 39.045
349.050 4.030 40.469
349.070 4.020 33.514
349.100 4.010 19.674
349.120 3.970 34.868
349.150 4.840 25.681
349.160 4.030 44.731
349.170 3.920 20.621
349.180 4.490 19.731
349.190 4.160 29.722
349.200 3.980 25.488
349.210 4.490 35.107
349.220 4.680 36.058
349.230 4.000 44.139
349.240 4.150 38.020
349.250 4.360 36.709
349.270 3.950 35.389
349.280 4.100 30.153
349.290 3.900 24.596
349.300 4.390 38.330
349.320 4.220 38.948
349.330 3.970 9.461
349.350 3.920 14.558
349.360 4.160 31.484
349.380 4.180 22.493
349.390 4.450 32.077
349.400 4.350 21.126
349.410 4.210 35.610
349.420 3.860 5.151
349.430 3.940 18.588
349.440 3.880 30.202
349.450 3.890 31.316
349.460 3.960 35.217
349.470 4.610 19.753
349.480 4.810 33.178
349.490 4.820 44.064
349.500 4.310 35.197
349.510 3.960 38.501
349.520 4.190 29.590
349.530 4.340 44.667
349.550 3.960 23.056
349.560 4.350 12.719
349.570 4.620 27.784
349.580 4.130 42.064
349.590 3.950 18.595
349.600 3.880 25.383
349.630 4.230 22.573
349.640 4.100 37.936
349.650 3.950 29.666
349.690 4.300 31.817
349.700 4.460 37.941
349.710 4.520 42.949
349.740 4.720 33.741
349.770 4.610 12.235
349.790 4.140 38.072
349.800 4.170 24.419
349.820 4.360 29.732
349.830 4.980 10.288
349.860 4.630 13.291
349.890 4.590 38.502
349.900 4.070 15.338
349.950 4.250 42.508
349.960 3.950 42.105
349.980 4.660 42.216
350.760 4.050 13.753
350.780 4.730 15.908
350.790 4.010 30.728
350.800 4.600 35.407
350.810 4.190 6.600
350.830 4.590 27.693
350.840 4.460 23.895
350.850 4.260 35.225
350.890 4.680 44.939
350.900 4.180 10.287
350.910 4.290 22.750
350.920 4.460 35.738
350.930 4.200 18.454
351.120 4.670 23.027
351.140 4.300 28.578
351.150 4.330 35.844
351.160 3.730 9.620
351.170 3.990 5.531
351.190 4.350 22.130
351.210 4.520 37.622
351.220 4.210 31.302
351.230 4.060 19.986
351.240 4.330 2.588
351.250 4.660 10.289
351.260 4.520 30.520
351.270 4.150 37.835
351.280 4.230 11.404
351.310 3.930 42.232
351.320 4.270 26.555
351.330 4.680 35.054
351.340 4.670 37.509
351.350 4.600 40.014
351.360 3.880 32.254
351.370 4.950 35.776
351.400 4.610 40.738
351.420 4.710 41.582
351.430 4.270 42.364
351.450 4.070 37.147
351.480 4.670 30.368
351.490 4.520 30.742
351.500 4.460 13.355
351.550 4.840 16.787
351.580 4.700 25.196
351.600 4.720 21.994
351.610 4.450 19.383
351.620 4.840 27.274
351.630 4.360 42.303
351.640 4.480 36.464
351.690 4.950 40.668
351.700 4.910 17.465
351.720 4.420 20.402
351.730 4.310 23.912
351.740 4.460 19.315
351.750 4.500 20.307
351.760 4.740 43.924
351.770 4.860 24.494
351.950 4.480 30.063
351.970 4.780 34.501
351.980 4.270 24.684
352.010 4.730 34.527
352.040 4.420 35.241
352.050 4.490 38.836
352.060 4.460 28.700
352.080 4.400 21.061
352.090 4.380 21.841
352.100 4.290 16.045
352.110 3.760 20.656
352.120 3.710 24.947
352.130 4.240 42.477
352.140 4.430 12.269
352.160 4.110 34.766
352.170 4.480 33.998
352.180 4.290 29.084
352.210 4.350 32.472
352.220 4.340 39.090
352.240 4.760 36.322
352.250 4.790 20.950
352.270 4.640 29.091
352.310 4.780 5.105
352.320 4.160 43.391
352.330 4.110 4.890
352.350 4.640 43.864
352.410 4.490 34.689
352.430 4.470 32.697
352.440 4.470 34.219
352.450 4.800 25.546
352.480 4.290 0.590
352.490 4.400 10.949
352.500 3.910 20.701
352.510 4.390 32.391
352.520 4.040 14.125
352.530 4.370 15.208
352.540 3.950 18.204
352.610 4.500 24.321
352.620 4.210 17.563
352.630 4.250 32.160
352.640 4.050 44.124
352.650 4.450 37.720
352.660 4.650 30.902
352.670 4.980 30.198
352.680 4.540 25.321
352.690 4.080 9.251
352.700 4.080 15.119
352.710 4.160 42.802
352.720 4.100 11.446
352.730 4.970 11.235
352.740 3.910 27.269
352.750 4.390 19.369
352.760 3.840 15.787
352.770 4.260 29.306
352.780 4.520 21.952
352.820 4.590 39.026
352.830 4.230 36.151
352.860 4.650 32.443
352.880 4.120 29.681
352.890 4.700 37.991
352.900 4.660 21.186
352.910 4.590 31.235
353.050 4.650 29.906
353.060 3.760 35.237
353.070 4.400 9.954
353.100 4.950 38.597
353.110 4.400 40.327
353.120 4.830 35.781
353.130 4.590 27.184
353.150 4.990 29.239
353.190 4.230 39.017
353.200 4.070 39.707
353.210 4.280 41.012
353.220 4.700 14.728
353.250 4.350 34.132
353.260 4.640 21.018
353.320 4.830 24.590
353.330 4.580 34.133
353.340 4.390 19.374
353.350 4.300 30.154
353.360 4.430 27.760
353.370 4.210 27.019
353.450 4.880 4.585
353.470 4.520 35.013
353.480 4.570 34.347
353.500 4.260 22.464
353.510 4.650 22.662
353.550 4.850 22.732
353.600 4.470 28.711
353.630 4.850 20.539
353.640 4.640 22.176
353.680 4.190 4.336
353.690 4.510 35.549
353.700 4.090 27.058
353.710 4.530 37.060
353.720 4.360 3.289
353.750 4.990 29.506
353.760 4.040 15.318
353.770 4.240 16.747
353.820 4.700 32.837
353.840 4.330 19.702
353.880 4.800 26.204
353.890 4.860 25.642
354.050 4.660 3.917
354.070 4.740 11.117
354.090 4.240 28.729
354.130 4.640 29.034
354.190 4.460 15.428
354.220 3.960 17.632
354.230 4.510 44.798
354.240 3.920 10.436
354.250 3.730 4.341
354.280 4.850 12.739
354.360 4.430 22.001
354.380 4.600 44.515
354.390 4.340 38.748
354.400 4.490 29.617
354.430 4.290 44.954
354.450 4.400 5.161
354.530 4.520 17.596
354.540 4.490 17.600
354.550 4.360 12.587
354.560 3.940 22.073
354.580 4.040 20.193
354.600 4.060 8.342
360.070 4.310 35.547
360.080 4.290 27.408
360.090 4.340 39.071
360.130 4.970 13.851
360.150 4.380 26.417
360.160 4.400 21.839
360.180 4.400 21.533
360.190 4.210 23.285
360.200 4.410 27.241
365.050 4.450 42.877
365.060 4.110 43.343
365.070 3.680 26.164
365.080 4.530 12.561
365.090 4.360 12.247
365.100 3.860 37.215
365.110 3.880 37.342
365.120 4.210 27.038
365.130 3.930 13.162
365.140 4.100 20.274
365.150 3.850 18.597
365.170 4.000 17.929
365.180 4.190 27.706
365.190 4.120 23.632
365.220 4.360 29.600
365.240 4.560 42.017
365.260 4.300 29.664
365.270 4.060 39.220
365.280 4.240 44.473
365.290 4.940 25.281
365.330 4.160 33.869
365.340 4.660 35.845
365.350 4.690 28.796
365.360 4.500 41.597
365.370 4.110 42.758
365.380 4.120 23.823
365.400 3.940 22.467
365.410 4.030 19.895
365.420 4.270 27.414
365.430 4.490 37.449
365.440 4.120 31.579
365.450 4.520 27.114
365.460 3.780 8.573
365.470 3.600 18.791
365.480 4.180 31.448
365.490 4.010 4.094
365.500 3.730 20.718
365.510 4.260 34.558
365.520 4.140 20.023
365.530 3.860 15.626
365.540 4.040 16.943
365.550 4.070 25.623
365.560 4.320 26.229
365.570 3.820 27.591
365.600 4.210 30.729
365.610 4.020 31.494
365.660 4.200 8.522
365.670 3.950 19.319
365.680 4.400 44.934
365.690 4.470 31.317
365.700 4.430 19.899
365.710 4.480 33.968
365.720 4.820 15.926
365.750 4.400 30.415
365.780 4.250 38.301
365.790 4.260 4.953
365.800 4.270 38.368
365.810 4.340 31.748
365.840 4.280 39.373
365.860 3.910 31.175
365.890 3.890 27.940
365.900 4.700 42.986
365.920 4.360 1.610
365.930 4.310 44.459
366.060 4.750 10.595
366.080 4.310 41.320
366.120 4.260 31.358
366.130 4.120 32.003
366.140 3.990 37.684
366.150 3.760 20.370
366.160 4.880 40.398
366.170 4.260 38.175
366.180 4.730 27.496
366.190 4.760 28.826
366.200 4.470 41.302
366.240 4.540 14.558
366.260 4.760 37.859
366.310 3.970 27.294
366.360 4.430 31.289
366.370 3.770 37.391
366.390 3.850 38.971
366.470 4.130 41.384
366.480 4.610 43.905
366.490 4.400 30.803
366.500 4.110 44.665
366.510 4.300 41.643
366.520 4.540 37.780
366.540 4.280 31.545
366.550 4.660 34.320
366.560 4.030 37.262
366.600 4.450 34.475
366.620 4.120 24.074
366.630 4.430 23.133
366.660 4.320 38.622
366.680 4.510 11.106
366.780 4.440 43.162
366.800 4.170 37.513
366.810 3.970 40.195
366.840 4.280 37.471
366.850 4.390 32.327
366.860 4.020 32.466
366.890 4.210 42.941
366.910 4.300 41.611
366.930 4.370 42.128
366.940 4.440 30.475
366.950 4.340 33.402
366.960 4.360 39.640
366.970 4.380 23.810
366.980 4.650 7.332
366.990 4.080 29.487
367.000 3.930 15.782
367.010 4.170 20.297
367.020 3.940 29.242
367.030 4.800 37.954
367.100 4.480 28.825
367.130 4.450 14.306
367.150 4.340 27.681
367.180 4.660 42.257
367.190 4.840 41.868
367.200 4.150 36.856
367.210 4.370 29.487
367.220 4.020 30.181
367.230 3.830 15.792
367.240 4.290 44.928
367.250 3.940 29.494
367.280 4.750 37.096
367.350 4.310 40.530
367.470 4.110 38.217
367.480 3.860 16.719
367.500 4.010 44.888
367.590 4.480 37.747
367.600 4.070 26.237
367.620 4.120 34.298
367.650 4.590 40.793
367.720 4.320 27.373
367.730 4.860 23.881
367.900 4.950 43.911
376.950 4.510 42.595
383.540 4.270 25.529
383.560 4.090 26.846
383.570 3.730 8.247
383.580 4.210 37.116
383.590 4.190 29.183
383.600 4.380 40.188
383.610 4.760 25.355
383.630 3.960 42.154
383.640 4.470 37.793
383.650 4.060 40.366
383.660 4.680 41.388
383.670 4.780 25.728
383.690 4.180 37.509
383.700 4.030 40.668
383.720 4.550 43.495
383.740 3.940 28.771
383.750 4.330 29.612
383.760 4.170 26.060
383.770 3.680 27.744
383.780 4.010 32.759
383.800 4.240 42.533
383.820 4.710 29.177
384.920 4.850 18.080
384.930 3.910 13.244
384.940 3.620 22.421
384.950 4.260 33.927
384.960 3.810 10.428
384.970 4.320 9.977
384.990 4.120 32.820
385.000 4.120 31.380
385.010 3.960 26.846
385.020 4.090 35.635
385.030 3.930 23.681
385.040 4.310 40.619
385.050 4.230 23.391
385.060 3.810 16.923
385.070 4.450 16.860
385.080 4.950 26.321
385.090 3.610 12.067
385.100 4.080 39.789
385.210 4.630 38.561
385.250 4.820 29.797
387.120 4.720 38.085
387.140 4.950 18.116
387.330 4.840 20.411
396.180 4.590 10.431
396.220 4.140 25.901
396.230 4.570 20.471
396.240 4.350 17.580
396.270 4.780 26.620
396.310 4.490 30.861
396.320 3.930 2.059
396.340 4.570 31.173
396.380 4.690 21.133
396.390 4.520 42.302
396.400 4.970 12.242
396.410 3.840 12.448
396.550 4.570 41.492
396.580 4.760 38.575
396.590 4.330 31.063
396.610 4.690 38.965
396.620 4.780 2.784
396.690 4.140 26.372
396.720 4.300 4.944
396.730 4.490 22.371
396.740 4.300 21.316
396.750 4.070 28.013
396.760 3.920 16.223
396.770 4.330 10.268
396.780 4.350 23.298
396.800 4.410 29.699
396.810 4.420 29.950
396.830 4.610 18.811
396.850 4.670 2.351
396.860 4.880 40.114
396.870 4.380 42.958
396.910 4.620 37.059
402.040 4.730 15.343
402.050 3.950 10.312
402.060 4.600 38.582
402.070 4.200 42.441
402.080 4.650 19.839
402.120 4.390 42.643
402.130 4.030 18.700
402.140 4.490 14.709
402.160 4.970 39.250
402.170 4.540 25.235
402.190 4.150 20.576
402.200 4.640 16.290
402.330 4.980 41.259
402.340 4.470 34.714
402.350 3.930 23.672
402.360 4.000 27.989
402.370 3.860 23.027
402.380 4.220 10.789
402.400 3.730 17.639
402.410 3.980 16.948
402.420 4.000 27.916
402.430 4.360 24.506
402.440 3.970 38.538
402.460 4.070 42.880
402.470 4.110 40.343
402.480 4.270 35.213
402.490 4.300 44.675
402.500 3.990 33.416
402.520 3.900 39.251
402.530 4.120 35.500
402.540 4.380 37.999
402.550 3.770 9.908
402.560 4.090 34.028
402.570 4.190 20.640
402.580 3.810 19.609
402.590 4.410 18.140
402.620 3.860 42.667
402.660 4.970 39.497
402.690 3.990 39.139
402.710 3.690 29.630
402.720 4.530 24.455
402.730 4.640 23.226
403.420 4.410 25.394
403.430 4.170 39.740
403.440 4.210 27.614
403.470 3.870 26.768
403.520 4.620 41.770
435.710 4.450 19.788
435.720 4.200 36.967
435.750 4.280 41.816
435.770 4.780 24.130
435.810 4.800 10.645
435.820 4.240 20.834
435.830 4.360 44.616
435.840 4.150 28.975
435.860 4.520 18.708
435.870 4.130 9.633
435.890 3.880 36.136
435.900 3.970 33.971
435.910 3.810 23.804
435.940 4.180 37.563
435.950 4.120 29.862
437.730 4.740 38.963
437.740 4.000 25.137
437.750 4.550 2.483
437.770 4.850 39.663
437.780 4.580 34.325
437.790 4.460 24.743
437.800 4.130 20.670
437.810 3.980 18.473
437.840 4.700 39.944
437.850 4.390 36.233
437.880 4.480 42.293
437.890 4.290 42.479
437.900 4.180 43.252
437.920 4.830 37.453
437.930 3.980 30.242
437.940 4.180 43.398
437.990 4.420 32.241
438.040 4.440 42.725
438.060 4.020 43.853
438.090 4.320 33.708
438.110 4.370 33.154
438.130 4.540 23.862
438.140 3.830 24.162
438.150 3.860 9.734
438.160 3.940 23.599
438.170 4.090 12.230
438.180 4.490 31.064
438.190 3.820 33.502
438.200 4.030 27.816
438.210 3.870 27.406
438.220 4.030 30.756
438.230 4.030 25.855
438.240 4.540 26.631
438.250 4.210 39.492
438.260 4.250 39.781
438.280 4.520 43.945
438.300 4.170 33.074
438.310 4.440 37.622
438.320 4.410 18.810
438.350 3.980 34.202
438.360 3.870 26.552
438.370 4.020 44.109
438.460 4.270 23.995
438.490 4.230 18.211
438.550 4.070 38.296
438.570 4.130 18.862
438.580 4.410 27.951
438.660 4.830 19.962
438.670 4.340 35.883
438.700 4.490 40.041
438.710 4.290 12.379
438.720 4.930 30.905
438.730 4.350 28.172
438.740 4.120 29.640
438.750 4.210 18.474
438.760 4.340 41.524
438.780 4.190 26.317
438.790 4.360 17.398
438.800 4.770 27.771
438.810 4.560 25.557
438.820 4.570 13.795
438.840 4.710 27.099
438.870 4.460 26.874
438.880 4.890 28.556
438.910 4.450 28.045
438.920 4.790 35.068
438.940 4.750 31.771
438.950 4.790 22.149
438.980 4.420 38.531
438.990 4.820 31.649
439.000 4.450 13.616
439.010 4.070 27.569
439.030 4.070 33.024
439.040 4.050 27.311
439.060 4.200 19.804
439.080 4.180 26.753
439.090 4.130 29.787
439.100 4.350 23.127
439.110 4.340 22.154
439.130 4.770 44.644
439.150 4.150 22.923
439.160 4.200 33.582
439.170 4.240 30.339
439.180 4.170 28.558
439.210 4.130 32.824
439.220 3.950 24.894
439.230 4.410 41.550
439.240 4.490 16.703
439.250 4.790 43.727
439.270 4.270 17.329
439.290 4.010 37.397
439.300 4.550 41.546
439.310 4.320 37.116
439.320 4.150 26.478
439.330 4.460 6.419
439.340 4.280 42.540
439.350 4.060 33.916
439.360 4.490 15.004
439.390 3.970 30.252
439.410 4.420 38.015
439.470 4.830 39.977
439.500 4.370 9.995
439.510 3.940 27.000
439.530 4.280 29.589
439.540 4.000 32.324
440.210 4.910 4.730
440.280 4.090 1.657
440.290 3.850 23.433
440.300 3.850 18.271
440.310 4.410 17.222
440.320 4.280 19.764
440.330 4.140 28.287
440.340 4.470 19.122
440.420 4.590 35.520
440.440 4.190 30.308
440.450 3.940 31.804
440.460 4.070 32.085
440.470 4.190 44.937
440.480 4.200 23.015
440.490 4.160 22.219
440.500 4.160 16.276
440.510 4.050 22.995
440.520 3.740 17.751
440.530 4.220 30.635
440.540 4.220 24.798
440.550 4.240 17.047
440.560 4.040 30.311
440.570 4.120 12.486
440.580 4.140 39.124
440.590 4.420 9.042
440.600 3.900 26.639
440.610 4.800 24.914
440.620 4.470 13.856
440.630 3.920 21.639
440.650 4.260 28.189
440.660 4.080 37.222
440.730 4.360 28.309
440.750 4.350 44.454
440.780 4.130 19.051
440.810 4.080 13.757
440.820 3.900 23.278
440.830 4.010 12.440
440.840 4.890 33.201
440.850 4.990 18.913
440.860 4.340 20.244
440.870 4.360 30.546
440.880 4.210 37.700
440.890 4.110 41.883
440.900 4.730 29.920
440.920 4.640 18.941
440.930 3.970 33.311
440.940 4.290 3.824
440.950 4.340 33.584
440.960 4.540 26.581
440.970 4.790 21.647
440.980 4.420 41.197
440.990 4.130 17.644
441.000 4.500 14.126
441.020 4.800 21.134
442.240 4.590 26.888
442.270 4.630 24.573
442.340 4.110 44.666
442.360 4.570 34.668
442.410 4.170 44.150
442.430 4.380 42.885
442.440 4.870 40.423
442.450 4.190 40.410
442.460 4.510 37.309
442.470 4.400 27.512
442.480 4.540 39.361
442.490 4.320 34.337
442.530 4.110 40.651
442.540 4.300 35.142
442.570 4.080 42.096
442.580 4.220 38.603
442.600 4.480 32.137
442.660 4.800 11.580
442.670 4.490 39.151
442.740 4.760 29.985
442.750 4.050 37.696
442.790 4.370 28.292
442.810 4.390 30.256
442.880 4.580 33.675
442.900 4.740 33.506
442.910 4.150 26.615
442.980 4.630 23.440
443.030 4.290 44.155
444.800 4.670 39.761
444.810 4.350 35.929
444.900 4.430 39.619
444.910 4.350 41.111
444.920 4.370 44.792
444.930 4.310 33.836
444.990 4.030 36.045
445.040 4.190 44.537
445.060 4.550 32.115
445.070 3.960 33.223
445.100 4.010 38.023
449.650 4.210 38.977
449.660 4.980 39.710
449.730 4.100 40.519
449.750 3.800 21.941
449.780 4.510 28.737
449.810 3.930 28.416
449.860 4.350 40.360
449.870 4.000 27.890
449.890 4.170 39.368
449.900 3.960 35.880
449.910 4.280 24.935
449.920 4.370 36.460
449.930 4.330 24.542
449.940 4.170 28.696
449.950 3.880 34.137
449.960 4.020 27.740
449.970 3.880 37.696
450.000 4.360 41.866
450.010 4.240 34.709
450.020 4.060 4.388
450.030 3.780 17.115
450.040 3.790 30.803
450.050 3.740 24.700
450.060 4.280 31.734
450.070 4.090 27.821
450.080 4.010 12.571
450.110 4.240 10.705
450.120 4.460 17.593
450.130 4.380 36.690
450.140 3.620 23.945
450.150 4.010 19.708
450.160 3.800 30.871
450.170 4.340 17.407
450.180 3.820 22.943
450.190 4.070 23.387
450.210 4.160 44.725
450.240 4.610 38.173
450.250 4.260 42.957
450.260 4.410 27.392
450.280 3.780 30.088
450.290 4.080 32.178
450.320 4.430 35.009
450.340 4.200 29.699
450.350 4.550 29.586
450.360 4.580 44.250
450.370 4.480 22.722
450.380 4.460 40.943
450.390 4.200 31.360
450.400 4.290 32.308
450.410 4.080 36.936
450.460 3.960 43.694
450.470 3.840 27.824
450.480 4.220 41.642
450.500 4.420 12.295
450.510 4.080 31.931
450.530 4.050 30.821
450.540 4.230 35.760
450.550 3.920 19.848
450.560 4.540 14.133
451.050 4.560 17.450
451.060 4.340 31.472
451.070 4.840 33.268
451.130 4.470 44.273
451.140 4.560 31.931
451.220 4.300 43.539
451.240 4.280 37.176
451.270 4.170 24.203
451.280 4.650 39.958
451.310 4.450 41.255
451.330 4.740 43.980
451.360 4.320 32.547
451.390 4.120 43.861
451.520 4.750 19.932
451.860 4.820 40.549
451.900 4.870 37.951
451.930 4.100 36.663
451.940 3.850 42.365
451.950 4.890 28.804
452.010 3.970 17.187
452.020 3.960 22.163
452.030 4.510 33.918
452.080 4.560 37.872
452.100 4.460 33.029
452.120 4.420 35.682
452.130 4.280 37.722
452.140 4.130 43.873
452.160 4.170 39.623
452.170 3.820 16.831
452.180 4.020 6.264
452.190 4.090 41.176
452.200 4.240 28.773
452.210 3.860 15.567
452.220 4.070 43.147
452.240 4.580 16.562
452.280 4.560 44.829
452.320 4.100 40.098
452.330 4.390 42.244
452.340 4.590 44.246
452.350 4.090 25.582
452.360 4.000 21.746
452.370 4.360 37.108
452.390 4.130 36.519
452.400 4.360 36.087
452.410 3.970 38.502
452.420 4.060 40.581
452.430 3.850 16.133
452.480 4.400 44.730
452.490 4.310 44.763
452.520 4.860 35.549
452.540 3.890 34.810
452.560 3.910 35.045
452.570 3.810 29.222
452.580 3.870 19.215
452.590 4.100 25.127
452.600 3.750 19.820
452.610 4.020 18.495
452.620 4.160 33.367
452.630 4.350 20.323
452.640 4.290 31.412
452.650 4.010 8.044
452.660 4.320 11.564
452.670 3.900 24.089
452.680 3.960 40.294
452.690 4.560 19.608
452.700 4.640 19.661
452.710 3.930 11.005
452.720 4.130 26.897
452.730 3.860 14.091
452.740 4.000 21.007
452.750 4.430 10.949
452.760 3.930 16.179
452.770 4.300 39.010
452.780 4.300 22.182
452.790 4.100 27.549
452.800 3.900 27.681
452.810 4.250 26.549
455.220 4.380 42.421
455.280 4.190 40.223
455.290 4.410 33.493
455.310 4.650 31.565
455.430 4.760 44.792
455.440 4.760 41.991
456.360 4.520 41.375
456.370 4.530 42.605
456.390 4.170 30.806
456.400 4.210 18.063
456.410 4.150 28.715
456.420 4.310 43.485
456.430 4.230 29.464
456.450 4.600 8.666
456.460 4.340 30.100
456.470 3.960 27.226
456.480 3.910 17.596
456.490 4.260 16.580
456.510 4.050 22.359
456.520 4.430 16.270
456.530 4.030 19.439
458.880 4.440 36.746
458.890 4.880 38.849
458.910 4.640 28.915
458.930 4.740 14.814
458.960 4.520 33.885
458.970 4.700 37.458
458.980 4.160 23.923
458.990 4.230 30.491
459.010 4.790 44.323
459.020 4.770 34.416
459.040 4.720 3.767
459.050 4.510 26.647
459.060 4.290 24.300
459.070 4.370 17.171
459.080 4.710 11.673
459.090 4.940 31.336
459.110 4.810 25.618
459.120 4.260 34.743
459.140 4.240 14.337
459.160 4.750 3.082
459.170 4.720 6.146
459.180 4.420 44.291
459.190 4.510 36.230
459.200 3.950 14.884
459.210 4.000 33.004
459.220 4.330 17.763
459.230 4.340 43.605
459.240 4.250 16.289
459.250 3.990 23.438
459.260 3.910 26.080
459.270 3.890 15.141
459.280 4.140 28.946
459.320 4.140 7.846
459.360 4.620 14.749
459.370 4.210 5.163
459.380 4.030 18.522
459.390 4.560 25.365
459.400 4.320 34.694
459.420 4.300 37.954
459.430 4.570 10.343
459.450 4.750 21.900
459.460 4.980 20.848
459.470 4.250 41.959
459.540 4.920 42.443
459.550 4.760 33.207
459.560 4.140 21.491
459.620 4.550 32.528
459.670 4.380 41.060
459.690 4.260 23.649
459.760 4.670 23.627
459.770 4.650 33.510
459.780 4.380 38.867
459.790 4.550 21.793
459.810 4.430 42.458
459.820 4.120 0.493
459.850 4.540 22.150
459.860 4.690 32.290
459.920 4.620 42.359
459.930 4.680 31.207
459.940 4.780 7.778
459.950 4.410 26.984
459.960 4.580 18.636
459.970 4.600 18.812
459.980 4.430 24.825
459.990 4.860 34.417
460.000 4.770 32.406
460.030 4.670 10.707
460.040 4.680 13.317
460.050 4.760 38.861
460.080 4.500 33.774
460.110 4.970 17.140
460.130 4.290 36.254
460.140 4.270 21.127
460.150 4.040 25.663
460.160 4.470 24.445
460.170 4.370 6.248
460.180 4.210 14.192
460.190 4.040 25.230
460.200 3.840 22.132
460.210 3.970 12.336
460.220 3.980 7.791
460.240 3.960 35.636
460.250 4.240 27.475
460.260 4.260 28.330
460.270 4.380 28.533
460.280 4.930 28.091
460.290 4.400 19.262
460.310 4.220 30.032
460.330 4.240 42.528
460.340 4.710 36.061
460.350 4.830 25.111
460.360 4.560 16.697
460.370 4.670 39.728
460.380 4.440 35.809
460.400 4.570 26.599
460.420 4.150 35.591
460.430 4.460 39.749
460.440 4.810 35.286
460.460 4.800 17.174
460.470 4.990 34.806
460.510 4.420 10.495
460.520 4.600 12.339
460.530 4.380 36.720
460.540 4.490 25.726
460.550 4.620 36.569
460.570 4.920 19.000
460.580 4.850 17.735
460.590 4.590 38.729
460.600 4.360 10.751
460.610 4.170 4.447
460.620 4.320 10.992
460.630 4.710 13.595
460.640 4.310 8.786
460.680 4.260 23.487
460.720 4.480 20.403
460.730 4.820 12.723
460.740 4.670 18.888
460.770 4.710 23.830
460.800 4.590 36.065
460.820 4.700 25.011
460.830 4.680 25.490
460.910 4.520 13.632
460.920 4.530 25.129
460.930 4.540 17.316
460.940 4.710 19.756
460.950 4.390 13.447
461.070 4.390 17.054
461.080 4.610 5.196
461.090 4.560 31.771
461.100 4.150 29.543
461.120 4.640 26.112
461.130 4.880 19.593
461.140 4.350 13.188
461.170 4.480 44.997
461.250 4.180 38.472
461.260 4.490 34.466
461.280 4.650 44.239
461.300 4.740 42.311
461.320 4.480 35.599
461.340 4.340 25.160
461.350 4.660 24.366
461.370 4.280 10.846
461.380 3.920 17.557
461.390 4.830 9.298
461.400 4.240 22.674
461.410 4.890 43.921
461.420 4.690 14.098
461.430 4.360 25.365
461.580 4.390 39.404
461.600 4.500 42.547
461.670 4.610 38.387
461.680 4.980 28.113
461.690 4.270 36.391
461.700 4.670 8.824
461.710 4.250 11.569
461.720 4.090 13.975
461.730 4.290 41.816
461.740 4.810 39.781
461.770 4.830 39.982
461.830 4.410 25.236
461.850 4.990 24.495
461.860 4.840 11.011
461.980 4.770 35.509
462.130 4.270 26.145
462.140 4.500 37.619
462.180 4.650 24.802
462.210 4.800 27.050
462.220 4.520 23.144
462.230 4.060 20.958
462.240 4.060 8.588
462.250 3.510 19.581
462.280 4.720 28.401
462.300 3.990 16.428
462.310 4.070 34.827
462.370 4.580 43.772
462.400 4.050 16.036
462.410 4.240 23.447
462.420 3.750 24.862
462.430 4.230 32.928
462.450 4.020 23.546
462.470 4.140 22.319
462.510 4.640 41.444
462.520 4.290 33.505
462.530 4.700 44.633
462.560 4.330 39.748
462.600 4.730 24.166
462.720 4.640 15.626
462.790 4.190 39.690
462.820 4.490 33.908
462.840 4.040 44.748
462.880 4.480 44.916
466.250 4.460 28.102
466.270 4.350 42.762
466.280 4.670 30.129
466.330 4.760 12.922
466.340 4.810 40.830
466.350 4.560 35.363
466.370 4.690 15.003
466.380 4.820 20.007
466.390 4.570 38.320
466.440 4.600 38.999
466.550 4.530 13.781
466.620 4.360 35.200
466.630 3.980 41.651
466.650 4.090 41.450
466.660 4.700 17.155
466.670 4.540 39.083
466.690 4.190 43.772
466.810 4.340 42.911
466.830 4.400 37.783
466.850 4.660 42.129
467.010 4.720 42.158
467.020 4.600 39.068
467.050 4.800 43.236
467.110 4.510 41.779
467.140 4.210 40.397
467.210 4.540 39.810
468.540 4.420 30.750
468.550 4.310 28.401
468.570 4.600 35.501
468.640 4.590 28.616
468.650 4.000 20.722
468.660 4.730 12.454
468.670 4.460 34.846
468.690 4.500 16.388
468.700 4.720 19.939
468.710 4.860 36.466
468.720 4.740 19.958
468.730 4.450 40.396
468.740 4.470 26.409
468.750 4.420 2.746
468.760 4.860 30.711
468.770 4.410 31.905
468.780 4.500 21.147
468.790 4.600 20.577
468.800 4.480 25.117
468.810 4.510 10.488
468.850 4.790 19.640
468.950 4.670 29.025
468.960 4.940 30.210
469.000 4.460 35.443
469.020 4.670 15.462
469.050 4.620 36.696
469.170 4.840 40.299
469.280 4.720 18.749
469.370 4.610 7.766
469.380 4.880 36.239
469.390 4.740 21.300
469.400 4.560 11.578
469.410 4.050 24.639
469.420 3.590 4.186
469.440 4.310 22.071
469.450 4.540 33.745
469.460 4.190 27.775
469.480 4.770 40.269
469.490 4.290 28.646
469.500 4.960 22.424
469.510 4.740 41.926
469.520 4.930 39.455
469.540 4.390 23.817
469.550 4.860 24.563
469.560 4.860 28.858
469.570 4.600 3.428
469.590 4.350 23.719
469.600 4.960 38.304
469.610 4.930 36.744
469.620 4.530 20.416
469.630 3.820 26.057
469.660 4.010 13.676
469.670 4.610 37.800
469.690 4.200 16.072
469.700 4.140 37.332
469.710 4.430 9.859
469.720 3.820 19.486
469.740 4.530 8.130
469.750 4.570 24.836
469.800 4.360 38.174
469.810 4.430 24.691
469.820 4.490 8.610
469.830 4.060 15.785
469.840 4.130 22.250
469.850 4.280 22.172
469.870 4.850 25.090
470.000 4.210 15.706
470.050 4.750 18.340
470.140 4.710 15.685
470.150 4.450 25.126
470.160 4.640 39.304
470.170 4.600 26.079
470.180 4.840 22.225
470.190 4.920 22.636
470.200 4.810 38.120
470.210 4.700 13.119
470.230 4.810 38.309
470.270 4.550 32.683
470.540 4.790 15.853
470.560 4.460 6.353
470.590 4.810 8.427
470.630 4.250 25.589
470.640 4.350 33.382
470.660 4.280 33.460
470.700 4.530 34.351
470.710 4.900 39.494
470.730 4.710 36.537
470.740 4.560 14.153
470.750 4.260 30.111
470.760 4.220 39.292
470.780 4.400 15.418
470.790 4.450 44.843
470.810 4.510 30.126
470.820 4.300 22.319
470.830 3.840 18.585
470.840 4.360 28.421
470.850 4.770 40.706
470.860 4.010 28.889
470.870 4.200 27.896
470.880 4.090 4.273
470.890 4.200 24.877
470.900 4.240 17.551
470.910 4.400 44.216
470.920 3.740 13.069
470.930 4.350 24.631
470.940 4.300 34.846
470.950 4.400 23.353
470.960 4.180 16.719
470.970 4.270 21.397
470.980 4.300 9.715
470.990 4.360 10.624
471.000 3.840 13.062
471.010 4.090 20.276
471.020 4.080 30.349
471.030 3.850 29.497
471.040 3.860 40.055
471.050 3.940 1.485
471.060 3.810 16.871
471.070 4.860 9.705
471.080 4.430 42.804
471.090 4.770 30.318
471.100 4.230 27.301
471.110 4.070 23.969
471.120 4.490 19.922
471.130 4.670 42.277
471.140 4.980 23.357
471.160 4.250 14.779
471.210 4.910 4.409
471.220 4.450 32.483
471.230 4.700 22.840
471.240 4.510 32.100
471.270 4.820 21.226
471.320 4.890 33.746
471.380 4.960 19.601
471.390 4.260 28.619
471.440 4.760 16.447
471.600 4.550 25.733
471.610 4.780 33.053
471.620 4.600 30.784
471.640 4.450 41.891
471.650 4.600 22.593
471.660 4.580 30.696
471.680 4.110 25.680
471.690 4.380 22.591
471.700 4.370 26.824
471.710 3.890 18.525
471.720 4.300 38.245
471.730 4.920 14.416
471.740 3.980 17.395
471.750 3.580 4.897
471.760 4.080 7.724
471.770 3.960 27.312
471.780 4.140 35.602
471.790 4.050 25.800
471.800 4.610 28.779
471.810 4.580 19.057
471.820 4.130 10.972
471.830 4.580 21.125
471.860 4.590 15.266
471.880 4.480 26.598
471.890 4.420 18.374
471.900 4.810 27.296
471.910 4.840 27.124
471.920 4.480 8.879
471.940 4.600 29.358
471.960 4.750 14.159
472.020 4.440 12.911
472.030 4.110 29.622
472.040 4.600 37.689
472.070 4.380 41.009
472.090 4.890 32.629
472.110 4.960 15.625
472.180 4.540 17.237
472.190 4.600 28.826
472.250 4.870 18.132
472.260 4.450 39.167
472.300 4.460 17.889
472.330 4.860 17.574
472.350 4.380 42.414
472.360 4.640 4.986
472.380 4.380 28.446
472.390 3.850 32.111
472.400 3.830 19.957
472.410 3.990 24.325
472.420 4.510 10.910
472.430 4.220 25.680
472.440 4.040 28.439
472.450 4.320 11.750
472.600 4.960 12.765
472.630 4.440 17.221
472.640 3.910 23.310
472.660 4.320 18.772
472.670 4.510 39.910
472.680 4.680 39.227
472.700 4.900 13.266
472.870 4.380 19.189
472.880 4.290 9.853
472.890 4.880 9.714
472.920 4.740 25.161
472.930 4.560 15.310
472.950 4.450 15.949
472.970 4.930 31.043
473.010 4.880 25.143
473.020 4.180 26.262
473.030 4.440 26.930
473.040 4.790 30.400
473.050 4.460 31.396
473.060 4.140 39.885
473.070 4.330 32.198
473.080 4.050 39.900
473.090 4.710 19.836
473.110 4.650 36.309
473.180 4.170 16.945
473.190 4.340 30.660
473.230 4.020 2.371
473.250 4.590 14.862
473.260 4.500 4.662
473.270 4.030 5.548
473.280 4.430 21.089
473.290 3.980 19.961
473.300 4.160 16.173
473.310 4.210 28.059
473.320 4.750 17.745
473.330 4.500 16.410
473.400 4.860 13.327
473.420 4.640 13.680
473.430 4.860 23.652
473.440 4.110 40.425
475.920 4.870 43.813
480.320 4.850 10.762
480.330 4.430 17.204
480.340 4.770 25.152
480.350 4.970 23.054
480.360 4.620 34.017
480.370 4.590 18.939
480.390 4.410 24.895
480.400 4.170 25.770
480.420 4.430 23.393
480.430 3.710 12.509
480.440 4.660 23.635
480.450 4.300 23.420
480.470 4.200 30.132
480.480 4.730 12.898
480.490 4.620 40.373
480.520 4.470 37.693
480.550 4.530 39.123
480.570 4.590 30.029
480.580 4.490 10.722
480.590 4.450 27.109
480.600 4.160 34.638
480.610 3.860 17.168
480.620 4.060 13.036
480.630 4.150 23.828
480.640 4.380 19.074
480.680 4.200 20.500
480.690 4.020 19.657
480.700 3.980 18.364
480.720 4.960 43.199
480.750 4.400 24.478
480.760 3.950 7.037
480.770 4.320 22.063
480.780 3.910 23.308
480.800 3.970 17.937
480.820 4.960 21.268
480.830 4.270 24.675
480.840 4.760 21.111
480.880 4.330 42.996
480.900 4.350 25.140
480.930 4.610 18.692
480.980 4.930 43.243
480.990 4.590 32.099
481.000 4.510 19.420
481.010 4.990 19.291
481.110 4.660 15.088
481.120 4.940 32.429
481.130 4.380 30.188
481.140 4.370 40.358
481.150 4.720 10.762
481.160 3.910 32.622
481.170 4.900 31.332
481.180 4.510 24.754
481.190 4.700 28.210
481.200 4.590 43.883
481.210 4.560 25.067
481.220 4.390 18.276
481.240 4.370 41.838
481.250 4.570 28.230
481.260 4.360 19.816
481.280 4.520 28.957
481.290 4.300 42.444
481.370 4.290 11.025
481.380 4.410 24.397
481.390 4.340 33.699
481.440 4.730 3.083
481.460 4.990 22.429
481.480 3.950 30.450
481.490 4.680 5.346
481.500 4.480 10.376
481.510 3.970 22.481
481.530 4.050 25.164
481.540 4.070 18.211
481.570 4.050 31.355
481.580 4.890 12.723
481.600 4.880 19.142
481.650 4.460 19.859
481.660 4.410 22.615
481.670 4.430 41.991
481.700 4.860 32.268
481.710 4.610 43.768
481.760 4.830 7.481
481.770 4.870 23.736
481.780 4.980 16.224
481.800 4.430 1.870
481.820 4.740 42.590
481.880 4.080 18.042
481.900 4.230 24.601
481.910 3.980 4.223
481.920 3.850 22.952
481.930 4.570 11.598
481.950 3.880 8.907
481.980 4.720 16.433
481.990 4.410 5.935
482.000 4.820 19.193
482.010 4.750 32.759
482.020 4.210 20.076
487.370 4.320 16.771
487.390 4.630 7.874
487.400 4.630 16.985
487.430 4.940 31.466
487.440 4.550 37.865
487.460 4.830 39.771
487.500 4.730 21.370
487.510 4.380 10.508
487.520 4.960 3.391
487.530 4.030 37.709
487.540 4.300 34.474
487.560 4.320 30.180
487.570 4.220 36.851
487.590 4.240 8.304
487.600 4.510 34.704
487.610 4.140 13.550
487.620 3.890 31.054
487.630 3.920 14.120
487.640 4.560 19.502
487.650 3.740 21.341
487.660 4.170 23.094
487.670 4.310 30.170
487.680 4.330 37.878
487.730 4.780 36.330
487.780 4.820 17.403
487.790 4.780 20.782
487.810 4.420 35.721
487.830 4.970 24.251
487.900 3.940 27.046
487.910 4.360 43.730
487.920 4.280 3.115
487.930 4.020 13.723
487.940 4.470 43.857
487.960 4.220 41.610
487.970 4.060 31.366
487.980 4.680 40.841
487.990 4.660 28.434
488.000 4.080 9.590
488.010 4.060 27.103
488.030 4.950 5.704
488.040 4.840 15.358
488.050 4.970 41.885
488.070 4.480 37.338
488.080 4.540 11.884
488.090 4.490 30.560
488.100 4.930 21.973
488.110 4.700 10.439
488.120 4.220 36.032
488.130 4.290 41.649
488.140 4.120 21.524
488.180 3.870 38.515
488.200 4.230 10.826
488.210 4.640 26.091
488.230 4.590 22.926
488.250 4.340 19.675
488.260 4.790 24.425
488.280 4.260 36.300
488.290 4.450 13.971
488.330 4.390 26.072
488.350 4.680 28.313
488.370 4.410 17.318
488.380 4.400 35.933
488.400 4.330 12.285
488.440 3.950 35.310
488.450 3.960 30.427
488.460 4.040 16.418
488.470 4.170 32.534
488.490 4.170 40.536
488.500 4.130 37.256
488.510 4.860 30.983
488.520 4.390 43.307
488.530 4.800 24.590
488.560 4.090 42.058
488.580 4.910 31.257
488.600 4.090 43.107
488.650 4.730 41.581
488.670 4.180 28.553
488.680 4.440 32.314
488.690 4.490 31.262
488.710 3.880 10.892
488.720 3.920 41.523
488.730 4.510 33.175
488.750 4.880 38.592
488.760 4.200 23.037
488.790 4.680 39.001
488.800 3.990 37.757
488.810 4.760 34.200
488.880 4.520 30.238
488.920 4.630 43.771
488.960 4.810 32.260
488.990 4.080 23.063
489.000 4.110 33.423
489.010 3.990 18.312
489.020 3.880 21.654
489.040 4.160 31.358
489.050 4.210 39.758
489.060 4.130 42.864
489.070 4.120 33.982
489.080 4.170 36.752
489.090 4.230 36.654
489.100 4.310 44.761
489.110 4.120 22.903
489.120 4.180 24.374
489.130 3.730 20.308
489.140 4.310 34.931
489.150 4.020 30.909
489.160 4.140 29.964
489.170 4.330 24.317
489.180 4.170 31.042
489.190 3.810 22.049
489.200 4.230 7.370
489.210 3.860 24.633
489.220 4.320 43.040
489.230 4.270 37.028
489.250 4.240 30.391
489.260 4.070 40.485
489.270 3.950 19.507
489.280 4.240 16.196
489.290 4.100 14.320
489.300 3.820 42.730
489.310 3.940 9.311
489.320 4.400 13.801
489.330 4.080 29.274
489.340 4.340 18.144
489.350 4.810 5.149
489.360 4.330 20.528
489.370 3.950 26.184
489.380 4.260 11.554
489.390 3.760 30.030
489.400 4.460 22.579
489.410 3.980 19.922
489.420 3.730 37.466
489.430 3.970 13.037
489.440 3.870 17.258
489.450 4.010 38.098
489.480 3.870 25.076
489.490 3.880 40.976
489.500 3.800 33.765
489.510 3.910 22.849
489.520 3.870 22.369
489.530 4.320 40.518
489.540 3.950 33.771
489.550 4.240 44.244
489.580 3.940 33.089
489.590 4.860 35.320
489.610 4.270 29.209
489.620 4.340 35.920
489.680 4.020 36.405
489.690 4.460 37.168
489.700 4.520 31.766
489.710 4.280 34.881
489.720 4.440 35.236
489.730 4.630 40.600
489.740 4.470 36.542
489.750 4.230 39.498
489.770 4.680 29.345
489.790 4.170 36.255
489.800 4.070 41.499
489.810 4.060 41.371
489.820 3.820 38.340
489.830 3.680 11.805
489.840 3.860 15.082
489.850 4.300 24.004
489.860 4.020 13.724
489.870 4.050 26.718
489.880 4.000 43.340
489.890 3.920 23.745
489.900 4.250 31.391
489.910 4.520 36.597
489.920 4.020 44.431
489.930 4.170 28.178
489.940 4.150 25.489
489.950 4.400 9.725
489.960 4.210 4.880
489.970 3.860 29.166
489.980 3.800 40.063
489.990 4.060 31.716
490.010 3.800 39.548
490.020 4.100 31.209
490.040 4.590 39.910
490.070 4.120 43.766
490.080 4.360 38.263
490.110 4.300 37.904
490.120 4.200 33.184
490.140 4.260 33.253
490.150 4.330 38.437
490.160 3.990 37.508
490.180 4.210 30.518
490.200 4.540 43.169
490.210 4.010 24.498
490.220 4.030 29.952
490.250 3.960 39.259
490.260 4.400 37.542
490.270 4.060 25.448
490.280 3.890 20.133
490.290 3.880 36.502
490.300 4.770 12.553
490.320 4.330 21.971
490.330 4.390 35.714
490.340 4.890 15.300
490.350 4.170 27.698
490.360 4.560 42.845
490.370 4.550 44.131
490.380 4.620 39.051
490.400 4.690 27.340
490.420 4.290 29.643
490.430 4.210 44.053
490.440 4.170 40.467
490.450 4.260 28.002
490.470 4.470 26.714
490.490 4.340 23.418
490.500 4.340 26.280
490.510 4.330 38.820
490.520 4.730 16.833
490.530 4.310 26.748
490.540 4.080 19.526
490.550 3.760 25.375
490.560 4.740 3.160
490.580 4.990 33.041
490.590 4.540 25.808
490.600 4.750 14.489
490.610 4.240 37.262
490.620 4.130 23.224
490.630 4.400 24.172
490.640 4.580 28.772
490.670 4.600 35.008
490.700 4.830 29.016
490.720 4.670 43.212
490.730 4.600 32.320
490.740 4.380 27.642
490.750 4.060 7.356
490.760 4.480 8.990
490.770 3.900 18.090
490.790 4.210 24.669
490.800 4.590 25.071
490.810 4.390 6.725
490.820 3.960 8.065
490.830 4.620 8.472
490.840 4.030 9.587
490.850 4.140 13.385
490.860 4.020 16.636
490.870 3.990 15.586
490.890 4.900 18.258
490.910 4.890 39.551
490.920 4.810 17.572
490.950 4.410 37.733
490.960 4.290 20.899
490.970 3.970 14.961
490.980 4.540 28.980
490.990 4.360 32.387
491.000 4.590 21.644
491.010 4.080 43.297
491.020 4.270 40.812
491.030 3.870 8.047
491.050 4.780 12.584
491.080 4.700 8.018
491.100 4.160 20.240
491.140 4.600 14.101
491.150 4.910 7.229
491.170 4.790 17.634
491.220 4.620 36.280
491.240 4.590 40.512
491.260 4.130 34.126
491.270 3.860 16.785
491.280 4.070 20.887
491.290 4.110 42.438
491.300 4.320 40.609
491.310 4.530 41.392
491.330 4.140 16.325
491.340 4.350 43.259
491.360 4.170 40.174
491.370 3.800 39.295
491.380 4.000 32.092
491.390 4.960 39.101
491.400 4.110 21.445
491.440 4.100 35.536
491.460 4.290 37.449
491.470 3.860 23.327
491.480 4.140 41.971
491.490 4.090 38.934
491.500 4.150 44.008
491.510 3.970 19.636
491.520 4.020 4.719
491.530 4.110 35.828
491.540 4.170 12.352
491.550 3.940 25.662
491.560 4.050 41.302
491.570 4.000 33.484
491.580 4.350 32.190
491.590 3.890 16.319
491.600 3.930 23.088
491.610 4.160 29.929
491.620 4.120 18.361
491.640 3.970 14.731
491.650 4.510 33.018
491.660 3.940 20.008
491.670 4.210 29.095
491.680 4.150 37.358
491.690 4.140 28.841
491.700 4.150 17.118
491.710 3.890 11.280
491.720 3.760 23.893
491.730 4.020 25.022
491.750 4.580 36.673
491.780 4.080 31.367
491.810 4.190 22.121
491.820 4.260 39.216
491.850 4.400 34.490
491.860 4.600 43.113
491.880 4.120 8.384
491.890 4.140 15.350
491.900 3.940 36.441
491.910 4.450 39.397
491.920 4.020 14.043
491.930 4.190 40.380
491.960 4.260 39.224
491.990 4.090 17.156
492.000 3.920 32.781
492.010 3.840 26.713
492.020 4.210 30.984
492.030 3.970 34.444
492.040 3.740 16.250
492.050 4.000 39.188
492.060 4.400 4.452
492.070 3.950 31.184
492.110 4.460 30.921
492.120 4.440 38.324
492.130 4.150 8.620
492.140 4.050 19.739
492.150 4.110 10.286
492.160 4.050 25.130
492.170 3.780 11.830
492.180 4.230 17.853
492.190 4.120 39.739
492.200 4.030 39.457
492.210 4.500 32.114
492.220 4.110 28.134
492.230 4.320 20.433
492.240 4.310 27.638
492.250 4.610 22.062
492.260 4.020 24.261
492.280 3.810 20.260
492.290 3.800 20.916
492.300 4.380 22.684
492.310 3.840 17.018
492.320 4.230 22.279
492.340 3.890 22.251
492.350 3.920 25.329
492.360 4.190 33.837
492.370 4.430 7.287
492.380 3.780 36.046
492.390 3.930 34.906
492.400 4.180 36.291
492.420 4.270 35.629
492.430 4.210 36.683
492.450 4.080 38.039
492.460 4.570 34.562
492.470 4.080 42.681
492.490 4.100 29.673
492.500 3.800 32.417
492.510 4.370 41.616
492.520 4.390 42.720
492.530 3.840 21.622
492.540 3.880 30.437
492.600 4.000 44.833
492.610 4.340 33.278
492.620 4.100 41.792
492.630 4.230 41.055
492.640 4.480 40.118
492.670 4.080 26.491
492.680 3.820 43.505
492.690 4.390 40.532
492.700 4.080 37.785
492.720 4.370 30.373
492.730 3.740 25.640
492.740 4.160 10.491
492.750 3.790 2.394
492.760 3.820 14.357
492.770 4.100 6.215
492.780 3.930 17.798
492.790 3.910 21.110
492.800 4.230 22.329
492.810 3.940 23.270
492.820 3.830 18.276
492.830 4.240 17.422
492.850 3.940 31.741
492.860 4.090 35.502
492.870 3.820 37.731
492.880 3.710 20.666
492.890 4.180 24.775
492.900 3.710 15.168
492.910 4.170 39.409
492.920 4.420 11.088
492.930 3.970 17.372
492.940 4.140 30.935
492.950 3.730 15.352
492.960 4.550 38.316
492.970 4.520 9.653
492.980 4.340 29.178
493.020 4.480 31.266
494.170 4.790 27.743
494.180 4.580 42.224
494.230 4.840 41.339
494.310 4.510 29.862
494.320 4.300 33.597
494.330 4.070 39.262
494.340 4.360 43.124
494.350 4.120 28.370
494.360 4.890 19.835
494.390 4.450 37.768
494.400 4.830 39.862
494.420 4.580 15.948
494.430 4.540 21.697
494.450 4.000 36.057
494.470 3.970 39.222
494.500 4.140 40.355
494.510 4.480 39.529
494.550 4.560 34.655
494.560 4.200 42.828
494.580 4.600 34.362
494.590 4.650 34.206
494.600 4.310 28.490
494.650 4.380 32.828
494.660 4.180 28.446
494.670 4.930 23.835
494.680 4.970 26.465
494.690 4.860 26.703
494.710 4.980 1.237
494.730 4.440 41.500
494.740 4.290 26.043
494.750 4.750 43.436
494.760 4.740 16.329
494.770 4.330 27.895
494.780 4.520 15.454
494.790 4.300 39.165
494.800 4.260 39.275
494.810 3.880 21.477
494.820 4.060 24.510
494.840 4.980 41.824
494.850 4.550 36.446
494.970 4.890 22.148
494.980 4.360 34.981
495.020 4.480 42.175
495.030 3.790 31.328
495.050 4.450 20.477
495.060 3.930 26.994
495.080 4.840 25.102
495.090 4.170 30.912
495.100 4.440 36.688
495.110 4.170 13.779
495.120 3.790 14.804
495.130 4.690 14.178
495.140 4.670 31.462
495.150 4.210 5.996
495.210 4.810 28.363
495.230 4.790 24.180
495.240 4.970 39.482
495.250 4.890 4.711
495.270 3.880 18.176
495.280 4.360 42.767
495.290 4.710 43.006
495.300 4.120 40.308
495.310 4.260 16.703
495.320 4.180 36.245
495.330 4.680 40.627
495.340 4.920 4.522
496.540 4.860 23.296
496.910 4.190 18.366
496.920 4.330 18.287
497.170 4.260 11.523
497.190 4.200 37.854
497.240 4.520 43.540
498.420 4.920 36.853
498.430 3.880 20.127
498.440 4.050 20.949
498.450 3.990 11.481
498.460 3.750 34.226
498.470 4.040 26.346
498.480 3.750 15.974
498.490 3.830 28.513
498.500 4.240 11.978
498.510 4.020 42.660
498.520 3.890 17.219
498.540 4.680 14.337
498.550 4.200 16.961
498.560 3.920 14.002
498.570 4.050 32.766
498.580 4.750 31.666
498.600 4.180 30.821
498.630 4.100 40.989
498.650 4.050 37.712
498.690 4.190 4.435
498.790 4.780 34.048
498.800 4.380 18.695
498.810 4.740 16.979
498.820 4.980 17.373
498.830 4.750 39.567
498.840 4.290 28.614
498.850 3.990 29.464
498.860 4.280 19.542
498.870 4.630 38.657
498.880 4.560 22.668
498.890 4.080 40.531
498.900 3.930 28.411
498.930 4.930 38.029
498.940 4.530 33.564
498.960 4.390 23.307
498.970 3.860 25.624
498.990 4.070 32.420
499.020 4.120 30.884
499.030 3.750 17.015
499.040 4.450 24.188
499.050 3.990 26.923
499.100 4.500 35.523
499.110 3.950 12.067
499.120 4.520 17.527
499.130 4.820 31.769
499.140 4.850 32.362
499.160 4.460 27.694
499.170 4.660 36.348
499.180 4.200 39.672
499.190 4.930 21.040
499.220 4.690 25.733
499.260 4.210 10.858
499.270 4.480 19.147
499.280 3.820 11.047
499.290 4.050 10.732
499.300 4.170 21.260
499.310 3.830 23.286
499.320 3.940 7.230
499.330 3.840 30.858
499.340 3.800 27.340
499.360 4.120 44.190
499.370 4.230 29.146
499.410 4.850 12.513
499.420 4.290 35.865
499.430 4.180 44.940
499.440 4.240 5.705
499.450 4.090 25.579
499.460 4.730 31.939
499.480 4.240 43.676
499.500 4.330 43.811
499.510 4.020 33.458
499.530 4.640 38.587
499.550 4.370 39.494
499.560 3.780 13.124
499.570 3.960 38.437
499.580 4.240 25.229
499.590 4.370 11.325
499.600 3.850 27.682
499.610 4.160 44.119
499.630 4.560 35.055
499.700 4.380 41.177
499.710 4.550 43.566
499.730 4.530 36.893
499.740 4.410 35.817
499.770 4.380 35.007
499.780 4.300 38.639
499.790 4.050 40.357
499.800 4.350 30.711
499.810 3.920 29.323
499.830 3.830 32.880
499.840 4.050 37.476
499.850 3.890 41.915
499.860 3.910 12.196
499.870 4.080 36.514
499.900 4.390 35.710
499.920 4.030 40.404
499.930 4.550 36.351
503.450 3.950 21.888
503.460 4.030 34.062
503.470 4.070 35.764
503.480 4.190 29.169
503.490 4.850 32.772
503.600 4.340 28.999
503.610 4.610 31.511
503.620 4.230 34.717
503.670 4.460 39.302
503.680 4.090 35.984
503.690 4.120 24.385
503.700 4.090 16.186
503.710 3.810 29.868
503.730 4.000 42.043
503.750 4.220 37.603
503.780 3.880 35.014
503.800 4.390 42.516
503.810 3.810 20.906
503.830 4.290 18.944
503.850 4.310 39.340
503.870 4.530 32.946
503.890 4.210 41.875
503.900 3.930 22.335
503.920 4.320 30.095
503.940 4.960 27.252
503.950 3.980 27.576
503.960 3.930 12.653
503.970 3.970 13.925
503.980 4.060 43.638
504.000 4.310 31.136
504.010 4.370 19.787
504.020 4.230 36.346
504.030 4.040 8.065
504.040 4.530 41.676
504.050 4.250 30.166
504.060 4.420 7.540
504.080 3.850 32.811
504.090 4.590 41.129
504.100 4.180 32.742
504.110 4.100 26.279
504.120 4.440 19.407
504.130 4.630 39.830
504.140 4.000 26.513
504.150 4.180 34.036
504.160 4.250 39.050
504.180 4.420 31.138
504.190 4.180 1.179
504.200 4.250 4.038
504.210 3.930 32.136
504.220 4.330 27.700
504.230 4.070 24.067
504.240 3.990 19.065
504.250 4.220 27.827
504.270 4.700 32.447
504.280 3.950 21.130
504.310 4.560 38.880
504.340 4.080 38.977
504.350 4.230 39.605
504.380 4.150 34.967
504.390 4.570 27.663
504.410 4.080 31.779
504.420 4.190 40.744
504.450 4.810 35.820
504.480 4.720 34.639
504.540 3.850 24.505
504.560 3.960 35.971
504.570 4.010 30.656
504.580 3.970 36.323
504.590 4.190 20.056
504.600 4.110 35.445
504.620 3.890 23.045
504.630 4.430 33.905
504.650 3.950 42.157
504.660 4.190 24.606
504.670 4.090 42.718
504.700 3.980 39.510
504.770 4.410 43.988
504.860 4.740 38.956
505.080 4.410 20.676
505.110 4.570 36.846
505.120 4.750 16.256
505.130 4.720 43.854
505.170 4.490 36.906
505.190 4.820 21.647
505.210 4.100 25.315
505.220 4.130 34.274
505.230 4.430 5.653
505.240 4.400 44.123
505.250 3.850 35.393
505.260 4.130 31.133
505.300 4.380 17.445
505.310 4.010 9.020
505.340 3.990 33.465
505.350 4.620 32.099
505.380 4.900 25.503
505.410 4.350 43.364
505.420 4.380 39.189
505.440 4.170 39.464
505.460 4.100 41.614
505.480 4.580 43.702
505.490 3.930 17.326
505.500 3.880 28.263
505.510 4.040 39.350
505.520 3.860 39.946
505.530 4.610 38.244
505.540 3.860 18.176
505.550 3.850 26.254
505.560 3.740 14.995
505.570 3.970 21.777
505.580 3.910 16.751
505.590 4.010 42.808
505.610 3.880 22.150
505.630 3.820 32.068
505.640 4.000 35.700
505.650 4.170 38.504
505.680 4.000 34.104
505.690 3.950 41.599
505.700 4.240 44.246
505.710 4.130 37.787
505.720 4.030 21.236
505.730 4.070 41.422
505.750 4.710 43.827
505.760 4.370 39.621
505.780 4.240 36.989
505.790 4.040 36.004
505.800 4.660 24.764
505.810 4.300 41.748
505.820 4.060 39.476
505.830 4.680 38.421
505.850 4.100 38.547
505.860 4.150 29.111
505.870 3.990 31.550
505.890 4.190 40.214
505.910 3.980 11.835
505.940 4.150 13.370
505.980 4.440 31.725
506.040 4.760 28.767
506.050 4.530 31.911
506.080 4.220 30.729
506.110 4.180 36.817
506.130 4.930 43.740
506.150 4.060 38.694
506.160 4.020 24.104
506.170 4.090 10.789
506.180 3.890 22.447
506.190 4.290 44.909
506.200 4.010 34.390
506.210 4.080 31.248
506.220 4.000 21.171
506.260 4.410 34.515
506.270 3.940 30.130
506.280 4.800 35.614
506.300 4.200 41.900
506.310 4.260 17.600
506.320 4.450 39.679
506.330 4.320 33.854
506.340 4.130 20.175
506.350 3.840 21.432
506.360 4.290 26.969
506.390 4.290 22.658
506.410 4.860 43.301
506.450 4.800 13.238
506.480 4.380 34.283
506.500 4.410 25.526
506.510 4.310 21.110
506.570 4.670 37.563
506.600 4.150 37.880
506.610 4.410 39.407
506.640 4.050 35.909
506.650 4.330 35.242
506.660 4.190 19.345
506.670 4.090 35.442
506.690 4.240 44.054
506.700 4.150 30.760
506.710 4.730 41.989
506.730 4.110 4.066
506.740 4.180 14.825
506.750 4.180 38.776
506.780 4.190 32.625
506.830 4.070 10.230
506.840 4.160 25.141
506.850 3.850 24.563
506.860 4.400 15.393
506.870 4.010 22.292
506.890 3.860 25.388
506.900 3.960 41.241
506.910 4.280 34.087
506.920 3.920 43.343
506.930 3.980 23.321
506.940 4.510 21.218
506.970 4.260 41.026
506.980 4.670 37.374
506.990 4.280 35.201
507.000 4.330 37.546
507.020 4.190 29.547
507.030 4.410 40.786
507.040 4.860 34.340
507.060 3.900 43.320
507.070 4.240 44.639
507.100 4.280 35.246
507.110 3.860 44.679
507.120 3.960 19.117
507.140 4.120 34.011
507.160 4.090 43.161
507.170 4.500 14.605
507.180 4.540 33.791
507.190 4.160 36.621
507.210 4.530 43.493
507.220 3.820 23.702
507.230 4.140 16.091
507.240 3.980 44.715
507.250 4.920 27.330
507.270 4.180 32.311
507.280 4.160 27.041
507.370 4.040 39.042
507.380 3.800 27.618
507.390 4.080 42.959
507.400 4.110 36.833
507.410 4.120 23.248
507.430 3.970 16.774
507.440 4.080 38.442
507.450 4.450 34.621
507.480 4.460 22.309
507.490 4.170 31.142
507.500 3.690 25.893
507.510 4.170 35.482
507.520 4.330 14.358
507.540 3.870 43.397
507.550 4.110 28.596
507.570 4.300 43.644
507.580 3.870 13.223
507.590 4.260 42.985
507.600 3.900 23.615
507.610 4.060 38.924
507.620 4.140 27.554
507.630 4.190 43.619
507.680 4.270 44.978
507.710 4.160 40.445
507.720 3.980 41.443
507.730 4.140 15.829
507.740 4.240 20.323
507.750 4.150 37.518
507.770 4.280 38.187
507.780 4.620 28.884
507.790 4.130 41.053
507.810 4.020 28.767
507.820 3.750 35.216
507.830 3.980 29.060
507.840 4.210 15.172
507.850 4.580 42.550
507.860 3.950 18.289
507.870 4.230 12.016
507.890 4.320 28.604
507.900 3.970 28.997
507.910 3.890 32.874
507.920 4.360 15.942
507.930 3.940 29.141
507.940 3.870 36.896
507.950 4.430 39.459
507.960 4.460 42.335
507.970 4.520 23.783
507.980 4.980 19.552
508.000 4.280 32.588
508.010 4.090 42.056
508.030 4.220 10.043
508.040 3.690 13.202
508.050 3.870 21.260
508.060 3.860 20.703
508.070 4.010 9.497
508.090 4.460 44.105
508.110 4.600 34.967
508.130 3.960 10.251
508.140 3.860 15.361
508.150 4.540 29.261
508.160 4.450 32.236
508.170 4.010 20.720
508.180 4.160 36.677
508.250 4.020 34.276
508.260 3.790 13.975
508.300 4.100 34.938
508.330 4.010 30.820
508.350 4.060 10.336
508.360 4.330 31.959
508.390 4.250 30.421
508.400 4.420 38.658
508.470 4.810 31.678
508.610 4.800 32.371
508.980 4.570 29.145
508.990 3.920 18.588
509.000 3.840 2.721
509.010 3.930 32.257
509.020 3.980 9.972
509.030 3.910 11.610
509.050 3.900 38.001
509.060 3.930 37.411
509.070 3.850 5.202
509.080 3.660 7.778
509.090 3.870 8.683
509.100 3.840 2.083
509.110 3.800 5.739
509.120 3.960 6.934
509.130 3.610 19.624
509.140 4.070 25.861
509.160 3.990 32.298
509.280 4.070 32.835
509.290 4.470 19.080
509.310 4.280 16.559
509.330 4.010 19.836
509.340 3.850 6.607
510.480 4.530 43.664
510.580 4.210 28.913
510.590 4.520 40.716
510.610 4.530 41.251
510.630 3.900 17.740
510.670 4.260 32.444
510.690 3.990 32.565
510.700 4.120 11.313
510.710 3.980 43.514
510.720 4.240 33.769
510.870 4.460 35.279
510.930 4.170 36.177
510.980 4.450 43.688
511.050 4.160 25.227
511.080 4.150 37.228
511.120 4.740 39.994
511.150 4.460 38.570
511.160 4.100 33.775
511.240 4.590 44.916
511.250 4.050 39.591
511.270 4.120 30.934
511.290 4.110 44.620
511.300 4.330 22.122
511.330 4.130 42.624
511.340 4.200 27.923
511.490 4.260 44.355
511.510 4.780 36.270
511.570 4.040 44.479
511.690 4.680 43.264
511.700 4.370 42.807
511.720 4.160 17.669
511.730 4.800 29.413
511.760 4.290 40.679
511.780 4.720 38.291
511.790 4.340 44.784
511.850 4.450 44.072
511.910 4.220 42.047
511.920 4.120 42.362
512.130 4.660 39.281
512.160 4.140 39.123
512.170 4.110 44.852
512.190 4.200 37.708
512.200 4.120 39.996
512.210 4.010 24.219
512.290 3.880 40.335
512.580 4.270 35.580
512.590 4.780 44.687
512.600 4.400 37.325
512.610 4.290 28.942
512.650 4.350 34.270
512.680 4.740 19.745
512.730 4.650 39.344
512.800 4.460 39.457
512.870 4.380 28.404
512.910 4.530 41.002
513.000 4.600 33.494
513.010 4.230 31.337
513.040 4.960 31.958
513.070 4.120 40.598
513.080 4.540 42.343
513.100 4.490 41.644
513.110 4.430 40.085
513.130 4.550 36.870
513.150 4.120 31.890
513.160 4.360 25.271
513.210 4.240 38.977
513.220 4.400 42.619
513.230 4.340 34.040
513.250 4.390 40.946
513.270 3.900 24.185
513.280 4.040 37.921
513.330 4.150 44.359
513.390 4.920 38.312
513.400 4.590 37.002
513.420 4.060 38.578
513.440 4.240 43.893
513.460 4.340 27.955
513.550 4.540 44.418
513.560 4.680 39.227
513.610 4.300 43.583
513.620 4.160 35.684
513.630 4.140 44.539
513.670 4.380 43.341
513.680 4.490 28.622
513.690 4.320 29.708
513.750 4.410 41.912
513.760 4.950 41.350
513.810 4.780 25.544
513.870 4.100 35.846
513.880 4.280 42.696
513.890 4.200 43.813
513.960 4.400 44.424
514.120 4.140 40.660
514.220 4.220 41.620
514.260 4.130 43.697
514.270 3.900 36.423
514.280 4.110 40.299
514.290 3.940 41.339
514.330 4.140 36.823
514.400 4.340 38.972
514.410 4.270 35.105
514.420 4.690 35.541
514.440 4.380 33.506
514.450 3.830 15.491
514.460 3.900 28.741
514.470 3.920 11.917
514.480 3.960 6.767
514.970 4.480 8.796
515.010 4.600 6.982
515.020 4.840 15.807
515.030 4.470 23.510
515.040 4.380 22.863
515.050 4.100 18.098
515.060 4.580 23.009
515.070 4.910 32.947
515.080 4.970 11.571
515.100 4.770 19.920
515.120 4.720 35.876
515.130 4.720 32.157
515.150 4.930 9.242
515.170 4.540 44.876
515.180 4.280 35.901
515.190 3.830 36.138
515.210 4.690 23.372
515.240 4.220 31.807
515.320 4.660 18.458
515.450 4.670 16.566
515.550 4.990 30.193
515.560 4.610 28.986
515.570 4.690 21.181
516.980 4.650 44.520
516.990 4.750 30.024
517.000 4.420 6.115
517.010 4.330 40.660
517.020 4.150 40.451
517.040 4.180 21.334
517.050 4.030 39.320
517.060 4.120 37.392
517.070 4.400 2.803
517.090 4.320 16.673
517.100 4.010 39.696
517.110 4.160 25.169
517.130 4.810 27.395
517.150 3.900 5.112
517.160 4.070 30.167
517.190 4.550 28.267
517.220 4.760 7.030
517.240 4.400 28.486
517.250 4.450 15.853
517.350 4.850 31.487
517.360 4.790 26.590
517.380 4.620 21.059
517.390 4.320 31.717
517.420 4.730 34.221
517.470 4.690 44.722
517.480 3.960 33.029
517.490 4.210 42.290
517.510 4.120 43.306
517.530 4.220 25.223
517.560 4.150 25.932
517.590 4.880 19.793
517.610 4.930 35.873
517.620 3.990 44.631
517.630 4.300 29.182
517.680 4.330 37.640
517.690 4.100 44.838
517.710 4.340 32.453
517.720 4.060 32.213
517.730 4.520 41.170
517.760 4.610 39.761
517.780 4.270 31.888
517.810 4.150 39.056
517.820 4.230 40.641
517.830 4.800 40.877
517.950 4.650 43.992
517.970 4.010 36.380
517.980 4.300 23.524
517.990 4.470 16.079
518.020 4.000 37.889
518.030 4.320 32.396
518.040 4.070 43.284
518.070 4.150 36.292
518.080 4.300 29.377
518.090 4.160 23.664
518.110 4.260 42.095
518.120 3.740 39.995
518.140 4.120 38.640
518.150 4.160 36.384
518.170 4.610 29.988
518.180 4.530 23.521
518.190 3.970 44.749
518.200 4.370 30.667
518.220 4.210 26.886
518.230 4.360 36.512
518.240 4.600 31.378
518.250 4.210 41.001
518.280 4.610 32.007
518.310 4.100 25.258
518.320 4.280 40.203
518.350 4.420 23.383
518.370 4.200 21.571
518.380 4.560 33.538
518.390 4.710 40.904
518.460 4.300 38.020
518.480 4.130 33.369
518.490 4.140 43.386
518.500 4.340 34.888
518.530 3.850 31.968
518.550 4.030 28.550
518.570 4.240 22.993
518.580 3.960 5.827
518.590 3.600 22.569
518.600 4.100 26.135
518.610 4.060 16.472
518.620 4.440 31.400
518.630 4.390 35.799
518.640 4.260 44.834
518.650 4.850 36.416
518.660 4.340 34.210
518.690 4.060 38.952
518.710 4.890 43.421
518.720 4.550 44.052
518.730 4.310 26.226
518.740 4.300 29.030
518.750 4.290 43.859
518.760 4.160 35.138
518.770 3.800 18.680
518.780 4.010 25.917
518.790 4.200 17.542
518.800 3.990 25.280
518.810 4.230 31.959
518.820 4.130 35.350
518.830 3.970 40.505
518.840 3.710 25.554
518.850 3.920 27.305
518.860 3.940 16.451
518.870 3.790 38.738
518.900 4.830 27.012
518.930 4.650 43.958
518.950 4.290 38.757
518.960 3.990 31.367
518.970 4.390 38.536
518.980 4.190 32.476
519.020 4.810 33.292
519.100 4.560 40.502
519.130 4.070 28.134
519.140 4.220 21.178
519.160 4.350 42.565
519.170 4.400 36.397
519.200 4.150 25.689
519.230 4.100 41.161
519.240 4.090 37.324
519.270 3.980 21.689
519.290 3.830 22.638
519.300 3.830 22.108
519.310 3.850 23.642
519.320 4.170 44.893
519.330 4.140 29.437
519.380 3.990 31.555
519.390 4.030 27.974
519.400 4.090 15.900
519.420 4.910 34.690
519.430 3.930 21.324
519.440 3.970 43.062
519.450 4.060 5.144
519.460 4.550 44.572
519.480 4.040 43.670
519.490 4.310 24.197
519.510 4.280 41.430
519.520 4.210 40.836
519.540 4.530 28.486
519.550 4.650 22.370
519.570 4.910 32.589
519.580 4.300 32.646
519.610 4.220 27.694
519.620 4.280 35.322
519.640 4.830 29.108
519.650 4.480 28.145
519.660 4.410 37.967
519.670 4.680 41.882
519.680 3.800 13.574
519.690 3.710 18.330
519.700 4.290 24.718
519.710 3.800 13.013
519.720 3.960 27.108
519.730 4.190 16.334
519.740 4.050 12.590
519.750 4.620 4.359
519.760 4.050 23.957
519.770 3.820 29.332
519.780 3.760 23.645
519.790 3.750 8.921
519.800 3.930 25.168
519.810 4.060 16.448
519.820 4.050 25.722
519.830 3.790 23.907
519.840 4.620 31.766
519.890 4.830 43.003
519.910 4.780 22.355
519.920 4.280 43.548
520.030 3.850 38.701
520.040 4.570 31.745
520.060 4.340 33.179
520.070 4.050 29.109
520.090 4.150 33.909
520.100 4.180 38.217
520.120 4.320 23.611
520.130 3.790 29.306
520.140 3.990 14.687
520.150 4.310 42.565
520.380 3.940 33.624
520.390 4.330 44.090
520.400 4.770 39.563
520.410 3.880 27.581
520.420 4.240 34.405
520.430 4.310 15.017
520.450 4.560 23.694
520.460 4.330 37.148
520.470 4.270 34.461
520.480 3.950 44.051
520.490 4.150 41.407
520.500 4.960 29.990
520.540 4.200 41.826
520.560 4.550 11.748
520.570 4.040 38.666
520.590 4.090 41.987
520.600 4.240 39.233
520.630 4.340 32.235
520.650 4.180 41.920
520.660 4.040 22.063
520.690 4.490 36.956
520.700 4.090 34.764
520.710 3.890 29.396
520.730 4.050 36.451
520.750 4.330 43.704
520.760 4.310 44.870
520.780 4.540 33.176
520.800 4.050 41.201
520.840 4.450 32.845
520.870 4.080 32.529
520.880 4.190 30.314
520.890 4.030 42.599
520.900 4.110 36.038
520.910 4.190 32.383
520.920 4.060 33.450
520.930 3.500 13.507
520.940 4.020 19.566
520.950 3.980 39.597
520.970 4.500 42.029
520.980 4.520 36.236
521.000 4.210 26.971
521.010 3.990 6.636
521.020 3.840 20.434
521.030 4.380 40.398
521.040 4.420 34.576
521.050 4.510 25.757
521.060 3.920 17.802
521.070 3.840 11.450
521.080 4.190 38.933
522.450 4.430 42.906
522.470 4.350 20.978
522.490 4.810 39.034
522.500 4.860 29.142
522.510 3.820 22.424
522.530 4.170 40.458
522.560 4.100 44.759
522.580 4.070 43.469
522.590 4.240 41.407
522.600 4.440 41.049
522.630 4.130 25.550
522.640 3.960 32.140
522.660 4.340 30.817
522.680 3.840 32.310
522.690 4.090 39.295
522.700 3.980 36.002
522.720 3.950 32.727
522.730 3.870 2.333
522.740 4.250 39.926
522.750 3.810 21.493
522.770 4.600 26.069
522.790 4.540 40.070
522.800 4.550 33.277
522.820 3.850 27.519
522.830 4.110 44.437
522.850 4.580 37.262
522.860 4.180 35.519
522.870 4.560 44.380
522.900 4.360 42.996
522.910 4.180 43.258
522.920 4.220 23.339
522.930 4.350 43.972
522.940 4.230 42.688
522.970 4.390 44.920
522.990 4.200 26.035
523.000 4.010 27.667
523.010 3.740 15.434
523.020 4.170 31.201
523.030 4.150 30.419
523.040 4.390 41.547
523.050 4.120 25.913
523.060 3.760 2.720
523.070 3.800 24.563
523.080 3.940 38.277
523.090 4.340 27.984
523.100 4.030 6.903
523.110 3.910 20.194
523.120 3.800 21.780
523.130 4.020 11.463
523.150 4.380 25.309
523.160 4.080 17.101
523.170 3.980 20.485
523.180 3.970 39.757
523.190 4.320 32.812
523.200 4.180 43.058
523.230 4.230 43.775
523.240 4.420 26.431
523.260 4.390 37.753
523.290 4.470 33.862
523.300 3.920 11.942
523.310 4.140 27.292
523.320 4.500 32.264
523.340 4.050 33.850
523.370 4.160 40.071
523.380 3.960 37.781
523.390 4.090 31.424
523.400 4.130 36.224
523.420 4.190 39.125
523.450 4.210 23.184
523.460 4.210 35.407
523.470 4.270 43.737
523.480 4.970 41.942
523.510 4.330 16.762
523.520 4.170 30.576
523.530 4.010 19.467
523.540 4.040 40.391
523.550 4.140 20.219
523.610 4.300 35.440
523.620 4.120 40.127
523.630 4.030 18.382
523.650 3.780 16.308
523.660 3.960 24.635
523.670 4.240 26.944
523.680 3.810 13.036
523.690 4.410 10.974
523.700 3.990 25.588
523.710 4.170 38.552
523.720 4.220 22.472
523.750 4.260 43.584
523.850 3.900 25.495
523.860 4.330 18.398
523.870 4.100 29.479
523.880 3.930 16.231
523.900 4.110 24.293
523.910 4.020 21.222
523.920 4.130 15.154
523.930 4.080 21.725
523.940 3.670 30.612
523.950 4.120 22.867
523.960 4.010 15.770
523.970 3.840 20.239
523.980 4.230 38.402
523.990 4.370 21.747
524.000 4.120 42.486
524.010 3.730 44.477
524.020 4.050 40.263
524.030 4.180 36.388
524.040 4.020 35.216
524.050 4.120 36.885
524.100 4.290 38.378
524.120 4.410 41.345
524.130 4.480 40.134
524.140 4.140 42.967
524.150 4.820 42.580
524.160 4.330 40.773
524.210 4.190 41.454
524.230 4.410 39.079
524.240 4.480 31.203
524.260 4.820 36.193
524.270 3.980 22.510
524.280 3.970 3.984
524.290 3.930 25.673
524.320 4.250 20.823
524.330 4.340 4.352
524.340 4.260 21.398
524.350 3.800 29.410
524.360 4.420 38.660
524.370 4.130 12.239
524.380 4.020 28.505
524.390 4.320 18.443
524.400 4.140 25.205
524.410 4.120 31.916
524.420 4.130 40.817
524.430 4.160 21.615
524.440 3.950 37.859
524.450 3.820 25.825
524.460 4.740 39.867
524.480 4.250 39.426
524.550 3.960 37.837
524.600 4.130 38.644
524.650 4.370 42.931
524.680 3.920 29.757
524.690 4.130 40.381
524.700 3.820 33.473
524.710 4.320 30.527
524.720 4.310 28.632
524.730 4.200 38.298
524.740 4.480 25.390
524.750 4.470 35.524
524.760 4.240 32.107
524.790 4.180 32.818
524.800 4.000 14.902
524.810 4.100 23.605
524.820 4.130 28.716
526.230 4.170 9.100
530.800 4.830 12.376
531.520 4.940 36.809
531.550 4.880 42.660
531.570 4.630 43.203
533.360 4.830 40.951
535.440 4.780 44.738
548.220 4.570 29.322
548.250 4.970 29.607
548.270 4.870 41.843
548.280 4.960 12.924
548.340 4.250 25.479
548.400 4.610 39.814
548.410 4.040 32.064
548.450 4.030 20.824
548.460 4.760 33.805
548.480 4.300 3.763
548.530 4.630 25.530
548.550 3.890 13.331
548.560 4.100 30.763
548.570 4.170 27.264
548.580 4.040 4.664
548.590 3.830 21.144
548.600 4.350 10.474
548.610 3.990 37.825
548.620 3.720 21.829
548.630 4.310 39.060
548.640 3.750 31.644
548.650 4.690 35.611
548.660 4.050 17.461
548.710 4.600 43.992
548.720 4.260 40.257
548.730 3.940 20.200
548.740 4.320 32.105
548.750 4.370 34.573
548.770 4.880 37.177
548.780 4.160 5.605
548.790 4.200 40.828
548.820 4.030 33.970
548.950 4.990 27.936
548.990 4.280 22.565
549.000 3.890 3.472
549.010 4.340 14.545
549.020 4.000 4.273
549.030 4.840 30.677
549.040 3.900 10.585
549.050 4.690 15.007
549.060 3.930 26.405
549.070 4.000 20.669
549.080 4.010 34.612
549.090 4.260 35.302
549.100 3.700 14.151
549.110 3.650 7.896
549.120 4.030 16.611
549.130 3.880 16.705
549.140 4.080 19.785
549.150 4.170 39.021
549.160 3.810 15.754
549.170 4.110 17.459
549.180 4.640 37.963
549.200 4.490 37.624
549.230 4.790 33.781
549.240 4.750 11.634
549.250 4.740 18.177
549.290 4.930 29.045
549.300 3.840 14.351
549.310 3.860 15.785
549.320 4.580 32.452
549.330 4.300 10.310
549.390 4.530 39.635
549.400 4.690 44.857
549.410 4.940 23.014
549.420 4.240 36.459
549.440 4.360 17.050
549.450 4.490 32.001
549.790 4.630 43.810
549.820 4.580 16.386
549.830 4.180 14.416
549.850 4.370 9.021
549.860 4.310 24.996
549.870 3.660 2.625
549.880 3.670 25.250
549.890 4.240 14.754
549.900 4.230 9.063
549.910 3.990 44.037
549.920 4.430 44.773
549.930 3.940 25.837
549.940 4.410 25.077
549.950 4.090 24.167
549.960 3.950 15.707
549.970 3.910 39.770
550.030 4.790 15.821
550.080 4.320 29.739
550.090 4.070 26.710
550.100 4.320 25.466
550.210 4.210 17.482
550.220 4.320 9.503
550.230 4.090 31.417
550.250 4.990 31.129
550.260 4.680 25.028
550.340 4.380 38.528
550.480 4.670 43.450
560.510 4.940 13.117
561.140 4.240 26.853
561.150 4.160 19.402
561.160 4.760 29.524
561.170 4.330 24.401
562.760 4.560 12.755
562.840 4.950 44.670
563.090 4.680 36.357
563.120 4.090 34.579
563.130 4.590 43.277
563.140 4.220 24.941
563.150 4.590 22.398
563.160 4.130 32.657
563.170 3.750 13.531
563.180 3.920 22.265
563.200 4.200 40.962
563.210 4.220 23.208
563.220 4.250 41.595
563.230 4.540 7.478
563.240 4.000 24.734
563.250 4.210 29.249
563.260 3.840 20.285
563.270 4.170 19.332
563.280 3.940 11.821
563.290 3.900 30.192
563.300 4.340 17.491
563.310 4.050 35.966
563.320 4.310 23.128
563.330 3.890 14.341
563.340 3.760 15.134
563.350 3.990 23.165
563.370 4.670 38.763
563.380 4.550 40.062
563.390 4.270 39.131
563.420 4.720 28.604
563.430 4.780 32.150
563.440 3.940 23.504
563.450 4.020 27.746
563.470 4.220 31.177
563.510 4.140 40.181
563.530 3.780 14.936
563.550 4.340 31.918
563.570 4.580 15.804
568.890 4.490 42.831
568.900 4.430 31.538
572.800 4.010 26.225
572.810 3.930 26.935
572.830 4.130 44.008
572.850 4.150 36.775
572.860 4.170 18.303
572.870 4.520 34.196
572.880 4.250 16.436
572.890 4.130 38.956
572.920 4.310 34.413
572.950 4.370 31.710
572.960 3.780 26.229
572.970 4.940 34.546
573.020 3.970 36.791
573.060 4.380 37.952
573.070 3.940 39.124
573.080 4.310 29.027
573.090 4.190 12.739
573.100 3.530 18.243
573.110 3.780 12.773
573.130 3.940 22.872
573.140 4.080 34.098
573.150 4.340 33.015
573.160 4.120 38.401
573.180 4.480 21.852
573.210 4.480 17.573
573.220 4.320 28.010
573.230 4.040 38.042
573.240 4.100 26.709
573.250 4.460 22.766
573.280 4.990 42.650
573.310 4.320 44.619
573.320 4.230 43.992
573.330 4.240 44.249
573.350 4.090 36.652
573.360 4.520 41.133
573.370 4.280 38.463
573.380 4.750 28.935
573.390 4.940 43.953
573.400 4.100 43.596
573.410 3.770 32.294
573.440 3.970 39.957
573.460 4.360 29.509
573.470 4.330 43.919
573.480 4.510 37.663
573.540 3.780 17.605
573.550 4.130 44.346
573.580 4.310 37.834
573.600 4.390 40.639
573.660 4.450 22.679
573.670 4.180 15.568
573.680 4.420 20.660
573.720 4.600 17.115
573.760 4.120 41.804
573.770 4.690 23.998
573.780 4.760 26.089
573.790 3.780 16.626
573.800 4.200 23.143
573.810 4.240 34.988
573.840 3.890 21.338
573.850 4.470 43.740
573.870 4.230 42.395
573.880 4.080 34.942
573.890 4.210 41.656
573.910 4.840 41.792
573.920 4.080 37.914
573.930 3.900 23.790
573.950 4.190 35.571
573.960 4.730 42.485
573.970 4.170 12.590
573.980 4.320 29.825
573.990 4.430 33.795
574.010 4.260 32.588
574.020 4.670 36.604
574.030 4.100 43.239
574.040 4.080 30.634
574.050 3.950 35.283
574.070 3.770 31.101
574.080 4.090 41.756
574.120 4.180 33.873
574.130 4.310 38.673
574.140 4.480 39.737
574.170 4.070 28.104
574.180 4.660 38.784
574.190 3.950 33.452
574.200 4.590 36.729
574.210 4.630 37.583
574.230 4.120 37.396
574.250 4.510 34.720
574.260 4.030 21.534
574.270 4.170 38.462
574.280 4.320 8.736
574.290 4.330 21.997
574.300 4.200 30.062
574.320 4.080 20.062
574.330 4.440 23.262
574.340 3.940 16.352
574.440 3.980 44.589
574.450 3.620 16.184
574.460 4.560 14.833
574.470 3.880 20.895
574.480 4.330 13.979
574.490 4.020 44.463
574.500 4.230 29.520
574.510 4.040 10.983
574.530 4.530 30.931
574.570 3.860 27.073
574.610 3.960 35.812
574.630 4.100 32.698
574.640 4.050 38.380
574.690 4.530 38.220
574.700 4.050 22.656
574.710 4.200 20.325
574.720 3.900 23.853
574.730 4.170 39.363
574.740 4.220 37.263
574.750 4.160 38.838
574.790 4.330 30.914
574.800 4.980 28.325
574.830 4.350 30.291
574.840 4.160 24.955
574.850 4.360 30.788
574.860 4.200 32.761
574.870 4.060 27.064
574.880 4.370 15.129
574.890 4.580 29.687
574.920 4.830 13.033
574.930 4.460 30.370
574.940 4.030 16.376
575.060 4.970 30.342
575.170 4.750 37.738
580.790 4.920 34.614
584.140 4.460 25.779
584.470 4.730 34.905
584.480 4.720 42.206
584.490 4.080 34.682
584.500 4.380 40.098
584.510 4.310 42.245
584.520 4.160 37.948
584.530 4.010 40.134
584.540 4.030 18.304
584.550 4.080 31.828
584.560 3.900 28.488
584.570 3.920 40.159
584.590 4.160 31.037
584.600 4.570 37.650
584.610 4.220 41.767
584.620 4.120 29.878
584.630 4.570 43.484
584.640 3.940 22.122
584.650 3.990 10.231
584.670 4.640 37.719
584.690 4.040 29.566
584.700 4.070 19.880
584.710 3.990 35.491
584.720 4.430 30.586
584.750 4.900 44.452
589.770 4.970 42.857
589.920 4.300 19.304
589.930 4.280 20.226
589.950 4.700 42.551
589.960 4.140 24.293
589.970 4.440 34.063
590.000 4.870 11.532
590.010 4.750 21.360
590.030 4.840 28.617
590.040 4.590 12.714
590.090 4.630 1.260
590.100 4.430 21.998
590.110 4.850 13.944
590.140 4.800 15.239
590.160 4.870 3.874
590.170 4.240 37.731
590.180 4.540 39.649
590.190 4.730 17.282
590.200 4.840 14.668
590.210 4.930 12.942
590.230 4.610 16.383
590.250 4.320 5.405
590.260 4.750 30.444
590.270 4.610 33.471
590.310 4.090 18.087
590.320 4.030 15.526
590.330 4.180 18.220
590.340 3.930 35.519
590.350 4.540 17.543
590.360 4.360 20.854
590.370 4.320 14.303
590.380 4.110 26.975
590.400 4.040 14.717
590.410 4.240 42.712
590.420 3.710 18.387
590.430 4.270 26.605
590.440 3.800 23.835
590.470 4.040 40.411
590.480 4.380 30.903
590.560 4.410 24.257
590.580 4.740 17.758
590.590 4.120 25.281
590.600 4.020 31.520
590.830 4.340 22.726
590.840 4.690 13.422
590.850 3.800 30.149
590.870 4.280 8.056
590.900 4.890 3.590
591.170 4.840 40.403
591.190 4.630 16.227
591.200 4.580 6.191
591.210 4.710 7.966
591.220 4.710 18.236
591.230 4.950 20.459
591.250 4.370 39.357
591.330 4.120 12.041
591.350 4.650 6.953
591.360 4.940 17.971
591.440 3.970 43.974
591.470 4.760 26.263
591.480 4.380 34.483
591.490 4.100 31.316
591.510 4.320 8.814
591.520 4.880 15.121
591.530 4.720 39.987
591.540 4.780 7.789
591.560 4.690 32.018
591.570 4.720 25.043
591.580 4.500 30.467
591.590 4.170 21.806
591.620 4.630 36.514
591.630 4.460 29.129
591.640 4.860 35.560
591.720 4.320 9.191
591.730 4.340 22.964
591.740 4.640 11.231
591.750 4.590 39.605
591.760 4.580 26.827
591.820 4.930 15.090
591.830 4.800 12.396
591.840 4.730 25.839
591.850 4.520 31.615
591.890 4.990 44.443
591.900 4.780 16.501
591.910 4.580 29.975
591.920 4.460 15.726
591.950 4.010 26.108
591.990 4.750 34.827
592.020 4.850 13.494
592.030 4.640 40.330
592.050 3.880 31.470
593.820 3.950 27.001
593.830 4.710 33.100
593.850 4.270 38.374
593.870 4.100 14.674
593.880 4.090 26.515
593.890 3.820 15.489
593.900 3.820 25.091
593.910 3.940 20.649
593.920 3.930 30.588
593.930 3.920 33.300
593.940 4.420 36.779
593.950 4.590 31.545
593.960 4.090 31.146
593.970 4.420 21.809
593.980 4.010 32.639
593.990 4.250 42.838
594.020 4.620 43.726
594.030 4.390 14.960
594.040 4.170 39.235
594.050 4.370 42.547
594.060 4.150 31.565
594.080 4.160 41.772
594.120 3.920 35.961
594.130 4.210 43.915
594.140 4.430 34.240
594.150 4.170 24.252
594.170 4.730 27.754
594.180 4.170 34.388
594.190 4.450 44.984
594.670 4.220 38.318
594.690 4.270 38.627
594.700 4.490 43.909
594.710 4.250 44.302
594.720 4.310 23.269
594.730 4.330 40.407
594.740 3.960 29.527
594.750 4.500 36.907
594.820 4.230 41.983
594.840 3.930 39.094
594.860 4.240 35.754
594.900 4.220 6.616
594.910 4.860 15.395
594.930 4.070 41.179
594.940 4.910 34.569
594.950 4.560 31.868
594.980 4.510 40.414
595.000 4.740 22.795
595.010 4.380 4.876
595.020 4.940 23.275
595.530 4.970 29.837
595.870 4.510 38.936
595.890 4.100 40.307
595.900 4.960 23.142
595.910 4.310 30.841
595.970 4.490 31.136
596.000 4.800 42.129
596.040 3.960 31.222
596.050 4.390 29.582
596.060 4.290 43.084
596.080 4.520 32.410
596.090 4.250 33.887
596.100 3.920 24.690
596.110 4.130 30.997
596.120 4.630 38.089
596.140 3.910 40.214
596.160 4.490 43.304
596.170 3.970 34.565
596.190 4.180 24.344
596.220 4.010 40.163
596.240 3.990 30.591
596.260 4.100 41.378
596.270 4.230 44.439
596.300 4.530 23.765
596.310 3.950 37.429
596.320 4.060 33.532
596.330 3.970 28.436
596.340 3.990 4.521
596.360 4.340 34.349
596.370 4.340 38.425
596.380 4.030 35.633
596.390 3.930 37.272
596.400 4.250 40.595
596.430 4.110 42.551
596.440 4.440 44.000
596.460 4.120 40.584
596.480 4.510 31.552
596.500 4.540 38.626
596.510 3.930 37.656
596.520 4.420 43.613
596.550 4.000 28.339
596.560 4.060 21.172
596.570 3.770 23.107
596.580 3.820 21.946
596.590 3.920 28.959
596.600 3.990 29.431
596.620 4.000 23.105
596.630 4.090 17.564
596.640 3.900 44.480
596.650 4.000 27.187
596.680 3.980 32.127
596.690 4.220 27.508
596.700 4.250 40.401
596.720 4.040 28.681
596.730 3.720 20.883
596.740 3.840 20.058
596.750 3.760 24.448
596.760 4.140 41.249
596.770 4.080 20.847
596.780 3.930 29.911
596.790 3.860 14.939
596.800 3.970 19.043
596.820 3.910 19.285
596.830 4.050 30.228
596.840 4.200 24.481
596.870 4.440 42.361
596.880 4.260 12.318
596.890 4.090 34.881
596.900 3.830 44.474
596.910 3.650 21.616
596.920 3.650 33.963
596.930 3.930 26.846
596.940 3.870 9.085
596.950 3.620 5.977
596.960 4.240 27.484
596.970 3.760 7.793
596.980 4.820 33.609
596.990 3.840 16.825
597.000 4.230 44.796
597.010 4.370 33.680
597.040 3.940 35.437
597.050 4.250 41.525
597.100 4.350 38.013
597.160 4.640 26.186
597.170 4.440 38.601
597.230 4.440 18.834
597.240 4.450 32.903
597.250 4.430 41.221
597.270 4.280 19.882
597.290 4.160 37.455
597.300 3.780 20.747
597.310 4.250 39.717
597.320 4.290 43.869
597.330 4.030 32.000
597.340 4.250 42.590
597.360 4.170 38.990
597.380 4.090 28.518
597.390 3.930 20.135
597.400 4.450 40.033
597.410 4.450 29.320
597.440 4.510 36.142
597.450 4.350 38.684
597.460 4.560 41.857
597.470 4.610 34.100
597.490 4.770 26.709
597.500 4.520 23.684
597.510 4.160 28.892
597.520 4.590 41.610
597.530 3.980 32.487
597.540 4.340 23.375
597.560 4.950 34.905
597.580 4.500 40.983
597.590 4.460 23.074
597.610 4.300 36.901
597.620 4.470 28.347
597.640 4.620 33.692
597.650 4.110 34.999
597.690 4.940 30.134
597.720 4.970 25.217
597.730 4.630 27.559
597.740 4.630 42.573
597.760 4.180 35.633
597.770 4.140 40.253
597.790 4.120 42.409
597.800 4.450 44.280
597.820 4.840 38.833
597.830 4.400 38.996
597.850 4.950 41.064
597.870 4.940 36.130
597.900 4.150 41.663
597.930 4.300 42.350
597.950 4.140 24.476
598.070 4.550 35.717
601.500 3.940 30.892
601.510 4.300 38.232
601.540 4.510 36.731
601.550 4.500 41.418
601.570 4.360 42.734
601.590 4.260 30.139
601.640 4.520 44.730
601.650 4.210 39.661
601.660 4.740 43.685
601.670 4.120 42.943
601.680 4.060 21.326
601.690 3.650 34.019
601.700 3.770 19.973
601.720 4.390 29.404
601.730 4.220 33.964
601.740 4.330 38.074
601.750 3.950 30.843
601.780 4.180 35.974
601.790 4.300 34.564
601.800 4.110 34.823
601.810 4.070 40.567
601.820 4.600 21.677
601.840 4.370 42.669
601.850 3.660 25.246
601.860 3.700 4.435
601.870 4.540 27.635
601.880 4.340 42.242
601.890 4.360 38.791
601.900 4.630 30.271
601.910 4.020 29.745
601.920 4.190 33.062
601.940 4.110 37.945
601.950 3.740 21.661
601.960 4.000 16.842
601.970 4.190 19.282
601.980 3.740 34.923
601.990 4.000 29.237
602.000 3.830 38.360
602.020 4.320 38.598
602.030 4.060 22.429
602.040 4.170 42.240
602.050 4.680 23.843
602.060 4.660 28.771
602.080 4.040 44.930
602.090 4.230 33.356
602.100 3.820 22.935
602.110 4.210 23.857
602.120 4.200 6.932
602.140 4.200 41.514
602.160 3.720 19.446
602.170 3.950 32.155
602.180 4.080 22.990
602.190 3.970 22.883
602.200 4.670 10.225
602.210 4.320 29.518
602.220 4.050 14.570
602.230 4.040 29.707
602.240 4.580 17.164
602.510 3.870 25.695
602.520 4.360 37.557
602.530 4.350 36.177
602.540 4.670 31.859
602.550 4.790 11.319
602.570 4.420 21.721
602.590 4.380 13.257
602.600 4.140 14.078
602.610 4.560 19.315
602.620 4.850 35.269
602.650 3.870 20.304
602.660 4.270 28.204
602.670 4.940 20.913
602.700 4.440 16.798
602.730 4.000 22.261
602.740 3.940 23.125
602.750 4.620 40.947
602.770 4.570 36.935
602.780 4.310 11.000
602.810 4.950 38.043
602.820 4.580 33.049
602.850 4.380 11.253
602.860 4.870 17.055
602.870 4.830 26.419
602.890 4.420 30.272
602.920 4.570 4.588
602.930 4.880 18.922
602.940 4.750 40.589
602.950 4.520 44.783
602.980 4.250 26.109
602.990 4.050 33.775
603.000 4.090 28.697
603.020 4.320 26.665
603.030 3.940 23.853
603.060 4.220 33.385
603.080 4.000 44.137
603.090 4.130 23.417
603.100 3.760 17.487
603.110 4.240 7.781
603.130 3.900 30.106
603.140 4.190 35.399
603.180 3.910 36.972
603.200 4.290 20.407
603.210 4.380 16.729
603.220 4.740 15.748
604.780 4.530 9.494
605.010 4.800 20.465
606.680 4.830 40.505
610.230 4.540 42.399
631.740 4.420 12.778
631.750 4.360 27.934
631.760 4.330 33.422
631.770 4.780 16.690
631.780 4.130 14.075
631.790 4.200 37.950
631.800 4.090 40.576
631.810 4.470 14.315
631.820 4.370 23.509
631.860 4.970 12.590
631.870 4.550 27.726
631.910 4.290 25.270
631.930 4.700 37.277
631.950 4.380 28.147
631.960 4.060 30.499
631.970 3.970 28.461
631.980 4.780 41.130
632.070 4.840 24.273
632.100 4.670 26.608
632.110 4.460 24.564
632.120 4.340 29.426
632.140 4.550 11.793
632.290 4.930 26.737
632.300 4.090 31.271
632.310 4.010 2.777
632.320 4.320 11.980
632.330 4.060 6.688
632.340 3.770 15.125
632.350 3.870 24.339
632.360 4.160 17.124
632.370 4.030 29.765
632.380 3.920 12.578
632.390 3.890 9.265
632.400 3.720 8.520
632.410 3.940 20.184
632.420 4.250 17.952
632.430 4.560 24.625
632.440 4.930 17.395
632.450 4.470 32.374
632.520 4.000 36.811
632.530 4.400 34.566
632.550 4.230 3.755
632.560 4.050 4.037
632.570 4.070 12.110
632.580 4.540 34.012
632.590 3.840 17.182
632.600 4.850 43.680
641.990 3.890 12.435
642.310 4.210 35.839
647.110 4.460 26.843
647.120 4.830 39.370
647.140 4.190 28.589
664.000 4.860 43.383
664.020 4.580 33.078
664.080 4.130 39.466
664.090 4.900 36.641
664.100 4.100 41.966
664.130 4.140 23.286
664.180 4.480 18.791
666.720 4.960 39.545
667.360 3.890 21.760
667.370 4.570 41.851
