# time(ns) distance (A) angle (deg)
7.800 5.960 65.133
9.090 5.930 60.879
9.240 5.950 79.335
9.270 5.720 77.477
9.280 5.700 73.147
9.290 5.320 75.534
9.300 4.870 75.688
9.310 4.770 75.118
9.320 5.140 60.506
9.330 4.940 71.462
9.340 4.790 68.250
9.350 5.590 67.915
9.360 5.320 71.963
9.370 4.720 86.934
9.390 5.110 89.264
9.410 5.330 67.816
9.420 4.330 85.941
9.430 4.370 63.204
9.440 4.220 81.088
9.450 4.400 78.593
9.460 5.230 71.784
9.470 4.830 67.626
9.480 5.080 57.207
9.490 4.580 66.673
9.500 4.330 75.572
9.510 4.440 74.002
9.520 4.040 76.781
9.530 5.330 64.743
9.540 5.840 72.912
9.550 5.440 55.583
9.560 4.950 52.547
9.570 5.190 67.830
9.590 4.740 77.278
9.600 5.390 63.924
9.610 4.660 71.796
9.620 5.220 66.364
9.630 5.390 65.937
9.640 5.170 64.404
9.650 4.350 71.538
9.670 5.120 73.745
9.680 5.370 63.415
9.690 4.530 87.773
9.700 4.390 74.317
9.710 4.430 80.621
9.720 4.510 84.017
9.730 4.390 86.523
9.740 3.890 87.801
9.750 4.970 76.446
9.760 4.910 71.127
9.770 4.170 77.809
9.780 4.790 76.100
9.790 4.660 74.203
9.800 4.180 75.762
9.810 4.920 76.499
9.830 4.590 80.302
9.840 4.620 74.917
9.850 5.310 68.588
9.860 4.730 68.732
9.870 4.490 77.202
9.880 4.870 60.980
9.890 5.360 65.050
9.900 5.280 60.927
9.910 4.620 81.952
9.920 5.550 74.307
9.930 5.330 70.789
9.940 4.320 83.670
9.950 4.220 81.633
9.960 4.880 72.329
9.970 4.950 70.820
9.980 4.610 83.235
9.990 4.650 73.111
10.000 4.130 82.960
10.010 4.380 79.826
10.020 4.670 68.644
10.030 4.800 79.711
10.040 4.800 75.328
10.050 5.100 69.954
10.060 4.730 82.336
10.070 4.040 83.648
10.080 4.420 82.525
10.090 4.790 75.595
10.100 5.570 83.800
10.110 4.570 81.669
10.130 4.820 88.791
10.140 4.580 86.809
10.150 4.430 75.281
10.170 4.780 72.672
10.180 4.950 76.006
10.190 4.860 67.944
10.210 5.720 59.756
10.220 5.270 69.888
10.230 5.080 51.298
10.240 5.630 56.068
10.250 4.890 78.796
10.260 4.810 70.859
10.270 4.590 82.071
10.310 5.960 64.944
10.330 5.770 54.487
10.340 5.210 86.276
10.360 5.170 68.554
10.370 4.650 67.149
10.380 5.290 64.445
10.390 5.490 62.246
10.400 5.250 62.602
10.420 5.790 72.217
10.430 5.370 65.853
10.440 5.440 63.879
10.450 5.430 73.438
10.460 5.460 89.057
10.470 5.100 80.701
10.480 5.330 75.720
10.490 4.570 67.898
10.500 5.250 66.147
10.510 5.820 84.902
10.530 5.740 70.576
10.540 5.970 58.521
10.550 5.980 74.099
10.570 5.960 76.435
10.580 5.380 64.742
10.590 5.790 64.371
10.600 5.550 70.526
10.680 5.580 60.226
10.690 5.790 63.174
10.700 5.300 58.970
10.710 4.370 75.314
10.720 5.110 70.510
10.730 5.230 74.482
10.750 5.990 65.838
10.760 5.790 68.079
10.770 5.180 68.113
10.780 5.550 77.454
10.790 5.620 63.872
10.810 5.370 66.010
10.820 4.910 64.497
10.830 4.690 78.704
10.840 5.740 72.082
10.850 5.410 81.743
10.860 4.630 77.094
10.870 4.900 70.784
10.880 5.130 79.300
10.890 5.610 66.718
10.900 5.040 64.049
10.910 5.100 66.794
10.920 5.760 55.728
10.930 5.180 51.694
11.360 6.000 89.635
11.370 5.330 81.885
11.380 5.760 71.237
11.400 5.470 70.437
11.410 5.870 56.537
11.420 4.860 69.819
11.430 5.980 59.265
11.440 5.610 84.915
11.450 5.380 74.332
11.460 5.250 66.891
11.530 5.970 61.541
11.550 5.720 79.899
11.560 5.100 69.223
11.570 5.430 88.651
11.580 5.330 67.991
11.610 5.540 73.438
11.620 5.680 73.032
11.630 5.810 88.204
11.640 5.360 73.432
11.650 5.550 78.194
11.660 4.530 89.817
11.670 5.460 62.615
11.680 4.070 82.508
11.690 4.060 79.970
11.730 3.850 86.758
11.750 3.990 85.974
11.760 4.560 70.449
11.770 4.310 78.771
11.790 4.680 79.526
11.810 5.190 63.724
11.820 4.940 53.636
11.830 4.570 79.041
11.840 4.920 63.298
11.850 5.020 67.188
11.860 4.430 80.012
11.870 4.850 70.513
11.880 5.010 68.449
11.890 4.730 76.831
11.900 4.630 75.139
11.910 4.660 84.471
11.920 4.390 81.587
11.940 4.220 87.076
11.950 3.920 89.396
11.960 4.270 79.400
11.970 4.400 88.124
11.980 4.590 78.896
11.990 3.860 85.984
12.010 4.320 83.953
12.020 4.550 67.894
12.030 4.540 86.482
12.050 4.650 77.237
12.060 4.820 74.094
12.070 3.910 85.789
12.080 5.020 63.323
12.090 4.120 84.748
12.100 5.190 67.234
12.110 4.680 84.166
12.120 4.210 83.811
12.130 4.530 89.389
12.140 4.690 74.268
12.150 4.910 69.890
12.160 4.770 74.201
12.170 5.210 63.517
12.180 4.500 80.011
12.200 5.280 41.601
12.210 4.590 86.283
12.220 4.820 68.595
12.230 4.140 85.363
12.240 4.130 87.383
12.250 4.220 80.161
12.260 4.550 66.737
12.270 4.870 75.845
12.290 5.950 53.104
12.310 5.910 83.664
12.330 5.570 81.477
13.730 5.490 88.468
14.250 5.500 83.318
14.370 5.660 86.795
14.830 4.970 58.857
14.850 5.790 72.842
14.860 5.790 80.263
14.910 5.210 29.821
14.920 5.410 45.993
14.950 5.220 89.799
14.980 4.930 89.339
15.100 4.680 80.160
15.150 4.990 71.222
15.160 4.450 87.474
15.180 5.080 78.499
15.190 4.880 82.694
15.230 5.090 62.953
15.440 5.420 88.101
15.890 4.670 80.660
16.680 4.670 86.704
16.780 4.920 85.173
16.950 4.640 89.707
17.280 4.720 89.276
17.460 4.820 89.523
18.270 4.260 81.962
18.470 5.580 83.170
18.490 5.720 86.916
18.580 5.960 65.971
19.940 4.120 86.612
20.260 4.320 87.638
22.740 4.480 84.103
23.130 4.760 76.482
23.950 5.280 79.979
25.270 4.300 88.698
25.300 4.550 89.686
25.310 5.220 86.481
25.370 4.950 87.109
25.460 4.960 78.544
27.740 4.950 82.432
27.760 4.670 79.728
27.770 4.590 76.640
27.780 4.670 81.033
27.800 4.550 72.288
27.810 4.930 72.110
27.820 4.980 70.461
27.830 4.870 77.373
27.840 4.440 78.746
27.850 4.230 74.420
27.860 5.090 68.216
27.870 5.290 58.221
27.880 5.180 65.384
27.890 4.490 76.627
27.900 5.170 55.237
27.910 4.790 69.808
27.920 4.380 75.617
27.940 5.890 50.343
27.950 5.100 60.450
27.960 4.260 80.574
27.970 4.570 77.428
27.980 4.580 75.736
27.990 5.350 67.127
28.000 5.730 62.857
28.010 5.550 48.577
28.020 5.810 61.813
28.030 5.940 76.668
28.040 5.090 64.081
28.060 4.640 80.390
28.070 5.340 64.519
28.110 5.880 50.854
28.390 5.260 66.187
28.400 5.260 72.542
28.410 5.130 67.597
28.420 5.070 74.770
28.430 4.590 77.795
28.440 4.890 75.285
28.450 4.930 84.343
28.460 4.470 86.927
28.480 4.880 86.368
28.500 4.350 80.800
28.520 4.160 81.831
28.530 4.480 87.343
28.540 3.870 79.772
28.580 5.180 80.277
28.590 4.430 88.515
28.600 4.760 83.129
28.620 5.370 82.002
28.640 5.490 85.310
28.680 4.330 86.974
28.730 5.230 81.748
28.740 4.680 78.249
28.750 4.330 87.430
28.760 4.650 87.951
28.770 4.860 88.123
28.900 3.870 80.573
28.930 4.090 89.775
29.010 5.420 70.652
29.020 5.350 72.337
29.060 5.790 60.934
29.070 5.690 74.146
29.080 5.870 84.768
29.090 4.860 67.450
29.110 4.970 73.969
29.120 5.010 72.511
29.130 5.210 74.144
29.160 5.530 54.242
29.170 4.760 79.582
29.180 5.610 76.928
29.200 5.060 80.876
29.220 5.080 86.661
29.260 4.840 79.877
29.270 4.560 85.281
29.280 5.450 75.022
29.290 5.350 75.580
29.300 4.360 78.571
29.310 5.040 89.518
29.330 4.670 78.202
29.340 4.350 79.261
29.350 5.340 62.060
29.360 5.800 87.385
29.370 4.480 84.196
29.390 5.220 87.430
29.400 4.350 75.494
29.410 4.330 78.815
29.420 4.670 82.988
29.430 4.310 86.937
29.450 4.480 77.491
29.460 5.130 68.755
29.470 5.100 69.399
29.480 5.620 73.144
29.490 4.880 81.731
29.500 5.660 54.217
29.510 5.270 80.534
29.520 5.580 61.751
29.530 4.930 76.786
29.540 4.780 83.801
29.550 4.440 62.793
29.560 5.190 68.678
29.570 5.220 64.957
29.580 4.950 80.150
29.590 4.010 68.611
29.600 4.850 75.936
29.610 4.830 69.832
29.620 4.770 78.491
29.630 4.520 77.515
29.640 5.660 76.121
29.650 5.340 79.279
29.660 5.570 70.590
29.670 4.890 82.001
29.690 4.410 83.692
29.700 4.380 75.650
29.710 4.950 68.296
29.720 5.410 67.981
29.730 5.360 69.334
29.740 5.310 75.948
29.750 5.940 86.222
29.760 5.440 78.832
29.830 5.510 86.844
29.840 5.540 77.652
29.850 5.010 84.302
29.860 5.070 74.191
29.870 5.280 71.950
29.880 5.160 64.345
29.890 5.330 72.490
29.900 4.630 77.167
29.910 5.930 67.744
29.920 5.360 87.307
30.920 4.870 89.189
31.020 5.110 89.624
31.210 5.750 88.293
31.830 4.460 84.347
32.050 4.810 81.550
32.090 4.650 88.694
32.120 4.880 81.624
32.230 5.110 84.763
32.470 5.620 63.268
32.480 5.700 61.566
32.490 6.000 78.562
32.530 5.450 81.968
32.540 4.690 86.422
32.550 5.360 62.199
32.560 4.490 78.571
32.570 4.420 85.330
32.580 4.210 87.208
32.590 4.440 80.029
32.600 4.160 83.423
32.610 4.460 74.462
32.620 3.750 84.395
32.630 4.820 69.131
32.640 4.380 82.520
32.660 4.740 70.763
32.670 5.420 83.224
32.680 5.010 88.053
32.690 4.430 84.415
32.700 4.460 84.096
32.710 4.760 78.092
32.720 5.400 69.824
32.750 5.310 85.995
32.760 5.660 64.946
32.780 5.380 64.381
32.790 4.220 77.159
32.800 4.080 87.354
32.810 4.530 76.957
32.820 4.320 86.650
32.830 4.410 72.045
32.850 4.950 68.451
32.860 4.660 81.938
32.870 5.460 76.998
32.880 4.900 82.876
32.890 4.360 79.453
32.900 4.500 76.252
32.910 4.500 73.163
32.920 4.220 78.107
32.930 4.820 85.357
32.940 4.440 89.838
32.950 4.390 81.393
32.970 4.250 82.837
32.980 5.120 64.783
32.990 4.440 88.672
33.000 4.910 71.437
33.010 5.060 78.183
33.020 3.870 81.558
33.030 4.100 85.363
33.050 4.460 78.215
33.060 4.250 74.008
33.070 4.030 88.126
33.080 4.890 87.621
33.090 4.240 73.595
33.100 4.100 77.555
33.110 4.480 74.966
33.120 4.210 76.386
33.130 4.070 81.370
33.140 4.680 78.521
33.150 4.650 79.597
33.160 4.010 78.438
33.170 5.000 84.146
33.180 4.480 84.846
33.190 5.290 74.282
33.200 4.010 89.734
33.210 4.670 79.588
33.220 4.540 79.909
33.230 4.550 83.635
33.240 4.570 74.033
33.250 4.720 84.128
33.260 5.280 69.128
33.270 4.840 64.621
33.290 5.110 72.788
33.300 4.830 72.961
33.310 4.860 81.338
33.320 5.450 65.924
33.330 5.290 66.164
33.340 4.610 81.990
33.350 5.090 67.155
33.360 4.790 84.577
33.370 5.280 74.676
33.380 5.680 73.910
33.390 5.970 60.364
33.400 5.620 54.463
33.410 5.660 68.032
33.420 5.690 68.490
33.430 5.980 69.508
33.440 5.130 73.388
33.450 5.400 85.781
33.460 5.250 57.203
33.470 5.320 88.569
33.480 5.800 72.391
33.490 5.710 64.478
33.500 5.230 68.079
33.510 4.660 71.889
33.520 4.850 74.354
33.530 4.840 73.605
33.540 3.760 85.923
33.550 4.470 78.037
33.560 4.890 75.032
33.570 4.850 63.631
33.580 5.200 72.986
33.590 5.010 70.284
33.600 5.830 54.188
33.610 5.460 68.005
33.620 4.570 79.455
33.630 5.320 69.790
33.640 5.380 78.794
33.660 4.900 66.741
33.670 4.930 77.798
33.680 4.440 85.368
33.690 5.140 65.538
33.700 4.650 87.235
33.710 4.730 76.852
33.720 4.220 83.131
33.730 5.410 69.592
33.740 4.290 83.131
33.750 4.580 83.497
33.760 4.380 77.303
33.770 4.830 86.706
33.780 3.990 80.046
33.790 4.190 82.503
33.800 4.250 78.016
33.820 4.120 82.135
33.830 4.480 83.123
33.840 4.330 80.225
33.850 4.150 80.399
33.870 4.310 87.132
33.880 5.470 73.202
33.890 4.640 76.438
33.900 5.020 77.320
33.910 4.440 80.303
33.920 4.050 86.863
33.930 4.660 78.405
33.940 4.130 81.405
33.950 4.440 81.335
33.960 4.070 89.487
33.980 4.470 79.150
34.020 4.590 74.216
34.030 3.980 85.599
34.040 4.400 87.905
34.060 4.300 80.083
34.080 4.120 81.077
34.090 4.090 85.266
34.100 4.620 75.948
34.110 4.940 74.320
34.120 4.400 73.924
34.130 4.390 87.005
34.140 4.400 71.299
34.160 4.390 79.297
34.170 4.430 84.237
34.180 4.070 88.710
34.200 4.340 84.076
34.210 5.300 75.768
34.220 4.490 77.413
34.230 4.350 89.295
34.250 4.020 88.584
34.260 4.080 89.099
34.280 4.270 85.448
34.300 4.840 71.401
34.310 5.090 75.353
34.320 4.600 88.999
34.330 4.460 88.242
34.340 4.960 78.678
34.370 5.620 77.779
34.380 5.600 81.235
34.410 5.070 78.449
34.420 5.660 66.499
34.430 5.120 73.965
34.440 5.320 76.022
34.450 5.010 82.152
34.470 4.790 78.642
34.480 4.500 80.321
34.500 4.270 85.539
34.510 4.130 80.335
34.520 4.310 88.109
34.530 4.590 83.975
34.540 4.940 82.442
34.550 4.620 82.877
34.560 4.370 78.529
34.570 3.780 83.218
34.580 4.120 85.450
34.590 4.450 86.574
34.600 4.410 77.825
34.650 4.520 80.867
34.670 4.120 87.713
34.680 4.980 83.233
34.690 4.310 87.884
34.700 4.710 66.542
34.710 4.970 80.321
34.730 4.470 84.651
34.750 4.770 87.417
34.770 4.300 84.842
34.780 4.050 85.057
34.810 3.900 86.936
34.850 4.560 78.326
34.860 4.230 87.101
34.870 4.070 83.939
34.880 4.350 81.757
34.890 4.190 85.812
34.900 3.990 87.947
34.930 4.520 82.797
34.940 4.310 84.060
34.950 4.270 83.438
34.960 3.960 83.968
34.970 4.510 80.612
34.980 5.250 77.261
34.990 4.100 82.559
35.010 4.910 79.748
35.030 4.890 79.774
35.040 5.230 77.217
35.050 4.590 85.837
35.070 4.270 88.020
35.080 4.490 86.179
35.090 4.580 84.329
35.120 4.370 84.311
35.130 4.270 79.286
35.140 4.310 81.010
35.150 4.700 88.195
35.160 5.100 74.409
35.170 4.920 82.966
35.180 4.710 77.450
35.210 4.500 84.464
35.220 5.070 81.682
35.320 4.800 87.850
35.390 4.300 83.014
35.430 4.550 82.072
35.470 4.740 80.096
35.490 4.330 86.208
35.510 4.360 72.802
35.540 4.780 86.320
35.570 4.470 84.700
41.590 5.060 89.948
41.600 5.500 89.679
41.630 5.230 88.405
42.380 4.460 87.411
42.410 4.430 89.824
42.500 4.020 86.994
42.520 4.430 89.839
42.530 3.680 86.616
42.570 4.530 87.521
42.650 4.810 86.370
42.670 4.870 88.596
42.750 5.610 87.935
42.770 4.700 89.894
42.930 4.880 87.677
43.330 4.240 84.078
43.350 4.850 86.196
43.400 4.350 85.438
44.180 5.090 85.347
44.200 4.840 80.390
44.210 4.000 79.455
44.250 4.430 87.890
44.350 4.930 86.574
44.380 3.870 88.634
44.710 4.550 87.436
44.930 4.770 88.491
45.120 4.700 89.600
45.190 4.500 88.370
45.860 4.420 77.801
46.190 5.250 78.004
46.330 4.140 89.246
46.340 4.500 89.571
46.590 4.330 85.826
46.710 5.270 89.665
46.730 5.590 78.281
46.740 5.090 88.196
46.750 4.560 87.595
46.790 4.840 88.882
46.890 4.350 84.510
47.050 5.160 80.994
47.070 4.570 89.905
47.130 4.540 88.989
47.150 4.440 88.595
47.260 4.540 78.298
47.770 4.680 88.360
48.770 4.420 87.407
50.340 5.390 56.596
50.360 5.250 85.176
50.370 4.120 82.222
51.260 3.890 88.655
51.280 3.900 86.084
51.500 4.910 84.047
51.900 4.910 65.348
67.970 5.890 82.884
68.070 5.510 52.920
68.080 5.620 62.431
68.090 4.320 75.417
68.100 5.300 85.536
69.270 5.460 74.864
69.290 5.760 83.010
74.700 5.410 89.880
74.740 4.220 88.321
75.160 3.920 89.768
77.410 5.030 87.946
77.430 4.490 87.447
77.460 4.720 84.750
77.490 4.730 87.502
77.550 3.730 87.313
77.580 4.290 88.001
77.610 4.330 78.989
77.630 4.870 87.464
77.750 4.000 88.984
77.790 4.550 82.343
77.810 4.980 89.362
77.830 4.550 82.342
77.880 4.340 79.770
77.960 4.270 84.940
78.170 4.230 82.597
78.220 4.010 87.660
78.490 4.490 82.430
78.770 3.840 73.042
78.860 4.310 82.207
78.930 5.300 89.780
78.950 5.650 85.905
78.970 4.890 83.712
78.980 4.950 80.250
79.320 3.970 89.307
79.390 4.530 88.917
80.230 4.000 89.155
80.330 4.400 89.909
80.390 5.480 85.183
80.420 5.380 89.156
80.430 5.600 73.611
80.460 5.240 75.260
80.490 5.810 71.957
80.520 5.050 88.111
80.560 5.640 75.928
80.670 5.850 75.481
80.700 6.000 82.336
80.720 5.940 77.081
80.730 5.270 74.464
80.740 5.760 70.149
80.750 5.630 75.251
80.760 5.140 74.256
80.780 5.020 89.811
80.800 4.690 83.063
80.810 4.420 84.512
80.820 4.350 87.399
80.890 4.320 78.655
80.900 4.680 70.650
80.910 4.980 81.232
80.990 4.160 88.821
81.100 4.410 87.697
81.190 4.570 84.884
81.290 3.940 85.514
81.650 4.580 88.895
81.890 3.910 84.490
82.310 4.810 87.577
82.640 4.730 80.886
82.720 4.660 82.991
82.840 4.020 61.433
82.860 3.900 83.190
82.870 4.080 69.210
82.880 3.820 60.450
83.290 4.560 84.829
83.300 3.590 37.855
83.310 4.060 47.141
83.320 4.210 45.167
83.330 3.810 53.649
83.500 4.210 85.445
83.510 3.890 89.423
83.520 4.010 84.722
83.570 3.850 83.583
83.590 3.590 88.556
83.620 4.000 84.423
83.630 3.800 82.654
83.640 4.140 87.253
83.650 3.580 78.171
83.660 4.050 86.702
83.680 3.660 88.275
83.850 3.710 87.955
83.880 4.810 89.470
83.890 4.240 87.725
83.900 4.570 86.793
83.920 4.330 84.630
83.930 5.020 81.366
83.940 4.900 89.493
83.960 4.900 88.762
83.970 4.050 89.740
83.980 4.300 85.392
84.010 3.690 80.247
84.080 4.680 86.210
84.110 4.960 81.585
84.130 4.810 64.407
84.140 4.310 87.651
84.150 4.310 74.481
84.160 4.450 87.207
84.170 4.990 67.350
84.180 4.140 75.413
84.210 5.310 89.867
84.220 4.510 79.090
84.250 4.490 88.722
84.260 4.870 76.478
84.270 5.110 53.037
84.300 4.070 71.720
84.310 3.910 80.542
84.320 3.820 72.254
84.330 4.310 78.365
84.360 4.470 85.704
84.380 5.270 81.323
84.390 4.360 87.986
84.400 4.920 59.574
84.490 4.400 84.517
84.520 4.010 85.884
84.560 4.350 86.381
84.570 4.450 85.417
84.590 5.590 80.417
84.600 4.800 77.899
84.610 3.890 37.401
84.620 4.750 58.909
84.630 4.750 47.121
84.640 4.580 45.579
84.650 5.170 58.418
84.660 5.000 48.422
84.670 5.090 30.321
84.680 4.390 35.191
84.690 4.560 33.918
84.700 4.420 29.171
84.710 4.590 25.106
84.720 4.050 66.256
84.750 4.900 81.290
84.780 4.040 88.684
85.090 4.630 86.808
85.290 4.830 88.912
85.320 5.470 60.513
85.330 4.910 48.949
85.340 4.350 78.871
85.350 3.800 59.361
85.360 4.890 40.550
85.370 4.420 38.024
85.380 4.250 70.230
85.400 4.530 84.007
85.410 5.230 76.796
85.420 4.880 67.017
85.430 4.960 60.045
85.470 5.770 71.781
85.510 5.230 74.552
85.540 4.450 84.349
85.570 5.160 85.161
85.670 5.990 77.493
85.690 5.540 68.926
85.710 5.760 61.187
85.720 5.710 61.616
85.730 5.220 76.407
85.740 5.580 62.559
85.760 5.200 34.698
85.770 5.360 56.738
85.780 5.710 78.062
85.820 5.350 85.439
85.830 5.380 73.512
85.840 5.820 86.029
85.850 5.070 84.728
85.880 5.480 86.472
85.900 5.340 82.208
85.920 5.160 88.193
85.940 5.010 70.456
85.990 5.470 73.883
86.010 4.920 47.326
86.020 5.400 82.980
86.030 5.150 76.400
86.040 5.800 61.017
86.080 5.520 87.803
86.110 5.800 88.273
86.170 5.450 89.926
86.350 5.550 82.227
86.410 5.620 84.657
86.420 4.930 79.485
86.460 5.110 89.684
86.470 4.420 88.072
86.480 4.180 88.726
86.490 3.990 86.478
86.550 4.200 89.406
86.620 4.980 89.902
86.650 5.030 73.253
86.670 4.450 89.133
86.690 4.970 88.339
86.700 4.380 88.771
86.710 5.550 82.449
86.730 4.760 87.826
86.740 4.610 82.932
86.750 5.200 88.555
86.800 4.160 83.349
86.880 4.850 85.210
86.890 4.670 79.972
86.900 4.920 82.597
86.910 4.900 84.959
86.920 4.850 81.495
86.930 4.360 80.399
86.940 4.810 87.238
86.950 4.810 81.224
86.970 4.610 85.661
86.980 4.040 78.229
86.990 4.580 87.634
87.000 3.720 78.361
87.060 3.920 88.344
87.070 3.810 86.092
87.130 4.400 87.628
87.140 4.010 87.373
87.170 3.890 88.037
87.240 4.170 85.097
87.250 3.870 86.179
87.300 4.300 78.374
87.310 4.450 89.830
87.380 3.980 88.866
87.420 3.690 85.159
87.650 4.150 81.137
88.490 4.950 89.365
89.210 4.380 88.108
89.280 5.090 84.768
89.300 5.060 77.692
89.440 3.960 87.656
89.750 4.280 86.753
89.980 4.960 74.357
90.020 4.180 88.551
90.190 4.990 84.031
90.230 4.770 78.031
90.270 5.460 88.721
90.600 5.210 83.406
90.640 4.890 86.507
90.750 4.880 81.534
90.760 5.200 65.070
90.770 5.180 59.910
90.780 5.480 80.031
90.800 4.790 66.809
90.810 5.010 52.022
90.820 5.350 83.933
90.840 5.540 81.333
90.850 5.930 88.293
90.940 5.340 62.092
91.010 5.270 88.494
91.030 5.150 60.516
91.050 5.570 76.463
91.120 4.580 86.587
91.150 5.940 48.720
91.170 5.020 81.301
91.200 4.920 55.064
91.230 5.560 85.175
91.250 5.190 71.093
91.300 4.800 55.165
91.310 4.680 65.646
91.320 5.110 87.806
91.330 4.200 67.921
91.340 4.470 61.616
91.350 4.600 56.461
91.360 4.290 61.349
91.370 4.350 54.606
91.380 5.540 40.080
91.390 4.630 74.258
91.400 5.270 49.971
91.420 4.610 84.610
91.450 4.290 84.364
91.460 4.720 84.801
91.490 4.770 83.328
91.520 5.070 71.102
91.530 5.260 84.187
91.590 5.740 84.940
91.700 5.540 59.788
91.720 4.340 82.310
91.730 5.940 52.107
91.840 5.170 89.479
91.850 5.850 45.228
91.860 5.720 59.300
91.960 5.970 60.211
93.450 4.570 58.261
93.460 4.620 69.767
93.920 5.790 74.519
94.830 5.180 84.332
94.840 5.760 77.613
107.340 5.300 72.101
107.360 5.710 58.252
107.370 5.780 62.023
107.380 5.490 74.593
107.390 5.500 74.810
107.400 4.690 78.941
107.410 5.090 81.705
107.420 4.960 81.649
107.440 4.140 86.151
107.450 5.010 87.448
107.480 5.670 69.344
107.520 5.820 69.133
107.540 5.960 52.510
107.570 5.890 51.666
107.660 5.940 53.167
107.670 5.700 54.467
107.680 5.120 78.172
107.690 5.440 75.094
107.700 5.060 69.259
107.710 5.920 70.804
107.730 5.390 64.263
107.740 5.990 53.219
107.750 5.760 57.937
107.790 5.980 55.221
107.800 5.990 52.593
107.810 5.820 57.562
107.820 5.900 71.816
108.230 5.930 89.922
108.350 5.930 58.618
108.370 5.610 71.098
108.390 5.940 68.482
108.420 4.830 70.301
108.430 5.350 79.487
108.460 5.770 74.489
108.900 4.680 89.681
109.090 3.890 89.758
109.250 4.180 87.366
109.260 4.670 83.817
109.360 3.990 83.568
109.390 4.060 89.077
109.500 4.990 87.918
109.590 4.910 88.237
109.750 4.230 88.229
109.770 4.640 88.523
109.810 4.540 85.043
109.850 4.350 86.428
109.860 3.770 85.451
109.890 4.350 87.220
110.010 4.670 83.872
110.020 4.180 86.430
110.030 3.940 87.125
110.040 4.390 84.052
110.140 4.590 85.378
110.150 3.780 84.172
110.230 4.650 82.456
110.240 4.050 87.404
110.340 4.110 83.723
110.350 4.350 78.529
110.360 4.190 85.077
110.770 5.350 86.019
111.250 3.730 86.438
111.270 4.310 87.426
111.620 5.040 87.145
112.210 5.370 72.584
112.230 4.850 72.733
112.250 5.590 63.180
112.260 5.580 64.841
112.270 5.600 49.065
112.280 4.940 79.801
112.290 5.090 67.969
112.300 4.680 77.054
112.310 4.200 83.687
112.320 4.250 88.651
112.330 4.800 69.262
112.340 4.370 71.046
112.350 5.500 62.467
112.360 5.440 61.598
112.370 5.230 57.168
112.380 4.900 81.382
112.390 4.890 72.124
112.400 5.530 77.594
112.410 5.080 79.306
112.430 5.510 67.492
112.440 4.980 88.463
112.460 4.680 87.585
112.470 4.390 81.398
112.480 4.740 86.202
112.490 4.650 67.084
112.510 5.120 56.031
112.520 5.100 70.005
112.530 5.200 69.449
112.560 4.820 82.676
112.570 4.590 86.699
112.580 5.080 73.073
112.590 5.000 62.985
112.600 5.070 86.968
112.610 4.640 86.837
112.620 4.990 77.473
112.630 4.680 67.403
112.640 4.460 80.042
112.650 5.990 68.086
112.660 5.310 61.000
112.670 5.270 80.339
112.680 5.500 64.184
112.690 5.570 54.639
112.700 5.050 62.995
112.710 5.620 60.233
112.720 5.490 68.488
112.730 5.600 66.365
112.740 5.630 64.097
112.750 4.860 80.671
112.780 5.100 78.155
112.820 5.190 66.271
112.830 5.470 69.389
112.840 5.790 66.263
112.870 5.990 59.448
112.880 5.110 64.676
112.890 5.340 70.930
112.900 5.410 67.511
112.910 5.790 57.190
112.920 5.540 65.762
112.930 5.960 74.283
112.940 5.950 87.023
112.950 5.590 83.815
112.960 5.980 49.872
112.970 5.200 73.183
112.980 5.100 73.202
112.990 5.740 64.223
113.000 5.090 64.841
113.010 5.660 52.776
113.020 5.890 54.201
113.050 5.910 56.177
113.100 5.470 66.388
113.110 5.430 66.217
113.120 4.970 59.694
113.130 4.910 70.671
113.140 5.140 61.019
113.150 5.940 61.212
113.160 4.880 75.677
113.170 5.550 66.564
113.180 5.550 61.658
113.350 5.860 78.823
113.400 5.940 52.189
113.440 5.450 60.484
113.450 5.860 48.158
113.460 5.770 52.435
113.480 5.420 67.676
113.500 5.650 51.898
113.510 5.440 57.793
113.520 4.740 76.207
113.530 5.330 59.206
113.540 4.660 71.924
113.550 4.530 77.297
113.560 5.570 65.170
113.660 5.490 61.914
113.670 5.660 73.272
113.680 5.780 74.489
113.720 5.990 88.257
113.750 5.770 65.571
113.790 5.960 50.520
113.800 5.850 64.986
113.810 5.730 45.386
113.820 5.190 62.426
113.830 5.590 60.406
113.840 5.950 48.212
113.860 5.680 67.692
113.880 4.910 55.509
113.890 4.540 74.161
113.900 5.880 64.601
113.920 5.090 58.131
113.930 5.710 63.307
113.940 5.950 59.657
113.950 5.170 66.833
113.960 5.140 70.903
113.970 4.040 83.132
113.980 5.860 56.072
113.990 4.950 76.348
114.000 4.960 63.270
114.010 5.660 51.844
114.020 5.380 71.978
114.040 5.880 87.862
114.190 5.450 88.623
114.200 5.620 84.440
114.270 5.810 74.687
114.320 5.920 75.205
114.540 4.690 88.859
114.600 4.810 66.774
114.640 4.150 83.452
114.650 4.530 86.103
114.740 4.580 88.432
114.980 4.640 87.347
115.350 5.570 83.545
115.670 5.420 83.092
115.740 4.950 79.264
115.800 4.840 89.188
116.050 4.770 88.359
116.110 4.260 80.605
116.120 5.000 74.643
116.170 4.370 84.050
116.180 4.080 88.408
116.190 3.880 89.562
116.250 5.040 81.133
116.270 4.350 35.520
116.280 4.720 77.458
116.290 4.440 66.908
116.300 4.510 37.006
116.310 4.260 52.806
116.320 4.250 43.364
116.340 4.060 48.892
116.350 4.510 40.984
116.360 3.920 49.616
116.370 3.920 57.773
116.380 4.190 69.598
116.390 4.530 54.056
116.400 4.300 64.710
116.410 4.330 83.169
116.420 4.400 83.814
116.430 4.340 58.509
116.440 4.330 55.333
116.450 4.460 52.197
116.460 4.450 54.277
116.470 4.500 33.600
116.480 4.420 48.899
116.490 4.610 64.206
116.500 4.590 85.078
116.630 4.360 85.875
116.870 4.230 84.448
116.920 4.430 85.899
116.990 3.800 86.472
117.000 3.820 88.264
117.030 3.690 84.458
117.140 4.690 76.043
117.170 4.350 88.340
117.620 4.260 82.716
117.810 4.080 86.197
117.860 4.440 88.293
117.910 4.090 84.909
117.960 3.990 84.586
118.750 4.000 82.281
119.130 4.690 75.256
119.250 5.650 80.001
119.300 4.420 85.385
119.350 4.580 87.087
119.420 4.560 89.732
119.480 4.680 83.924
119.570 4.580 86.803
119.610 4.970 86.906
119.730 4.770 71.841
119.840 4.050 81.245
119.950 4.280 89.019
120.340 4.640 89.121
120.400 5.940 69.849
120.410 5.670 64.577
120.450 3.740 85.490
120.500 3.740 85.478
120.580 5.290 85.722
120.640 3.850 84.309
120.940 4.330 80.614
120.960 5.510 81.238
121.000 4.820 84.119
121.020 4.660 89.465
121.040 5.330 89.073
121.060 5.230 84.306
121.070 5.330 82.532
121.150 5.400 85.493
121.180 4.870 86.925
121.200 5.270 86.267
121.210 4.460 84.928
121.220 5.000 86.182
121.250 4.560 82.407
121.310 5.400 89.280
121.370 4.500 86.151
121.380 4.670 87.191
121.410 5.120 84.826
121.420 4.390 86.956
121.440 4.350 87.382
121.710 4.630 88.128
121.730 4.600 87.248
121.760 4.010 86.690
121.800 4.410 83.608
121.910 5.330 86.901
121.920 5.400 68.386
121.990 6.000 60.147
122.050 5.980 69.535
122.070 5.970 77.644
122.090 5.110 84.401
122.110 5.240 83.263
122.120 5.320 87.557
122.130 5.140 81.726
122.170 4.930 69.690
122.180 5.330 50.331
122.190 5.180 66.159
122.200 5.100 59.706
122.210 5.940 66.632
122.220 4.840 85.902
122.230 5.000 85.503
122.240 5.370 84.243
122.250 5.400 79.144
122.260 5.330 70.927
122.270 5.190 88.181
122.280 5.230 63.198
122.300 5.360 44.566
122.310 5.650 72.336
122.340 5.690 70.101
122.380 5.860 71.504
122.390 5.780 75.337
122.430 5.910 80.133
122.450 5.730 67.679
122.460 5.870 63.857
122.480 5.380 77.802
122.500 5.110 74.487
122.520 5.810 64.766
122.540 5.530 76.841
122.970 5.850 55.774
123.050 5.890 75.295
123.060 5.440 69.308
123.090 5.410 81.016
123.140 5.980 81.540
141.020 4.540 89.687
141.370 5.480 83.138
141.430 5.470 89.016
144.460 3.500 86.106
144.580 4.520 86.333
147.530 3.640 86.027
147.650 3.460 89.288
147.920 3.810 87.221
147.950 3.340 77.683
148.270 3.540 84.953
148.600 4.250 86.140
150.660 3.870 81.465
150.680 3.340 65.747
150.690 3.520 83.480
159.740 5.320 66.636
159.750 4.800 51.382
159.760 5.310 76.668
159.780 5.130 75.437
159.790 5.910 56.441
159.800 5.710 35.726
159.810 4.710 50.030
159.820 5.520 30.946
159.830 4.970 49.255
159.840 5.870 68.703
159.850 5.610 62.884
159.860 5.680 52.957
159.870 5.480 50.424
159.880 5.300 84.546
159.910 5.680 75.958
160.260 5.530 59.323
160.270 5.390 70.216
160.280 6.000 66.813
160.300 5.520 42.192
160.310 5.720 28.433
160.340 5.750 25.136
160.360 5.910 26.213
160.370 5.710 31.007
160.390 5.680 45.521
160.400 5.760 35.318
160.410 5.560 24.870
160.420 5.830 68.398
161.000 5.850 56.225
163.410 5.580 48.746
163.460 5.900 72.890
163.470 5.890 47.933
163.500 6.000 85.145
163.510 6.000 51.739
163.620 5.980 73.157
163.630 5.680 81.850
166.800 5.420 45.075
166.810 5.830 85.732
166.900 5.730 44.885
166.930 5.740 80.594
166.950 5.700 74.434
167.050 6.000 74.179
167.100 5.050 89.247
167.200 5.100 83.892
167.260 5.060 89.783
167.320 4.470 85.668
167.550 4.700 80.836
167.690 5.070 86.333
167.890 4.750 89.742
168.100 4.660 80.133
168.110 4.440 86.042
168.130 4.490 67.011
168.310 4.520 89.772
168.640 5.340 84.703
170.010 5.090 87.792
170.020 5.430 85.050
170.150 5.860 76.785
170.190 4.640 73.907
171.150 5.560 72.304
171.160 5.540 88.458
183.670 5.690 71.480
183.680 5.130 59.560
183.690 4.970 61.157
183.700 5.060 61.441
183.710 5.320 70.475
183.720 3.950 81.161
183.750 4.320 72.526
183.760 5.310 75.129
183.770 5.640 53.420
183.780 5.340 47.623
183.790 5.210 65.530
183.800 5.090 62.847
183.810 5.000 80.016
183.820 4.560 65.413
183.830 5.070 67.676
183.840 4.150 88.370
183.850 5.070 68.944
183.870 4.660 83.762
183.880 4.620 77.350
183.890 4.750 78.057
183.900 4.200 81.648
183.910 4.520 72.843
183.920 4.860 63.972
183.930 4.330 80.373
183.940 4.150 87.779
183.950 4.840 73.695
183.960 5.210 69.891
183.980 5.040 66.833
183.990 5.050 79.007
184.000 4.660 78.126
184.010 5.120 71.367
184.020 5.660 61.722
184.030 4.920 80.327
184.040 4.870 85.402
184.050 5.520 67.517
184.060 4.720 85.942
184.070 4.700 72.333
184.080 4.840 68.877
184.100 4.520 78.840
184.120 4.360 84.486
184.130 4.870 79.616
184.140 4.830 74.930
184.160 4.700 73.658
184.170 4.340 81.310
184.180 4.710 80.151
184.190 4.620 82.710
184.200 4.740 80.278
184.210 4.950 79.586
184.230 4.590 89.130
184.240 4.540 73.850
184.250 4.590 72.988
184.260 4.740 85.457
184.280 4.170 88.814
184.290 4.510 87.881
184.300 4.750 79.145
184.330 4.720 77.179
184.340 3.770 87.552
184.350 4.160 78.927
184.360 4.720 69.419
184.370 4.280 87.155
184.380 4.610 73.913
184.400 4.740 86.335
184.410 4.810 82.469
184.420 4.720 83.793
184.430 5.020 66.043
184.440 4.120 77.946
184.450 4.100 88.375
184.460 4.020 87.811
184.470 5.330 59.178
184.480 4.090 82.818
184.490 4.530 87.120
184.500 4.680 77.965
184.510 4.880 67.942
184.520 5.300 70.398
184.530 3.920 78.622
184.540 3.960 83.382
184.550 4.360 77.914
184.560 5.480 57.822
184.570 4.920 66.466
184.580 4.870 60.303
184.590 5.750 48.947
184.600 5.440 62.307
184.610 4.510 79.755
184.620 4.840 72.612
184.630 5.020 72.775
184.640 4.920 71.613
184.650 5.430 54.776
184.660 5.400 69.721
184.670 5.390 54.237
184.680 5.140 65.711
184.690 5.360 62.753
184.700 5.480 56.776
184.710 5.520 68.433
184.720 4.860 72.389
184.730 4.440 76.944
184.740 5.730 74.300
184.750 5.830 66.521
184.760 5.480 75.886
184.770 5.550 56.947
184.780 5.250 63.648
184.790 5.330 73.184
184.800 4.770 77.228
184.810 4.830 68.992
184.820 5.140 65.773
184.830 5.530 59.842
184.840 5.700 60.054
184.850 5.230 63.494
184.860 5.170 72.725
184.870 5.330 76.818
184.880 4.590 81.093
184.890 4.610 79.908
184.900 5.420 69.996
184.910 5.410 60.143
184.920 5.050 74.169
184.930 5.650 64.738
184.950 5.290 63.199
184.960 4.880 67.286
184.970 5.540 70.854
184.980 5.160 59.129
184.990 5.010 65.066
185.000 4.580 84.210
185.010 5.040 67.687
185.020 5.060 72.003
185.030 5.610 54.955
185.040 5.380 63.484
185.050 5.060 60.065
185.060 5.090 74.196
185.070 5.370 67.068
185.080 5.640 54.221
185.090 5.210 58.751
185.100 5.020 75.748
185.110 5.670 58.189
185.120 5.140 80.975
185.130 5.740 59.981
185.140 5.740 70.799
185.150 4.760 76.050
185.160 5.140 61.261
185.170 4.580 77.744
185.180 4.930 76.276
185.190 4.540 69.292
185.200 4.890 76.511
185.210 4.630 77.886
185.220 4.970 74.114
185.230 4.660 76.671
185.240 4.610 81.568
185.250 5.520 75.143
185.260 5.050 61.900
185.270 5.550 64.380
185.280 4.760 71.386
185.290 5.560 68.209
185.300 4.950 77.167
185.310 4.830 74.216
185.320 5.090 72.869
185.330 5.580 76.040
185.340 5.520 60.664
185.350 5.330 58.564
185.360 5.420 57.217
185.370 5.310 70.428
185.380 5.270 73.442
185.390 4.910 68.939
185.400 4.760 70.366
185.410 4.940 59.743
185.420 4.950 70.591
185.430 4.770 76.488
185.440 4.990 82.905
185.450 5.040 71.097
185.460 4.660 74.219
185.480 4.940 69.360
185.490 5.330 73.098
185.500 4.870 79.236
185.510 5.160 76.079
185.520 5.130 79.162
185.530 5.070 78.063
185.540 5.340 64.503
185.550 4.420 84.298
185.560 4.730 84.487
185.570 4.910 70.293
185.580 4.670 77.031
185.590 5.320 62.348
185.600 4.860 77.053
185.610 4.730 76.582
185.620 4.830 77.952
185.630 4.540 82.714
185.640 5.090 63.886
185.650 4.740 61.658
185.660 5.290 69.761
185.670 4.730 79.414
185.680 4.580 83.164
185.690 4.600 69.522
185.700 4.560 76.036
185.710 4.510 79.287
185.730 5.340 73.426
185.740 5.560 72.518
185.750 4.620 72.510
185.760 5.250 70.937
185.770 5.290 59.307
185.790 5.710 64.722
185.810 5.330 76.613
185.820 4.980 60.597
185.830 4.750 67.540
185.840 4.610 79.664
185.850 4.770 79.963
185.860 4.900 69.627
185.870 5.430 69.658
185.880 4.900 74.862
185.890 5.250 76.326
185.900 4.920 71.722
185.910 4.390 83.474
185.920 4.970 72.226
185.930 5.240 62.920
185.940 4.700 72.422
185.950 5.250 72.337
185.960 4.630 74.687
185.970 5.380 60.042
185.980 4.740 73.968
185.990 4.980 78.321
186.000 5.090 62.402
186.010 4.990 74.449
186.020 4.520 83.547
186.030 5.320 71.362
186.040 4.820 74.804
186.050 5.340 80.968
186.060 5.440 68.961
186.070 5.210 69.806
186.080 5.020 67.564
186.090 5.050 78.169
186.100 5.170 63.183
186.110 5.160 70.422
186.120 5.270 64.986
186.130 4.800 80.364
186.140 5.750 62.132
186.150 5.600 59.270
186.160 4.760 81.925
186.170 4.490 72.928
186.180 5.020 76.110
186.190 5.240 67.874
186.200 5.380 72.694
186.210 5.060 72.721
186.220 5.350 70.576
186.230 5.360 65.920
186.240 5.150 78.473
186.250 5.090 67.219
186.260 5.680 66.286
186.270 5.600 62.673
186.280 5.700 53.095
186.290 4.920 70.325
186.300 4.940 77.809
186.310 4.890 78.440
186.320 4.990 69.377
186.330 5.200 70.238
186.340 4.870 65.289
186.350 4.500 78.978
186.360 4.950 66.417
186.370 5.260 77.644
186.380 5.500 69.209
186.390 5.570 55.344
186.410 5.740 52.942
186.420 4.780 81.315
186.430 5.180 70.104
186.450 4.890 70.451
186.460 4.810 79.670
186.470 5.870 53.100
186.480 5.110 69.523
186.490 5.610 62.270
186.500 4.580 79.766
186.510 4.970 74.187
186.520 4.670 72.563
186.530 4.760 68.634
186.540 4.390 84.887
186.550 4.760 76.409
186.560 5.010 70.536
186.570 5.370 64.366
186.580 5.170 62.328
186.590 5.010 69.297
186.600 4.940 71.743
186.610 5.070 76.770
186.620 5.080 66.887
186.630 5.120 65.927
186.640 5.170 66.157
186.650 5.470 77.016
186.660 5.320 64.137
186.670 5.270 70.282
186.680 4.990 69.556
186.690 5.320 68.895
186.700 4.750 79.901
186.710 4.840 89.180
186.720 5.350 62.317
186.730 5.530 70.334
186.740 5.590 74.839
186.750 5.100 76.249
186.760 4.840 74.210
186.770 5.100 71.926
186.780 5.620 71.429
186.790 4.760 81.282
186.800 5.010 73.297
186.810 4.240 76.877
186.820 4.920 79.756
186.830 4.740 80.799
186.850 5.230 64.039
186.860 4.870 78.197
186.870 4.660 78.404
186.880 4.660 81.529
186.890 5.060 81.307
186.900 4.920 75.165
186.910 4.470 72.301
186.920 4.850 59.305
186.930 4.430 75.710
186.940 4.950 62.913
186.950 5.370 62.749
186.960 4.910 64.984
186.970 5.210 77.071
186.980 5.010 67.503
186.990 5.920 60.516
187.000 5.300 66.393
187.010 4.640 74.151
187.020 4.500 82.545
187.090 4.840 88.518
187.780 5.260 89.459
188.040 4.710 84.883
188.300 4.380 85.332
188.390 4.350 89.139
188.890 4.910 80.017
188.940 4.730 85.009
189.180 4.460 81.624
189.490 5.650 85.459
189.960 4.870 85.872
191.330 3.970 83.007
191.400 4.300 84.579
191.530 4.500 82.807
191.580 3.930 87.038
191.690 4.210 83.455
191.750 4.180 88.845
191.770 3.900 89.780
191.810 4.050 89.737
191.830 4.120 89.015
191.940 4.830 88.730
191.980 4.290 86.506
192.180 5.270 84.508
192.240 3.950 86.393
192.250 3.920 84.605
192.350 5.660 67.939
192.370 5.310 80.241
192.380 5.180 77.629
192.390 5.970 48.172
192.410 5.720 61.715
192.420 5.590 55.331
192.430 5.820 57.801
192.450 4.850 72.229
192.460 5.220 50.175
192.470 5.100 78.224
192.480 5.580 70.010
192.490 5.510 61.384
192.500 5.810 69.966
192.520 5.340 53.732
192.540 5.990 38.633
192.580 5.270 64.251
192.590 5.730 70.781
192.600 5.400 60.475
192.610 5.960 64.315
192.620 5.900 72.336
192.630 5.240 70.935
192.640 5.980 56.488
192.650 5.700 61.592
192.660 5.720 66.095
192.670 5.610 66.674
192.690 5.830 69.097
192.720 5.630 43.314
192.730 4.860 78.379
192.740 5.200 72.297
192.750 5.920 66.213
192.760 5.580 64.771
193.310 5.930 70.410
193.340 5.770 69.292
193.390 5.660 61.637
193.400 5.670 66.980
193.740 5.160 61.830
193.750 5.380 62.279
193.770 5.430 57.943
193.780 5.960 63.588
193.790 5.280 67.626
193.840 5.930 67.433
193.850 5.970 67.272
193.860 5.810 55.108
193.930 5.860 49.390
193.960 5.930 51.853
193.980 5.830 59.973
193.990 5.500 63.457
194.000 5.940 71.010
194.020 5.650 54.363
194.030 5.750 54.391
194.060 4.820 76.462
194.080 5.690 82.172
194.140 5.870 48.572
194.150 5.690 54.142
194.190 5.730 64.437
194.200 5.610 67.795
194.210 4.620 67.331
194.220 5.700 52.502
194.250 5.260 61.073
194.260 5.320 49.127
194.270 4.840 50.550
194.280 5.130 67.253
194.290 4.960 59.967
194.300 4.620 65.437
194.310 4.940 71.040
194.320 5.260 73.200
194.330 5.870 67.111
194.350 5.470 62.537
194.360 5.260 71.914
194.390 6.000 50.134
194.400 5.150 79.897
194.410 4.330 84.728
194.420 4.610 85.109
194.430 4.430 80.021
194.440 5.020 62.492
194.450 4.470 84.743
194.460 4.150 81.713
194.470 4.570 77.277
194.480 4.620 73.194
194.490 4.980 87.786
194.510 5.020 82.083
194.520 4.610 79.937
194.530 5.550 67.983
194.550 5.060 70.102
194.560 5.500 63.517
194.570 5.690 60.732
194.590 5.060 61.611
194.600 5.330 68.969
194.610 5.630 60.285
194.620 5.610 51.209
194.630 5.540 54.084
194.640 5.180 65.995
194.650 5.030 60.363
194.660 5.410 56.870
194.670 5.650 66.985
194.680 5.290 57.450
194.690 5.520 60.296
194.700 5.540 63.476
194.710 5.660 56.556
194.720 5.000 75.186
194.730 5.860 55.058
194.740 5.320 68.859
194.770 5.510 45.793
194.780 5.370 68.235
194.810 5.960 59.383
194.820 6.000 72.537
194.830 5.800 58.074
194.840 5.680 49.659
194.850 5.960 63.352
194.860 5.530 78.000
194.880 5.790 43.405
194.890 5.920 63.441
194.910 5.790 60.007
194.980 5.890 56.158
194.990 5.770 50.146
195.020 5.760 62.669
195.030 5.410 69.452
195.040 5.630 71.120
195.050 5.550 61.664
195.060 5.210 65.627
195.080 5.840 65.611
195.100 5.720 48.734
195.120 5.310 65.814
195.140 5.860 50.401
195.190 5.680 45.443
195.320 5.720 56.448
195.330 5.870 60.652
195.340 5.990 60.511
195.360 5.730 63.525
195.390 5.800 70.201
195.400 5.070 74.637
195.420 5.720 63.790
195.430 5.580 71.256
195.440 5.970 68.507
195.460 5.690 67.819
195.470 5.940 73.328
195.480 5.190 62.274
195.500 5.420 62.710
195.510 5.300 70.719
195.540 5.190 52.163
195.550 5.200 71.617
195.570 5.770 60.080
195.590 5.360 64.465
195.600 5.870 56.226
195.610 5.760 37.689
195.620 5.690 60.113
195.630 5.370 77.206
195.640 5.490 76.347
195.660 5.970 54.557
195.670 5.740 54.145
195.680 5.990 66.174
195.700 5.610 66.895
195.710 5.210 59.153
195.720 5.570 59.996
195.730 5.420 62.929
195.740 5.740 54.196
195.750 5.770 49.377
195.770 5.910 62.158
195.780 5.290 63.872
195.790 5.590 58.231
195.800 5.200 53.524
195.810 5.300 69.969
195.820 5.300 64.354
195.830 6.000 53.508
195.850 5.710 49.562
195.860 4.930 60.884
195.870 5.280 72.143
195.880 5.610 68.376
195.890 4.920 65.820
195.900 5.310 65.126
195.910 5.850 51.009
195.920 5.960 54.894
195.930 5.850 51.058
195.940 5.170 60.568
195.950 5.800 44.393
195.960 5.460 63.528
195.970 5.740 51.530
195.980 5.990 44.805
196.020 5.730 72.518
196.030 5.140 75.594
196.040 5.670 65.468
196.050 5.610 78.549
196.060 5.210 86.054
197.000 5.070 89.353
197.040 4.750 80.804
197.100 4.220 89.969
197.220 4.430 86.231
197.230 4.320 88.943
197.730 5.660 87.427
198.360 5.780 86.667
201.250 5.340 84.034
201.580 4.190 83.315
201.590 3.690 78.638
203.610 4.180 87.403
204.690 5.620 72.777
204.700 4.930 65.066
204.720 5.100 70.803
204.740 5.630 62.317
204.750 5.380 66.350
204.760 5.930 56.352
204.770 5.910 58.631
204.820 5.570 59.843
204.830 5.070 61.569
204.840 4.370 74.932
204.850 4.680 88.937
204.860 4.960 77.479
204.870 4.600 82.302
204.880 5.480 60.053
204.900 4.950 72.502
204.910 5.430 70.105
204.920 5.770 64.711
204.930 5.070 72.134
204.940 4.740 68.436
204.950 4.110 87.908
204.960 4.700 70.731
204.970 4.580 75.532
204.980 5.770 56.741
204.990 5.980 59.434
205.100 4.930 86.921
205.130 5.110 89.032
205.140 5.230 86.255
205.210 4.530 80.692
205.470 5.920 34.703
205.480 5.830 47.266
205.630 4.150 86.853
205.850 4.770 88.999
205.860 4.910 86.443
206.000 5.250 88.403
206.110 5.430 86.045
206.130 5.410 80.958
206.150 5.910 76.236
206.160 5.880 84.706
207.650 5.590 61.053
210.390 4.450 89.688
211.870 4.170 86.728
212.080 5.080 88.688
212.190 4.680 77.235
212.320 5.090 83.488
212.430 4.990 84.913
212.610 4.150 87.156
212.850 5.800 85.677
212.920 5.500 69.580
213.060 5.160 86.790
214.200 5.920 39.122
214.250 5.780 61.092
214.310 5.110 85.342
214.790 5.830 67.785
217.140 5.300 89.636
217.160 4.570 68.624
217.170 4.310 70.753
217.180 5.260 40.977
217.190 4.330 86.154
217.380 5.190 89.611
217.390 5.290 56.631
217.400 5.790 35.745
217.850 5.860 87.014
217.930 5.750 83.994
218.040 5.280 78.440
218.170 4.140 83.430
218.440 5.050 89.833
219.200 5.280 83.781
219.220 4.170 89.405
221.750 5.610 89.000
221.820 5.670 46.641
221.830 5.140 36.888
221.850 5.210 54.464
221.860 5.940 63.709
221.880 5.660 67.402
221.890 5.240 57.508
221.900 5.480 59.218
221.910 5.300 56.632
221.920 5.430 52.782
221.930 5.580 52.829
221.940 5.380 63.005
221.950 5.710 55.021
221.960 5.750 72.748
221.970 4.840 61.487
221.980 5.080 64.909
221.990 4.990 53.158
222.000 4.740 48.791
222.010 5.050 62.886
222.020 5.460 36.182
222.030 4.990 63.355
222.270 4.790 84.366
222.720 4.580 72.569
222.740 4.880 79.352
222.780 5.350 40.053
222.850 5.720 83.223
222.960 5.260 89.199
223.500 4.760 86.330
223.570 5.130 76.755
223.590 4.770 89.757
223.610 4.400 87.208
223.730 5.550 81.592
225.530 4.330 87.841
225.860 4.640 88.829
226.500 4.960 78.025
226.540 5.560 87.525
226.560 5.470 82.897
227.790 4.290 88.030
227.950 4.650 75.902
228.150 5.720 83.118
228.380 4.720 89.101
228.440 5.220 71.106
229.970 5.930 69.773
230.010 5.930 71.202
230.020 4.870 78.658
230.030 5.730 81.546
230.040 5.010 78.417
230.050 5.900 77.752
230.060 5.560 49.379
230.070 5.760 60.321
230.080 4.970 73.534
230.090 5.040 64.845
230.100 5.180 72.718
230.110 5.850 48.120
230.120 5.670 61.914
230.130 5.850 59.388
230.370 5.480 57.343
230.800 5.090 67.611
230.810 4.020 76.908
230.820 4.140 41.388
230.830 4.340 71.704
230.840 4.380 50.872
231.000 4.700 84.624
231.010 4.310 33.026
231.060 4.950 86.388
231.620 5.600 58.006
231.630 4.240 73.783
231.640 5.360 61.249
231.650 4.620 86.230
231.660 4.360 73.937
231.670 5.100 76.033
231.680 4.460 78.755
231.690 4.460 76.374
231.700 5.040 64.893
231.710 5.130 54.101
231.720 4.160 83.088
231.740 4.070 89.519
231.750 5.300 73.249
231.760 4.860 74.205
231.770 4.900 80.463
231.780 4.590 82.745
231.790 5.130 67.185
231.800 4.390 85.386
231.820 4.490 78.630
231.830 5.060 72.732
231.840 4.710 80.519
231.850 5.360 61.664
231.860 4.750 65.739
231.870 5.970 67.167
231.880 4.770 73.367
231.890 5.730 64.490
231.900 4.600 80.589
231.910 4.810 72.227
231.920 4.660 71.412
231.940 4.720 79.154
231.950 4.810 78.401
231.960 4.900 83.072
231.970 4.580 70.534
231.980 4.340 83.640
231.990 5.140 68.536
232.000 4.900 66.904
232.010 4.590 76.175
232.020 5.000 68.479
232.030 4.270 89.123
232.040 4.590 73.403
232.050 4.460 74.824
232.060 4.550 72.101
232.070 4.370 80.472
232.080 4.900 78.505
232.090 4.710 75.294
232.100 4.310 88.003
232.110 4.720 83.890
232.120 5.180 69.859
232.130 4.760 73.352
232.140 4.050 72.852
232.150 4.500 78.389
232.160 4.660 83.748
232.170 4.640 71.966
232.180 5.010 66.879
232.200 4.430 81.408
232.220 4.400 75.167
232.230 4.210 88.176
232.240 4.870 68.900
232.250 4.730 66.210
232.260 4.180 86.518
232.270 4.820 70.308
232.280 5.370 64.515
232.290 5.820 67.038
232.300 4.890 78.646
232.310 5.270 70.122
232.320 5.200 73.069
232.330 4.400 75.851
232.340 5.130 60.075
232.350 5.700 58.182
232.360 5.380 50.289
232.370 5.190 62.500
232.380 4.820 75.338
232.390 5.120 83.228
232.400 4.720 71.431
232.410 4.910 74.520
232.420 4.850 79.891
232.430 4.570 87.000
232.440 4.940 87.599
232.450 4.500 73.739
232.460 5.480 64.201
232.470 4.500 83.551
232.480 4.900 72.344
232.490 5.230 59.536
232.500 4.960 67.921
232.510 4.670 67.997
232.520 5.010 85.792
232.550 4.760 71.875
232.560 4.850 70.131
232.570 4.760 80.021
232.580 4.690 88.702
232.590 4.530 78.546
232.600 4.590 85.675
232.610 4.370 89.904
232.620 4.770 84.114
232.640 4.640 56.513
232.650 4.300 72.607
232.660 5.020 66.712
232.670 4.930 34.740
232.680 5.750 33.341
232.700 5.370 64.839
232.710 5.290 74.126
232.720 5.050 83.481
232.750 5.220 83.388
232.980 5.970 78.417
233.100 4.650 87.862
233.220 4.920 83.870
233.240 4.800 72.720
233.300 4.590 85.717
233.340 4.830 89.790
233.530 4.810 86.360
236.000 4.750 89.118
236.230 4.000 85.803
236.250 4.160 88.356
236.270 4.910 83.170
236.660 5.850 88.928
236.970 3.740 88.610
236.980 4.900 89.239
237.020 3.910 69.552
237.030 4.410 89.179
237.280 4.050 87.161
237.310 3.720 82.601
237.330 3.800 87.440
237.390 4.280 88.212
237.410 4.500 87.631
237.420 5.360 76.821
237.430 4.480 70.954
237.440 4.340 81.216
237.450 4.070 87.994
237.670 4.140 69.453
237.680 4.620 64.878
237.750 5.370 78.219
237.790 5.930 77.454
237.810 4.670 52.265
237.870 5.290 85.774
237.890 4.860 81.725
238.340 4.970 87.014
238.370 5.060 89.872
238.380 5.130 85.355
238.520 4.800 77.969
238.630 5.840 89.354
238.670 4.700 84.547
238.680 4.680 89.565
238.690 5.280 84.033
238.800 5.150 71.034
238.830 5.380 88.783
238.870 5.210 84.061
238.940 5.490 65.641
238.970 4.920 71.628
238.990 4.850 77.363
239.020 5.020 70.585
239.040 4.790 84.495
239.050 4.780 87.242
239.060 5.120 87.072
239.090 4.620 65.051
239.110 3.860 77.150
239.120 4.130 82.327
239.130 4.110 80.576
239.170 5.070 83.661
239.210 4.730 88.211
239.270 3.840 83.108
239.310 3.780 85.470
239.490 3.580 87.476
239.510 3.800 87.288
239.550 4.800 75.980
243.750 5.080 78.640
243.880 5.850 55.591
243.900 5.690 61.981
243.910 5.650 63.588
243.920 5.920 44.001
243.970 5.620 67.239
243.990 5.990 61.730
244.000 5.790 71.136
244.010 5.650 47.777
244.020 5.610 89.350
249.070 5.810 52.539
249.110 5.430 55.746
249.120 5.450 59.620
249.140 4.440 77.691
249.150 5.080 73.907
249.160 4.890 77.924
249.170 5.690 39.131
249.180 5.450 43.423
249.190 5.850 66.313
249.220 5.800 58.922
249.230 5.820 53.762
249.240 5.350 59.989
249.250 5.680 46.785
249.270 5.980 84.305
249.790 4.070 83.516
250.100 4.550 88.792
250.110 4.030 86.961
250.150 3.900 89.462
250.510 4.540 86.912
250.580 4.130 88.873
250.790 5.100 88.980
251.030 4.370 87.884
251.070 4.650 88.318
251.200 5.020 89.270
251.340 4.470 88.594
251.360 4.410 88.841
251.480 4.220 88.920
251.620 4.660 89.760
251.830 5.520 87.839
251.980 5.190 87.387
252.000 4.180 89.999
252.070 4.650 87.944
252.150 4.270 89.071
252.160 4.570 82.701
252.220 4.450 88.622
252.250 4.040 84.635
252.290 4.120 86.860
252.300 4.480 87.595
252.350 4.780 79.800
252.360 4.610 88.972
252.590 4.540 83.989
252.600 4.570 87.159
252.610 5.100 85.821
252.640 4.650 88.344
252.650 5.370 77.604
252.670 4.870 71.241
252.680 4.690 85.130
252.720 5.730 77.062
252.750 4.840 87.786
252.760 4.520 85.496
252.810 3.860 84.366
252.840 4.290 89.700
253.070 4.210 89.060
253.110 4.660 88.669
253.130 4.710 81.118
253.150 5.080 83.371
253.160 4.810 86.773
253.190 5.240 74.435
253.200 4.860 87.901
253.280 4.370 89.579
253.290 4.360 87.265
253.450 4.410 87.698
253.890 3.990 85.496
254.930 4.560 86.246
254.990 5.100 88.800
255.440 5.660 84.416
255.450 5.850 30.903
255.460 5.860 49.982
255.500 5.730 53.917
255.520 5.270 72.829
255.540 4.710 65.145
255.550 4.860 59.200
255.560 5.100 74.286
255.580 5.230 66.890
255.590 5.440 75.582
255.600 4.780 65.516
255.610 4.660 88.330
255.620 4.490 86.211
255.630 5.670 46.254
255.680 5.760 52.673
255.690 5.630 67.514
255.700 5.760 60.620
255.710 5.160 55.914
255.720 5.030 75.064
255.730 5.140 81.425
255.740 4.780 87.635
255.750 4.860 78.715
255.760 4.860 73.877
255.770 4.920 72.296
255.780 5.560 61.855
255.790 5.070 75.631
255.800 4.820 82.967
255.810 4.640 63.324
255.820 4.510 78.584
255.830 4.840 67.381
255.840 4.710 77.601
255.850 4.240 82.191
256.920 4.370 89.862
257.380 3.830 86.668
257.770 5.080 85.918
258.530 5.070 89.058
262.920 5.250 65.257
262.940 5.700 55.988
262.950 5.690 67.132
262.970 5.850 51.658
263.040 5.780 63.084
263.080 5.750 77.366
263.160 5.460 59.408
263.170 5.710 54.578
263.180 5.940 41.178
263.420 4.940 78.803
263.430 5.950 56.091
263.440 5.850 63.000
263.570 5.490 77.686
263.600 5.780 51.948
263.610 5.410 74.873
263.620 5.530 52.716
263.630 5.560 64.736
263.640 4.920 78.394
278.410 5.970 74.750
278.420 5.950 64.702
278.540 5.680 61.593
278.560 5.580 72.963
278.670 5.540 78.774
278.680 5.820 71.901
278.760 5.650 77.639
279.060 5.940 70.699
279.070 5.180 80.347
289.480 5.180 78.276
289.490 5.020 85.151
289.500 5.800 74.802
289.610 5.990 70.399
292.100 5.110 87.869
292.120 5.460 73.308
292.140 5.910 61.848
292.950 5.820 66.684
292.960 5.510 79.471
292.970 5.830 81.034
292.980 5.240 85.117
293.030 4.870 85.379
293.040 5.140 86.287
293.050 5.590 87.972
293.060 5.840 74.187
293.090 5.180 77.356
293.100 5.210 84.370
293.150 5.130 88.272
293.170 5.350 85.169
293.190 4.920 86.230
293.210 5.550 75.195
293.220 5.780 71.496
293.300 5.770 32.164
293.330 5.830 21.602
293.340 5.960 25.179
293.620 5.440 18.821
293.670 5.750 70.068
294.720 5.890 77.058
294.730 5.990 81.977
294.740 5.250 79.193
294.760 5.410 85.987
294.890 5.690 80.298
294.900 5.870 64.689
294.920 5.830 75.641
294.940 5.920 77.236
294.970 5.750 79.838
297.700 6.000 81.530
297.910 5.390 67.895
297.920 5.790 88.565
297.930 5.470 87.312
297.950 5.660 73.142
297.960 5.410 88.537
297.970 5.390 73.649
297.980 5.360 76.580
297.990 5.600 87.275
298.010 5.810 65.111
298.020 5.140 89.283
298.060 5.900 83.233
298.070 5.230 81.846
298.260 5.870 74.860
298.280 4.990 78.750
298.290 4.850 88.010
298.320 4.610 86.020
298.340 4.340 77.912
298.360 4.620 85.943
298.370 5.800 79.221
298.380 5.420 68.920
298.400 5.060 84.238
298.410 4.590 87.517
298.440 5.260 78.255
298.450 5.220 88.098
298.460 5.070 89.582
298.470 5.840 43.071
298.480 5.610 18.449
298.570 5.530 74.225
298.580 5.400 84.856
298.590 5.450 74.723
298.600 5.600 75.147
298.630 5.910 74.706
298.640 5.890 70.561
298.740 5.970 74.822
298.750 5.370 84.653
298.760 5.350 68.050
298.770 5.800 76.007
298.780 5.710 72.215
298.790 5.210 79.578
298.820 5.470 71.822
298.830 5.410 79.238
298.850 5.350 85.418
298.860 5.720 65.193
298.870 5.910 62.840
298.880 5.750 88.144
298.890 5.450 67.345
298.900 5.150 88.008
298.910 4.960 80.754
299.040 5.560 70.036
300.010 5.130 82.804
300.030 5.970 67.754
301.810 6.000 84.136
301.880 6.000 89.502
302.000 5.910 88.173
302.180 5.630 75.820
302.420 5.590 78.841
302.530 5.960 64.809
302.940 5.940 65.300
303.290 5.940 70.865
303.300 5.970 64.315
303.380 5.550 80.840
303.450 5.080 89.822
303.460 4.960 82.861
303.490 5.290 76.420
303.510 5.810 79.725
303.530 5.830 87.873
303.540 5.740 71.901
303.570 5.840 72.221
303.580 5.710 88.074
303.590 5.110 75.536
303.600 5.520 59.788
305.010 5.960 69.315
305.090 5.670 79.209
305.280 5.920 78.089
309.860 5.970 67.252
309.880 5.760 84.444
309.920 5.180 79.042
309.930 5.970 69.232
312.780 5.900 65.631
312.800 5.480 78.228
312.820 5.660 64.977
312.830 5.660 69.250
312.840 5.870 77.646
312.860 5.920 76.956
312.920 5.990 65.617
312.950 5.740 60.118
313.040 5.550 81.135
313.070 5.830 60.406
313.080 5.460 78.443
313.090 5.390 78.116
313.150 5.880 71.001
313.170 5.910 80.545
313.220 5.930 77.372
313.230 5.260 82.978
313.240 5.630 79.339
313.250 5.360 75.031
313.260 5.410 75.989
313.270 5.520 71.127
313.280 5.160 83.103
313.290 5.690 58.808
313.300 5.080 72.122
313.310 5.970 73.032
313.330 5.640 75.698
313.340 5.290 80.756
313.350 4.920 89.165
313.370 4.890 89.639
313.380 5.170 87.621
313.390 5.340 71.100
313.410 5.500 79.040
313.440 4.900 88.566
313.450 5.730 78.409
313.460 5.370 75.503
313.470 5.760 75.688
313.480 5.630 81.852
313.490 5.250 86.366
313.500 4.980 84.504
313.520 5.090 75.621
313.530 5.760 89.742
313.540 5.370 81.349
313.560 5.440 70.752
313.570 5.120 84.060
313.580 5.550 80.370
313.590 5.420 74.228
313.620 5.600 81.344
313.650 5.300 86.888
313.660 5.440 86.502
313.670 5.780 80.592
313.680 5.070 87.996
313.700 5.840 81.164
313.710 5.590 85.417
313.720 5.930 71.097
313.730 5.990 58.431
313.800 5.770 65.280
313.810 5.860 83.606
313.820 5.590 67.641
313.830 5.950 72.863
313.840 5.130 77.592
313.850 5.900 74.324
313.860 5.560 60.744
313.870 5.710 70.908
313.900 5.760 77.528
313.930 5.490 86.997
313.940 5.070 84.343
313.950 4.680 89.938
313.960 5.960 70.815
313.980 5.650 72.709
314.000 5.010 79.429
314.010 5.250 83.911
314.020 5.360 80.440
314.030 5.780 79.275
314.060 5.680 78.550
314.080 5.640 59.008
314.090 5.160 76.850
314.110 5.690 75.706
314.130 5.840 74.035
314.140 5.380 82.452
314.150 5.710 84.801
314.160 5.560 83.039
314.170 5.520 74.883
314.190 5.540 85.008
314.200 5.580 83.930
314.210 5.780 76.914
314.230 5.770 82.037
314.240 5.340 70.184
314.250 5.800 70.500
314.360 4.930 83.467
314.370 5.870 66.997
314.410 5.410 79.832
314.420 5.340 63.264
314.450 5.710 81.682
314.470 5.290 70.928
314.500 5.790 64.974
314.540 5.600 82.195
314.560 5.610 73.885
314.570 5.900 74.270
314.580 4.870 83.771
314.600 4.540 85.762
314.620 4.740 81.933
314.630 4.820 88.531
314.650 4.740 84.491
314.660 5.640 75.701
314.670 5.070 85.277
314.680 4.880 73.173
314.770 5.770 76.878
314.790 5.450 84.311
314.830 4.550 89.824
314.850 5.570 86.820
314.870 5.590 77.212
314.920 5.770 83.978
314.950 5.990 60.413
315.690 5.490 83.859
315.790 5.840 75.880
325.680 4.860 85.051
326.360 4.020 89.190
327.990 4.120 88.604
328.010 4.120 84.605
328.400 4.720 85.204
328.430 4.740 86.870
328.440 3.740 78.136
329.130 5.000 88.756
329.260 4.030 88.373
330.060 4.300 84.995
330.170 4.030 84.452
330.220 4.320 88.296
331.350 5.550 87.305
339.610 5.290 88.552
339.670 4.900 87.584
339.690 4.890 87.875
339.710 4.730 87.037
339.730 4.840 88.087
339.860 5.310 88.445
341.720 5.410 63.665
341.770 5.960 73.477
341.800 5.530 70.539
341.810 5.830 56.572
343.420 4.330 89.943
343.440 4.780 81.424
343.450 4.450 86.661
343.470 4.010 81.243
343.480 4.870 80.253
343.490 4.880 87.104
343.520 5.290 72.990
343.530 5.020 58.530
343.540 4.030 80.855
343.550 4.400 80.078
343.560 4.130 86.115
343.570 4.120 82.230
343.580 4.270 78.691
343.590 4.990 70.002
343.600 4.160 76.258
343.610 5.080 85.321
343.620 4.350 88.334
343.630 5.240 78.728
343.640 4.690 84.299
343.650 5.140 71.678
343.680 4.540 76.876
343.690 4.150 74.503
343.700 4.350 69.966
343.710 4.960 76.029
343.720 5.250 85.268
343.730 5.280 65.088
343.740 3.880 82.712
343.750 4.960 77.499
343.760 4.230 89.890
343.770 4.450 84.099
343.780 4.420 86.583
343.790 4.130 86.310
343.800 4.560 76.950
343.810 4.180 82.231
343.820 4.590 73.814
343.830 4.600 86.160
343.840 4.670 66.355
343.860 5.720 67.570
343.870 4.510 76.976
343.880 4.580 78.619
343.890 4.560 88.539
343.900 4.640 74.923
343.910 4.490 76.206
343.920 4.300 71.239
343.930 4.470 78.515
343.940 5.090 72.009
343.950 4.210 86.027
343.960 4.560 69.901
343.970 4.660 68.607
343.980 4.170 83.182
344.010 4.160 84.672
344.030 4.310 78.001
344.050 4.480 74.752
344.060 4.440 88.245
344.070 4.620 76.457
344.080 4.130 84.491
344.090 4.740 68.357
344.110 4.290 78.757
344.120 4.420 75.012
344.130 4.470 87.935
344.140 4.530 74.183
344.150 4.320 82.589
344.160 4.260 82.216
344.170 4.570 77.698
344.180 5.160 68.032
344.190 4.470 82.452
344.210 4.680 85.765
344.230 4.830 75.507
344.250 5.740 78.024
344.260 4.780 85.543
344.270 4.880 77.546
344.280 4.870 86.249
344.290 4.570 71.904
344.310 4.830 84.632
344.320 5.220 80.654
344.330 4.720 85.740
344.340 4.940 74.818
344.350 5.100 73.304
344.360 4.920 82.522
344.370 4.970 83.099
344.400 5.740 81.433
344.480 3.930 86.090
344.530 4.270 85.264
344.660 4.740 86.231
344.670 4.480 86.757
344.790 3.980 83.404
344.810 4.460 87.663
344.820 4.660 88.327
344.830 3.930 86.631
344.960 4.410 88.945
345.020 4.600 84.854
345.030 5.000 85.605
345.170 4.370 82.968
345.180 3.970 86.052
345.200 4.040 88.121
345.220 4.280 88.904
345.230 3.970 87.406
346.440 5.630 82.076
347.070 4.670 77.937
347.080 4.790 89.360
347.090 4.980 87.720
347.150 4.920 84.744
347.260 4.470 86.654
347.310 4.500 85.355
347.370 4.400 81.485
347.400 4.530 86.105
347.540 4.310 87.706
347.580 5.230 78.447
347.670 4.590 86.275
347.770 4.850 87.975
347.780 5.020 87.311
347.800 5.250 85.789
347.810 4.790 87.921
347.910 4.670 88.009
347.930 4.580 87.594
347.950 4.120 86.055
347.970 4.290 88.041
348.020 4.950 74.644
348.030 4.400 77.140
348.060 4.260 87.103
348.070 4.320 82.585
348.080 4.200 89.446
348.090 4.450 84.358
348.100 4.120 84.946
348.140 4.290 83.775
348.160 4.090 84.708
348.170 4.610 86.567
348.200 4.720 75.476
348.210 4.230 84.557
348.270 4.310 89.789
348.320 4.390 80.813
348.390 4.700 89.758
348.430 3.810 84.385
348.600 4.570 88.356
348.620 4.020 87.844
348.890 4.400 89.277
348.920 4.540 85.844
348.950 4.590 82.331
348.980 4.610 85.369
349.000 4.300 84.519
349.480 4.220 85.854
350.040 5.420 79.608
350.130 4.960 64.615
350.140 5.900 84.824
350.170 5.960 75.579
350.220 5.690 85.337
350.280 5.870 89.887
350.310 5.480 63.298
350.320 5.420 85.192
350.330 5.610 84.491
350.340 5.330 88.875
350.350 5.940 67.395
350.420 5.740 78.214
350.440 5.450 85.552
350.450 5.150 80.182
350.550 3.910 89.974
350.630 4.620 83.682
351.030 4.480 83.721
351.040 4.890 88.425
351.050 4.580 85.509
351.060 4.220 83.061
351.120 4.090 87.313
351.170 4.710 84.472
351.180 4.560 75.620
351.190 4.450 89.257
351.220 5.610 75.823
351.250 5.850 79.798
351.260 5.140 84.091
351.270 5.250 76.252
351.280 5.030 88.654
351.300 5.350 86.660
351.310 5.900 81.836
351.320 5.170 75.731
351.330 4.980 71.566
351.340 4.760 76.712
351.350 4.790 75.585
351.370 4.400 81.431
351.390 4.340 80.894
351.400 5.080 79.102
351.420 5.850 86.581
351.430 5.910 81.308
351.450 5.740 74.737
351.470 5.720 65.456
351.490 5.680 62.834
351.500 5.060 65.446
351.510 5.500 83.015
351.520 4.610 89.459
351.530 5.320 61.444
351.540 5.470 70.073
351.550 5.600 75.590
351.560 5.670 67.186
351.570 5.770 66.541
351.580 5.770 57.252
351.590 5.580 56.576
351.600 5.980 56.471
351.610 5.290 59.411
351.620 5.270 81.948
351.630 4.870 78.019
351.640 4.970 85.034
351.650 5.680 84.707
351.660 5.600 70.540
351.670 4.820 74.884
351.680 4.910 84.677
351.690 4.220 80.766
351.700 5.020 63.777
351.720 4.290 81.372
351.730 4.690 87.667
351.740 4.980 74.692
351.750 4.600 76.384
351.760 4.470 77.536
351.770 4.960 69.864
351.780 4.760 73.054
351.790 4.430 79.392
351.800 4.310 66.976
351.810 4.500 79.989
351.820 4.350 77.229
351.830 4.700 76.170
351.840 4.400 83.429
351.850 5.110 72.051
351.860 4.360 77.392
351.870 5.340 67.637
351.880 5.250 67.564
351.890 5.150 84.533
351.910 5.290 80.960
351.920 5.440 67.051
351.930 5.640 69.781
351.940 5.210 78.548
351.950 5.040 81.404
351.960 5.040 89.125
351.970 5.700 85.216
351.980 5.820 81.559
351.990 5.580 68.620
352.000 4.720 87.545
352.020 5.160 75.478
352.030 5.730 54.775
352.040 4.900 86.004
352.050 5.490 66.030
352.070 5.640 69.125
352.080 5.070 75.335
352.090 5.520 69.451
352.100 5.390 72.830
352.110 5.430 70.637
352.130 5.600 81.352
352.140 5.400 80.001
352.150 5.110 73.113
352.180 5.050 85.163
352.190 5.380 82.795
352.280 5.440 77.966
352.290 5.900 75.387
352.310 5.580 80.088
352.330 5.240 79.937
352.340 4.930 77.736
352.350 5.080 75.191
352.370 4.370 77.005
352.380 4.640 77.484
352.390 5.780 73.525
352.400 4.840 76.051
352.410 5.110 74.402
352.420 5.260 78.010
352.430 5.070 73.715
352.440 5.010 63.983
352.450 5.700 84.615
352.460 4.990 80.601
352.470 5.390 76.609
352.480 4.610 75.768
352.490 5.440 80.465
352.500 5.110 83.518
352.510 5.290 68.702
352.520 5.200 65.068
352.530 4.840 67.314
352.540 4.940 76.584
352.550 4.730 82.614
352.560 4.490 81.206
352.570 4.460 77.501
352.580 4.500 77.737
352.590 4.920 78.556
352.600 4.320 75.426
352.610 4.170 79.301
352.620 4.340 82.538
352.630 4.710 80.020
352.640 5.290 65.672
352.650 5.670 58.016
352.660 5.290 74.977
352.670 4.760 77.897
352.680 5.000 80.189
352.690 5.930 63.571
352.710 5.650 71.351
352.720 4.560 84.906
352.730 4.960 72.749
352.740 4.500 77.296
352.760 4.180 84.591
352.770 5.270 76.488
352.780 5.320 70.103
352.790 5.050 76.221
352.800 5.070 65.907
352.810 4.610 89.496
352.820 5.100 74.685
352.830 5.060 75.557
352.840 4.350 76.538
352.850 4.860 65.171
352.860 4.950 66.451
352.870 4.950 70.965
352.890 5.440 70.821
352.900 4.770 79.231
352.910 5.340 83.542
352.920 4.190 88.875
352.930 4.200 81.365
352.940 5.730 42.860
352.950 4.860 76.071
361.050 5.980 58.708
363.190 5.580 89.874
363.210 5.530 73.185
363.320 5.980 86.969
363.370 5.590 59.997
364.030 5.870 74.722
368.170 5.960 47.387
368.200 5.870 63.205
368.250 5.990 45.165
368.330 5.960 71.661
369.430 5.950 66.465
370.090 5.930 78.326
370.420 5.930 87.035
370.480 5.650 61.216
370.490 5.660 60.493
370.520 5.940 88.866
370.560 5.990 88.776
370.580 5.280 65.953
370.590 5.300 74.016
370.600 5.710 74.999
370.610 5.530 73.194
370.620 5.530 81.121
370.630 5.190 64.946
370.640 5.330 54.959
370.650 5.570 73.051
370.660 5.630 81.782
370.670 5.490 62.187
370.680 5.050 47.154
370.690 5.930 66.670
370.710 5.810 76.931
370.720 5.790 78.423
370.800 5.650 61.255
371.400 5.420 68.854
371.410 5.640 75.633
371.510 5.970 81.573
371.570 5.780 85.850
371.580 5.800 87.119
384.530 4.530 88.848
384.570 4.380 83.426
384.680 4.200 85.512
384.700 5.340 86.882
384.710 4.360 85.001
384.760 4.610 89.700
384.810 4.180 84.243
384.820 4.230 87.445
384.870 4.570 84.265
384.880 4.410 87.491
384.890 4.630 89.361
384.900 4.880 69.284
384.910 4.640 89.036
384.920 4.960 84.786
384.930 4.540 78.457
384.940 4.440 76.074
384.950 4.440 87.721
384.960 4.490 82.623
384.980 4.910 81.907
385.050 4.540 86.081
385.060 5.520 69.155
385.070 4.960 80.880
385.080 4.570 73.084
385.090 5.050 78.597
385.100 5.200 76.916
385.110 5.450 73.391
385.120 4.080 58.054
385.130 4.620 88.011
385.140 4.450 72.795
385.150 4.460 66.190
385.160 4.710 83.422
385.170 4.420 75.436
385.180 5.120 72.820
385.190 5.120 79.772
385.200 4.810 76.029
385.210 4.220 66.379
385.230 4.180 88.255
385.240 4.430 82.967
385.270 4.310 85.714
385.280 4.530 85.965
385.290 4.670 75.059
385.300 4.180 69.844
385.310 4.520 87.371
385.360 4.110 88.297
385.380 4.190 85.013
385.470 4.310 83.565
385.600 4.820 78.246
385.640 4.130 87.730
385.660 4.180 88.677
385.700 4.500 85.596
385.710 4.710 79.162
385.760 4.710 87.218
385.840 3.860 89.543
385.880 4.760 88.773
386.230 4.970 77.129
386.240 5.300 74.332
386.250 5.680 73.556
386.300 4.390 86.190
386.350 3.940 87.120
386.460 4.210 86.795
386.480 4.390 89.225
386.540 4.330 88.515
386.550 4.040 85.626
386.580 4.460 87.243
386.600 4.170 88.959
386.720 5.310 89.448
386.730 5.640 86.110
386.750 4.420 80.205
386.850 4.320 84.556
386.900 4.760 88.242
387.210 5.020 83.715
387.850 4.860 89.283
387.890 4.430 79.809
387.920 4.650 83.626
387.930 4.780 85.100
387.940 4.880 40.488
388.000 4.490 86.015
389.370 4.800 89.427
389.520 5.180 86.014
389.680 5.280 84.081
389.690 4.910 88.955
389.820 4.580 88.335
389.830 4.830 89.439
389.900 5.060 85.962
389.910 4.630 87.237
389.920 4.410 80.336
389.950 4.830 89.563
390.120 4.830 87.212
391.660 4.110 86.943
391.870 4.320 88.734
391.880 4.600 89.148
391.950 5.070 88.180
392.000 4.250 87.195
392.200 4.330 88.392
392.670 5.780 76.906
392.780 4.800 84.555
392.830 5.540 71.280
392.840 5.070 65.149
392.860 5.170 81.657
392.870 4.850 68.528
392.880 4.900 76.337
392.890 5.180 59.667
392.910 5.990 84.580
392.920 5.670 60.580
392.930 5.540 61.307
392.940 5.850 76.420
392.990 5.890 52.225
393.010 5.670 66.480
393.020 5.560 63.371
393.080 5.940 50.262
393.150 5.840 66.091
393.170 5.950 55.763
393.190 5.560 63.706
393.200 5.580 67.066
393.210 5.830 56.566
393.220 5.920 59.970
393.360 5.570 64.679
393.380 5.710 34.883
393.490 5.420 50.316
393.540 5.540 61.203
393.560 5.110 47.378
397.000 5.610 63.400
397.010 5.930 71.921
397.020 5.280 67.662
397.030 5.620 63.763
397.040 5.280 82.573
397.050 5.460 85.538
397.060 5.170 85.568
397.070 5.940 58.756
397.080 4.610 86.036
397.090 4.940 82.095
397.100 4.350 78.593
397.110 4.920 72.718
397.120 4.870 75.021
397.130 5.590 71.860
397.140 4.330 72.051
397.150 5.750 57.512
397.160 5.540 88.470
397.170 5.950 60.175
397.210 5.590 65.154
397.220 5.750 53.703
397.310 5.790 55.064
397.320 5.010 70.923
397.340 5.520 55.293
397.350 5.870 49.014
397.360 5.960 60.952
397.370 5.990 42.321
397.380 5.240 73.686
397.390 5.590 60.817
397.400 5.400 56.795
397.410 5.560 59.738
397.460 5.010 60.866
397.470 5.150 72.408
397.480 4.570 75.242
397.490 4.970 74.052
397.500 5.420 60.251
397.510 5.190 65.239
397.520 5.660 59.150
397.530 5.480 64.137
397.540 5.430 63.677
397.550 5.600 63.874
397.570 5.700 62.195
397.580 5.090 66.600
397.590 5.390 80.959
397.610 5.420 60.751
397.620 4.550 72.774
397.630 4.450 88.553
397.640 5.400 56.188
397.650 5.150 85.527
397.700 5.490 81.450
398.130 5.400 78.187
398.140 4.460 87.396
398.150 4.890 78.765
398.180 4.570 82.179
398.200 5.270 83.506
398.480 4.970 74.506
398.500 5.470 77.666
398.560 4.470 84.150
398.600 5.420 77.391
398.610 5.340 83.145
398.620 4.780 79.448
398.690 5.330 77.362
398.700 4.890 81.831
398.730 5.070 77.692
398.740 5.490 89.834
398.810 5.130 85.847
398.820 5.390 88.597
398.900 4.270 79.326
399.070 5.800 76.316
399.100 4.740 81.892
399.160 5.390 80.405
399.180 5.360 83.723
399.390 4.910 84.498
399.490 4.890 84.753
399.500 5.250 89.324
399.540 5.070 85.298
399.610 5.020 85.473
399.620 4.930 89.336
399.760 4.630 74.078
399.770 5.110 87.617
399.790 5.510 70.174
399.810 5.010 85.491
399.870 4.830 84.590
400.050 4.970 79.508
400.070 4.350 77.787
400.210 5.360 64.879
400.240 5.150 83.104
400.270 5.050 75.469
400.280 5.470 79.857
400.290 5.810 60.870
400.300 5.530 63.700
400.310 5.760 73.978
400.320 4.950 89.266
400.340 5.270 68.628
400.350 5.200 70.934
400.380 4.470 89.655
400.400 5.000 74.264
400.440 4.450 85.013
400.470 4.640 88.669
400.490 4.900 82.430
400.500 4.800 82.590
400.510 4.580 79.513
400.550 4.640 85.101
400.640 4.600 85.703
400.690 4.470 89.026
400.700 4.250 85.617
400.730 4.000 87.417
400.740 4.740 88.517
400.750 4.670 76.536
400.760 5.200 87.536
400.830 4.520 82.722
401.230 5.210 89.664
401.240 4.380 89.185
401.250 4.540 86.642
401.260 3.840 78.630
401.290 4.380 86.860
401.320 5.020 79.675
401.420 5.370 72.320
401.430 5.150 72.575
401.440 5.170 74.852
401.460 5.180 71.077
401.520 4.980 81.947
401.580 4.350 84.195
401.710 5.320 86.808
401.730 4.740 79.292
401.740 4.980 82.858
401.750 4.830 69.968
401.780 4.620 84.105
402.170 5.010 66.282
402.180 4.940 73.345
402.580 4.850 72.190
402.650 4.550 83.719
402.700 4.780 85.395
403.640 4.940 86.933
404.170 4.460 89.714
404.240 3.870 89.207
404.430 4.330 81.738
404.460 5.100 85.844
404.580 4.620 85.533
404.590 3.780 87.824
404.870 4.360 88.909
404.900 3.870 88.714
405.030 3.750 80.007
405.100 4.410 88.353
405.290 4.300 86.535
405.300 4.000 86.124
410.490 5.890 81.609
411.130 4.920 86.311
411.160 4.500 80.856
411.370 4.570 88.909
411.470 4.380 88.082
411.870 4.140 84.436
411.950 4.410 89.134
412.050 4.680 89.335
412.100 3.990 88.763
412.120 4.100 86.222
412.230 5.080 84.273
412.250 5.140 89.028
412.410 4.990 40.270
412.430 4.990 80.266
412.440 4.520 43.724
412.450 5.040 45.015
412.660 4.390 62.137
412.720 4.680 86.319
412.890 5.280 75.504
412.900 5.520 55.752
412.920 5.380 55.407
412.930 5.820 69.626
412.950 5.510 63.522
412.970 5.460 74.051
413.240 5.870 51.257
413.450 6.000 54.870
413.510 5.350 70.407
413.520 5.630 82.154
413.610 4.570 77.438
414.170 4.790 89.123
414.500 4.970 80.896
414.510 5.610 66.281
414.520 5.450 62.215
414.530 5.560 77.476
414.540 5.580 67.687
414.550 5.480 70.451
414.560 5.520 61.795
414.610 5.130 82.262
417.070 5.700 58.937
417.090 4.980 76.134
417.110 5.110 71.844
417.120 5.510 76.643
417.130 4.840 73.020
417.140 4.320 84.705
417.150 5.290 68.584
417.160 4.830 69.078
417.170 4.830 78.930
417.180 5.630 56.669
417.190 5.270 77.145
417.200 5.490 61.009
417.220 5.380 64.524
417.230 4.790 68.383
417.240 4.480 72.820
417.250 5.160 58.153
417.260 4.710 43.905
417.270 4.500 79.774
417.390 4.440 86.956
417.540 3.940 84.251
417.610 5.230 79.390
417.860 4.350 83.746
417.930 5.990 51.420
417.940 5.700 55.744
417.950 5.300 76.189
417.960 5.190 74.020
417.970 4.190 77.042
417.980 4.590 63.593
417.990 4.260 84.748
418.000 5.310 66.697
418.010 5.550 61.043
418.020 4.800 74.116
418.030 4.780 76.508
418.050 4.640 79.300
418.060 4.290 82.269
418.070 4.630 85.044
418.080 4.650 80.752
418.090 5.030 80.465
418.100 5.300 66.341
418.120 5.720 65.125
418.140 4.940 85.190
418.150 5.080 84.903
418.170 5.060 72.204
418.180 4.640 65.599
418.280 5.220 76.383
418.310 4.900 75.349
418.320 5.080 71.605
418.340 5.090 75.704
418.350 5.870 64.926
418.410 4.780 80.962
418.580 5.120 84.709
418.810 4.700 87.612
418.830 4.490 85.299
418.840 5.470 74.036
419.170 4.620 89.140
419.190 4.430 87.851
419.230 4.270 83.967
419.290 5.820 88.880
419.300 5.730 72.855
419.310 4.480 85.491
419.320 5.350 68.289
419.330 4.440 62.420
419.350 4.890 78.332
419.360 5.640 80.146
419.380 5.900 82.662
419.390 5.980 61.909
419.400 4.860 89.905
419.410 5.680 62.141
419.420 4.630 76.562
419.430 4.610 84.346
419.440 5.290 65.940
419.460 4.230 89.077
419.470 4.390 81.332
419.480 4.830 88.041
419.490 4.480 74.788
419.500 4.070 84.582
419.520 4.410 81.367
419.530 4.170 78.757
419.540 5.540 65.988
419.550 5.540 65.413
419.560 4.280 81.359
419.570 4.390 81.592
419.580 4.820 72.240
419.590 4.600 78.522
419.630 5.750 65.826
419.660 5.500 62.484
419.700 5.230 87.605
419.720 4.160 89.832
419.730 4.280 80.803
419.740 4.300 82.189
419.750 4.070 88.647
419.760 4.560 76.060
419.770 5.030 65.711
419.780 4.910 83.408
419.800 4.550 81.355
419.810 3.910 89.614
419.820 4.100 86.629
419.830 5.260 85.531
420.040 3.920 80.667
420.050 4.060 85.199
420.180 4.160 86.617
420.280 4.120 84.586
420.590 5.440 87.116
420.800 5.050 89.444
420.870 4.090 88.718
421.000 4.790 88.238
421.030 4.420 75.176
421.130 5.160 87.462
423.580 4.060 82.886
423.680 4.140 87.610
423.710 4.740 84.970
423.840 4.600 84.301
424.260 5.060 62.109
424.270 4.900 55.416
424.280 5.170 41.826
424.290 5.260 34.514
424.300 5.750 69.685
424.350 4.800 83.839
424.400 4.750 88.166
424.530 4.560 85.295
424.610 4.210 78.425
424.630 4.280 89.775
424.700 4.040 87.661
424.730 4.190 89.803
424.740 4.590 77.135
424.750 4.210 88.700
424.820 5.090 86.095
424.870 4.430 89.097
424.900 4.210 87.349
424.970 5.060 79.767
425.020 4.730 89.641
425.040 4.620 86.092
425.220 4.030 87.870
425.260 4.560 87.533
425.310 5.050 87.165
425.360 4.140 89.430
425.380 5.180 85.260
425.410 4.530 80.429
425.450 4.520 87.864
425.460 5.130 84.953
425.500 4.290 76.384
425.510 4.560 80.918
425.530 4.270 85.105
425.540 4.200 81.434
425.550 4.990 87.469
425.810 4.760 89.379
425.890 5.150 79.481
425.960 4.610 86.149
426.370 4.220 84.586
426.480 4.780 86.285
427.110 4.230 64.544
427.120 4.930 49.697
427.130 4.290 66.524
427.140 4.110 51.465
427.150 4.820 76.379
427.220 5.220 89.839
427.240 5.390 75.565
427.270 4.100 40.975
427.400 5.650 84.843
427.500 4.390 86.909
427.650 5.090 88.448
427.660 4.990 69.482
427.690 5.630 80.224
427.720 5.120 84.190
427.730 5.270 78.570
427.750 5.190 89.855
427.760 4.870 86.799
427.790 4.690 89.464
427.830 5.150 63.248
427.840 5.250 88.276
427.850 5.700 82.901
427.870 4.730 71.021
427.880 5.100 86.923
427.910 4.760 84.534
428.030 3.680 85.887
428.320 4.410 89.433
428.420 4.820 86.264
428.450 4.220 85.351
428.630 5.470 83.691
428.770 5.350 89.877
428.780 4.870 73.815
428.920 4.690 87.082
429.020 4.850 84.515
429.110 3.960 82.063
429.120 3.950 88.600
429.430 5.290 87.178
429.440 5.140 71.446
429.690 4.520 87.580
430.220 4.360 81.811
430.560 4.350 88.014
430.580 4.470 89.581
430.620 4.000 88.367
430.650 4.230 89.283
430.860 3.650 81.808
430.870 4.140 86.237
430.990 4.380 88.229
431.000 4.670 86.808
431.040 4.490 89.528
431.070 4.660 84.520
431.080 4.220 87.708
431.090 5.320 84.853
431.100 4.550 86.619
431.110 4.960 84.814
431.120 5.540 83.022
431.150 4.890 79.159
431.210 4.940 85.581
431.220 4.980 81.189
431.230 5.030 87.618
431.320 5.160 80.716
431.400 3.970 84.520
431.480 4.770 87.539
431.760 5.160 88.236
432.100 4.940 78.456
432.110 5.460 82.210
432.150 3.900 84.976
432.350 4.420 81.132
432.370 4.300 77.381
432.630 4.430 89.297
432.910 4.630 88.382
433.120 5.230 72.360
433.190 4.600 89.069
433.770 4.300 89.833
434.050 4.310 89.793
434.720 4.660 86.190
434.960 4.260 85.740
435.050 5.740 86.544
435.480 5.570 89.842
435.530 4.470 80.797
435.550 4.920 78.474
435.560 5.030 88.300
435.690 4.750 88.995
435.710 5.600 81.925
435.730 4.840 87.056
435.740 4.720 86.841
435.760 4.770 77.267
435.770 4.620 82.833
435.780 4.780 87.318
435.830 4.440 74.813
435.860 4.090 84.639
435.890 3.890 78.280
435.910 4.920 86.121
435.920 4.720 84.735
435.930 4.920 82.531
435.950 4.630 88.579
435.980 4.420 84.199
436.010 4.870 74.728
436.020 4.270 88.133
436.070 5.190 83.912
436.080 5.000 85.944
436.140 5.190 88.164
436.160 3.930 87.299
436.230 4.000 86.559
436.240 4.850 80.578
436.250 5.290 81.975
436.310 4.050 83.570
436.410 4.250 88.808
436.420 5.180 83.282
436.500 3.820 85.751
436.550 5.410 87.039
436.740 4.610 82.590
436.830 4.680 87.904
436.890 3.980 86.970
437.140 4.150 86.343
437.280 4.860 84.713
437.290 5.290 86.689
437.300 3.900 88.962
437.310 5.020 89.314
437.320 4.320 84.996
437.780 4.600 77.434
437.810 5.180 87.453
437.880 5.140 89.209
438.270 4.580 87.265
438.280 5.300 87.907
438.430 5.040 72.006
438.440 4.980 47.825
438.470 4.760 88.049
438.490 4.940 59.140
438.600 5.040 82.434
438.780 4.180 84.624
438.790 4.220 84.784
438.800 3.930 73.205
438.820 4.460 85.224
438.870 4.250 84.238
439.010 4.740 89.477
439.590 4.270 86.242
439.690 4.250 79.771
439.700 4.810 88.534
440.050 4.620 87.198
440.160 4.840 84.747
440.250 4.760 89.469
440.630 5.540 87.597
440.760 4.690 85.595
440.850 4.160 89.124
440.860 4.210 83.468
440.920 4.040 88.085
440.980 4.390 79.862
441.000 4.970 87.780
441.010 4.400 89.617
441.120 5.800 57.066
441.160 5.050 68.685
441.170 5.420 66.339
441.180 5.050 74.666
441.190 4.570 62.903
441.200 4.580 78.831
441.210 5.340 57.734
441.220 4.500 84.607
441.230 5.290 65.971
441.240 4.820 66.671
441.250 4.300 83.911
441.260 5.240 62.054
441.270 5.020 67.145
441.280 5.010 77.580
441.290 4.360 77.318
441.300 4.550 86.308
441.310 4.230 84.411
441.320 4.520 83.616
441.330 5.030 76.296
441.340 5.000 80.319
441.350 4.950 77.534
441.360 5.120 77.670
441.370 4.230 69.185
441.380 5.090 70.456
441.390 4.550 76.213
441.400 4.340 82.035
441.410 5.610 57.549
441.420 4.770 70.035
441.430 5.340 67.526
441.440 4.990 88.406
441.450 4.980 73.774
441.460 4.460 63.872
441.480 4.800 77.968
441.490 4.590 81.489
441.500 4.460 78.949
441.510 5.030 56.342
441.520 5.870 63.441
441.530 5.450 74.831
441.540 5.810 74.234
441.550 4.790 76.245
441.560 4.350 80.002
441.570 4.480 86.938
441.580 5.090 70.080
441.590 5.360 85.332
441.600 4.650 71.248
441.610 4.730 78.651
441.620 5.460 66.932
441.630 5.570 60.062
441.640 5.440 64.006
441.660 4.750 70.752
441.680 4.730 81.125
441.690 4.120 78.529
441.710 5.120 83.397
441.720 4.640 71.078
441.730 4.480 84.867
441.740 4.200 87.953
441.760 5.190 79.387
441.770 5.130 74.562
441.780 5.840 85.537
441.790 5.110 64.683
441.810 5.330 83.252
441.830 4.860 81.442
441.850 5.950 88.102
441.860 4.490 81.908
441.890 4.740 79.467
441.900 4.670 81.127
441.910 4.640 85.096
441.920 5.160 75.666
441.930 4.750 77.482
441.940 5.110 89.920
441.960 5.110 76.715
441.970 5.140 87.541
441.980 5.550 68.509
441.990 5.510 75.479
442.000 4.320 85.388
442.010 5.960 77.497
442.020 4.690 73.281
442.030 5.330 66.323
442.040 5.640 64.828
442.050 5.590 67.222
442.060 5.360 65.998
442.080 5.600 71.302
442.110 5.650 84.484
442.130 5.760 87.194
442.140 5.370 85.375
442.160 5.320 76.734
442.170 5.430 77.904
442.180 5.880 79.065
442.190 5.300 88.479
442.200 4.520 85.996
442.210 5.040 79.375
442.220 5.630 78.874
442.230 5.500 74.571
442.240 5.400 73.208
442.250 4.860 70.448
442.260 4.550 85.707
442.270 5.740 57.103
442.280 5.740 67.957
442.300 5.860 69.124
442.330 5.890 55.574
442.340 5.760 60.808
442.350 5.540 85.139
442.360 5.100 64.949
442.370 4.740 75.672
442.380 5.570 66.174
442.390 5.310 72.367
442.400 5.810 59.351
442.410 5.990 50.623
442.420 5.750 76.959
442.430 5.850 64.204
442.440 5.740 61.178
442.450 5.170 68.718
442.460 5.670 59.614
442.480 5.380 66.203
442.490 5.700 82.543
442.510 5.050 81.576
442.520 5.580 77.162
442.530 4.590 88.611
442.540 5.080 81.713
442.550 5.310 64.723
442.560 5.040 73.857
442.570 4.220 88.852
442.580 4.910 82.773
442.590 4.610 79.819
442.600 5.700 56.262
442.610 4.860 83.527
442.620 5.280 73.297
442.630 5.590 55.222
442.640 5.980 56.427
442.650 5.910 49.044
442.660 4.490 89.592
442.670 4.390 85.434
442.680 4.180 89.020
442.690 4.390 74.342
442.700 4.740 73.546
442.710 4.240 84.442
442.720 4.670 81.490
442.730 4.420 73.933
442.740 4.890 77.039
442.750 4.920 67.454
442.760 4.690 64.925
442.770 4.230 80.645
442.780 4.480 82.190
442.790 4.580 68.982
442.800 4.860 75.341
442.810 4.460 83.614
442.820 4.620 71.967
442.830 4.740 69.075
442.840 5.690 66.443
442.850 4.980 67.770
442.860 4.620 69.955
442.870 4.830 81.060
442.880 4.340 80.356
442.890 4.640 70.767
442.920 4.410 70.481
442.940 4.670 77.004
442.950 4.680 89.036
442.960 5.160 70.123
442.970 4.540 70.838
442.990 4.460 80.810
443.010 4.760 87.529
443.030 4.670 79.332
443.060 4.560 82.060
443.070 4.720 66.352
443.100 4.610 64.793
443.110 4.780 66.549
443.130 4.190 80.241
443.140 5.220 64.551
443.160 4.690 82.761
443.170 5.340 69.500
443.180 5.750 66.290
443.200 4.240 80.691
443.210 4.790 85.968
443.230 4.360 89.474
443.240 4.700 65.182
443.250 4.060 75.813
443.260 4.830 86.227
443.270 4.480 74.164
443.280 4.200 88.627
443.300 5.190 71.242
443.320 4.800 73.756
443.330 4.870 77.910
443.360 4.840 86.604
443.370 5.480 76.936
443.380 5.650 75.592
443.410 5.200 80.859
443.420 5.370 71.277
443.430 5.980 83.378
443.440 4.800 83.780
443.450 5.240 71.545
443.460 5.430 68.750
443.470 5.630 58.503
443.480 4.580 88.694
443.490 4.930 88.655
443.500 4.340 80.615
443.510 4.250 87.370
443.520 4.680 86.448
443.530 4.520 77.307
443.540 4.960 70.697
443.550 4.620 78.955
443.560 4.500 80.657
443.580 4.490 81.265
443.590 5.250 63.507
443.600 4.260 83.838
443.620 5.090 77.405
443.630 4.680 65.044
443.640 4.950 70.118
443.650 5.270 84.768
443.660 5.360 87.585
443.670 5.140 73.965
443.680 5.520 78.525
443.700 5.200 60.923
443.710 4.430 79.516
443.720 5.400 68.021
443.730 5.270 56.035
443.750 4.880 82.466
443.760 4.640 80.555
443.770 5.020 76.981
443.780 4.360 83.981
443.790 4.830 88.664
443.810 4.570 77.278
443.830 5.110 62.424
443.840 4.730 75.061
443.850 4.820 76.417
443.860 4.910 70.813
443.870 4.210 86.197
443.880 5.370 68.766
443.890 4.510 85.761
443.900 4.940 78.336
443.910 5.330 64.630
443.920 4.830 77.596
443.930 5.240 65.873
443.940 5.820 55.324
443.950 4.550 82.428
443.970 4.380 81.373
443.980 4.260 71.962
443.990 5.070 74.300
444.000 5.230 81.764
444.010 4.770 82.454
444.020 4.110 79.680
444.030 4.080 86.503
444.040 4.560 67.844
444.050 4.160 76.923
444.060 4.820 82.334
444.070 5.550 63.064
444.080 5.050 68.842
444.090 4.480 78.776
444.100 4.770 74.161
444.110 5.010 68.801
444.120 5.090 78.194
444.130 4.480 88.824
444.140 4.820 82.386
444.150 4.620 79.838
444.160 5.240 81.051
444.170 5.250 89.190
444.180 5.340 78.637
444.200 5.300 75.473
444.210 4.870 84.284
444.220 5.070 81.978
444.230 5.650 65.507
444.240 4.230 85.938
444.250 4.850 78.062
444.270 4.660 77.371
444.280 4.710 80.205
444.290 5.070 65.893
444.300 5.510 83.599
444.310 5.660 67.989
444.320 5.050 75.989
444.330 4.250 88.491
444.340 4.630 85.986
444.350 5.380 77.728
444.360 5.270 77.764
444.370 4.620 79.593
444.380 4.410 77.225
444.390 4.870 81.902
444.400 5.060 75.451
444.410 5.290 74.380
444.420 4.950 72.063
444.440 5.580 63.507
444.450 5.120 72.043
444.460 4.650 70.117
444.470 5.120 73.651
444.480 4.610 82.160
444.490 5.270 65.114
444.500 5.270 75.904
444.510 5.090 64.497
444.520 4.860 79.723
444.530 4.710 76.688
444.540 4.930 69.682
444.550 4.680 71.753
444.560 4.760 74.989
444.570 4.700 85.502
444.580 4.390 80.892
444.590 4.520 71.918
444.600 4.690 75.278
444.610 5.440 70.913
444.620 4.940 79.241
444.630 4.850 79.327
444.640 4.870 83.829
444.650 5.000 80.602
444.670 4.340 78.147
444.680 5.000 67.733
444.690 4.860 78.982
444.700 4.530 84.035
444.710 4.640 80.255
444.720 4.510 81.486
444.730 5.500 74.406
444.740 5.150 84.698
444.750 4.270 80.522
444.760 4.040 88.015
444.790 4.330 83.194
444.800 4.670 72.407
444.810 4.870 72.262
444.820 4.460 70.456
444.830 4.150 85.851
444.840 4.620 88.951
444.850 4.510 86.116
444.860 4.470 83.977
444.870 5.830 81.763
444.880 4.970 75.133
444.910 4.700 70.605
444.920 4.670 72.832
444.930 5.050 72.300
444.940 5.100 77.058
444.950 5.090 62.289
444.960 5.470 69.086
444.970 5.250 81.175
445.000 5.600 72.101
445.010 4.640 82.051
445.020 4.780 88.980
445.030 4.770 80.905
445.040 4.290 89.030
445.050 4.540 83.083
445.060 4.450 86.436
445.070 4.430 85.408
445.080 4.760 85.325
445.100 4.970 76.047
445.120 4.750 84.797
445.130 4.890 79.022
445.140 4.150 88.919
445.150 4.490 78.631
445.160 4.170 84.192
445.170 4.630 80.346
445.180 5.200 67.886
445.190 5.350 72.377
445.200 4.990 72.215
445.210 4.630 68.611
445.220 4.250 83.498
445.230 4.240 89.750
445.240 4.010 85.381
445.250 4.880 72.081
445.260 4.270 80.744
445.270 5.510 61.495
445.280 5.170 71.141
445.290 4.860 73.566
445.310 4.250 88.708
445.320 5.100 64.708
445.330 5.110 59.328
445.340 4.820 73.040
445.350 4.850 76.044
445.360 5.840 60.973
445.370 5.360 79.503
445.380 5.260 84.615
445.390 5.090 89.006
445.400 5.440 78.349
445.430 5.020 84.208
445.440 5.460 79.627
445.460 5.470 81.200
445.470 5.900 70.815
445.490 5.550 88.032
445.500 5.560 87.255
445.510 5.500 64.376
445.550 4.870 73.348
445.560 5.380 72.149
445.570 4.490 87.940
445.580 4.450 75.312
445.590 5.160 81.911
445.600 5.240 70.907
445.610 4.600 79.594
445.620 4.780 87.655
445.630 4.120 81.650
445.640 4.750 78.709
445.650 5.270 76.446
445.660 4.920 72.915
445.670 5.110 69.821
445.680 5.220 74.726
445.690 5.960 54.959
445.710 5.580 76.039
445.720 4.960 76.831
445.730 5.370 74.747
445.740 5.660 69.437
445.750 5.890 88.257
445.760 5.740 78.307
445.770 4.940 73.737
445.780 4.890 77.183
445.790 4.620 74.436
445.810 5.160 72.331
445.920 5.480 85.780
445.950 4.800 79.780
446.310 4.860 83.762
446.330 5.460 89.617
446.390 4.330 81.783
446.470 3.900 86.470
446.490 4.370 88.230
446.550 4.050 86.081
446.570 4.370 88.491
446.580 4.390 79.126
446.590 5.160 89.992
446.630 4.720 88.223
446.680 5.160 88.829
446.720 4.430 87.909
446.730 4.720 80.409
446.760 4.860 89.330
446.780 5.130 81.397
446.830 3.850 89.079
446.870 3.900 83.717
446.960 4.570 87.612
446.980 4.510 89.328
447.100 4.590 89.422
447.110 4.940 71.035
447.120 4.460 89.025
447.590 4.070 87.338
447.900 4.340 63.850
447.940 5.070 84.071
448.240 4.150 88.803
448.260 4.640 89.828
448.290 4.970 89.204
448.370 4.950 85.093
448.380 4.850 87.536
448.460 5.060 83.744
448.470 4.930 84.752
448.500 4.590 84.914
448.520 4.440 72.748
448.530 4.690 87.995
448.540 4.250 87.583
448.560 4.530 86.423
448.570 4.460 84.339
448.590 4.240 84.696
448.730 4.360 85.950
448.840 4.830 72.949
448.850 4.600 84.161
448.860 4.530 77.185
448.910 4.980 85.065
448.930 5.120 71.048
448.960 4.880 79.492
448.970 4.460 81.342
448.980 4.870 87.302
449.010 4.720 65.531
449.020 5.080 71.199
449.030 5.030 87.866
449.040 4.560 54.849
449.050 5.020 40.450
449.060 5.260 39.960
449.070 5.350 46.262
449.080 4.790 37.218
449.090 4.540 61.283
449.100 4.910 31.026
449.110 5.020 32.672
449.120 4.570 70.025
449.140 5.040 70.575
449.150 4.750 76.749
449.160 4.910 63.796
449.170 5.050 71.304
449.180 4.870 40.822
449.190 4.800 83.219
449.200 5.460 49.180
449.210 4.310 69.815
449.220 4.100 69.077
449.240 4.520 62.403
449.250 5.000 61.525
449.260 4.640 80.130
449.270 4.830 74.755
449.280 5.230 80.940
449.290 4.250 80.901
449.310 4.480 65.045
449.320 5.050 37.599
449.330 4.810 73.004
449.340 5.420 61.523
449.350 4.600 43.277
449.360 4.870 39.495
449.370 4.750 68.128
449.380 4.450 55.386
449.390 4.200 71.674
449.400 4.450 64.949
449.410 3.970 78.666
449.420 4.870 70.293
449.430 5.300 84.433
449.440 4.930 88.156
449.450 4.560 87.018
449.460 4.770 84.287
449.470 4.530 63.060
449.480 4.310 60.819
449.490 5.080 54.761
449.500 5.000 76.496
449.510 5.090 75.699
449.520 4.820 72.278
449.530 4.530 83.441
449.540 4.810 69.418
449.550 4.990 85.810
449.560 4.660 86.654
449.570 4.890 75.895
449.580 5.460 82.983
449.590 4.670 75.115
449.600 5.000 83.671
449.610 4.640 61.422
449.630 4.660 69.611
449.640 4.920 51.317
449.650 4.460 71.613
449.660 4.860 55.618
449.670 4.410 59.473
449.680 4.230 79.732
449.690 4.040 46.545
449.700 4.620 59.664
449.710 4.590 49.353
449.720 5.200 42.078
449.730 5.180 36.989
449.740 3.900 35.588
449.750 4.370 83.476
449.760 4.980 78.005
449.780 4.410 59.178
449.790 4.600 60.872
449.800 4.150 55.125
449.810 4.220 87.357
449.820 4.260 89.546
449.830 3.600 42.314
449.840 4.010 40.870
449.850 4.010 56.039
449.860 5.190 65.583
449.870 5.170 70.637
449.880 4.970 84.205
449.890 5.240 57.858
449.900 5.520 80.889
449.910 5.450 83.255
449.920 5.490 73.136
449.930 4.950 72.274
449.940 4.590 71.638
449.960 4.900 62.366
449.970 4.960 82.372
449.980 5.080 68.225
449.990 3.510 72.411
450.010 3.580 50.812
450.020 3.670 89.224
450.030 3.860 39.400
450.040 4.070 35.386
450.050 4.250 43.010
450.060 3.830 36.626
450.070 4.310 42.392
450.080 3.950 41.020
450.090 3.990 44.631
450.100 4.330 61.315
450.110 3.760 21.676
450.120 3.990 44.119
450.130 3.970 45.582
450.140 4.010 31.833
450.150 3.890 44.617
450.160 4.230 37.130
450.170 4.600 30.549
450.180 4.510 26.590
450.190 3.680 15.113
450.200 4.690 15.479
450.210 4.670 40.832
450.220 3.810 41.415
450.230 4.230 53.638
450.240 4.890 42.947
450.250 5.030 37.868
450.260 3.950 55.314
450.270 4.660 58.662
450.280 3.970 52.823
450.290 4.700 24.599
450.300 4.300 64.210
450.310 4.400 53.384
450.320 4.910 89.490
450.330 4.220 43.351
450.340 5.010 60.420
450.350 5.760 67.450
450.360 5.130 51.692
450.370 5.240 47.659
450.380 4.690 59.103
450.390 4.180 79.018
450.400 4.410 50.487
450.410 4.880 67.510
450.430 5.070 60.223
450.440 4.990 72.058
450.450 5.120 55.360
450.460 4.940 46.914
450.470 5.690 36.630
450.480 4.450 24.884
450.490 3.510 38.630
450.500 4.180 21.945
450.510 4.410 43.980
450.520 4.270 50.713
450.530 4.460 52.697
450.540 4.510 66.594
450.550 3.820 87.980
450.580 4.190 61.255
450.590 4.170 49.781
450.600 3.820 57.126
450.610 4.000 47.473
450.620 4.290 31.428
450.630 4.630 40.433
450.640 5.000 60.267
450.650 4.290 50.067
450.660 3.830 26.607
450.670 4.220 59.933
450.680 3.900 37.695
450.690 4.040 42.593
450.700 4.190 36.420
450.710 4.830 42.679
450.720 4.670 44.677
450.730 3.860 12.365
450.740 4.230 43.730
450.750 4.690 61.545
450.760 4.360 39.432
450.770 3.920 32.393
450.780 4.400 31.085
450.790 4.810 42.108
450.800 3.960 17.843
450.810 4.460 32.978
450.820 4.810 40.773
450.830 4.260 28.605
450.840 4.490 68.412
450.850 3.610 76.797
450.860 3.870 69.559
450.870 4.350 49.271
450.880 4.160 52.337
450.890 4.420 88.496
450.900 5.720 74.114
450.910 3.870 52.557
450.920 5.290 40.609
450.930 5.220 70.942
450.940 4.060 38.289
450.950 4.280 41.919
450.960 5.350 89.876
450.970 5.230 65.503
450.980 4.280 43.157
450.990 4.290 41.825
451.000 4.690 59.500
451.010 4.760 32.344
451.020 3.930 48.486
451.030 4.300 38.356
451.040 4.160 25.110
451.050 4.820 46.033
451.060 4.150 20.612
451.070 4.670 52.833
451.080 3.720 30.356
451.090 4.480 34.664
451.100 3.810 25.917
451.110 4.860 69.668
451.120 3.850 51.777
451.130 4.860 50.804
451.140 3.740 63.154
451.150 4.520 49.327
451.160 4.100 49.727
451.170 4.010 49.173
451.180 4.790 70.608
451.190 4.280 46.464
451.200 4.790 68.039
451.210 3.550 68.947
451.220 4.950 57.454
451.230 5.110 52.817
451.240 4.410 59.880
451.250 4.430 82.666
451.260 3.710 38.109
451.270 3.870 35.961
451.280 3.450 40.898
451.290 3.540 25.745
451.300 3.620 25.344
451.310 3.910 31.423
451.320 3.720 18.900
451.330 3.620 20.179
451.340 3.520 28.989
451.350 3.940 24.974
451.360 3.610 26.958
451.370 5.120 83.796
451.380 4.480 86.435
451.390 4.310 46.816
451.400 4.890 6.939
451.410 4.330 66.386
451.420 4.610 38.488
451.430 4.220 41.300
451.440 4.070 67.365
451.450 4.810 42.823
451.460 4.200 22.327
451.470 4.680 21.590
451.480 4.700 48.746
451.490 4.230 55.980
451.500 4.100 38.633
451.510 4.080 48.285
451.520 4.260 29.370
451.530 4.290 52.315
451.540 3.520 46.559
451.550 3.890 86.617
451.560 4.960 76.440
451.580 4.620 75.421
451.590 4.740 78.349
451.600 4.750 80.156
451.610 4.200 14.759
451.620 3.900 60.118
451.630 4.610 64.831
451.640 4.830 44.362
451.650 4.890 43.616
451.660 4.660 58.108
451.670 3.810 51.512
451.680 4.420 56.779
451.690 4.370 33.632
451.700 4.410 56.363
451.710 5.170 46.907
451.720 4.290 28.585
451.730 3.770 45.359
451.740 4.100 16.890
451.750 3.970 17.954
451.760 4.250 51.448
451.770 4.560 58.360
451.780 4.020 65.548
451.790 3.980 41.333
451.800 4.630 83.257
451.810 3.890 39.622
451.820 4.420 54.353
451.830 4.800 56.061
451.840 5.180 36.257
451.860 4.370 76.938
451.870 4.600 72.142
451.880 4.600 77.819
451.890 4.440 61.786
451.900 4.290 42.851
451.910 3.760 45.359
451.920 3.510 62.744
451.930 3.820 85.229
451.940 4.440 51.302
451.950 4.190 65.775
451.960 4.400 40.584
451.970 4.040 61.552
451.980 4.230 79.471
452.000 4.100 87.660
452.010 4.130 52.738
452.020 3.950 50.437
452.030 4.250 31.974
452.040 4.840 48.807
452.050 4.290 44.128
452.060 4.800 72.924
452.070 4.140 71.998
452.080 4.410 89.640
452.090 4.280 49.862
452.100 4.430 24.712
452.110 4.140 29.721
452.120 3.820 68.174
452.130 3.790 74.409
452.140 4.850 75.570
452.160 4.710 69.222
452.170 4.520 79.073
452.180 3.760 64.241
452.190 3.750 80.350
452.200 4.190 48.624
452.210 4.610 70.714
452.220 4.320 47.974
452.230 4.310 60.432
452.240 3.960 50.614
452.250 5.160 66.888
452.260 4.230 72.096
452.270 3.880 51.816
452.280 5.070 76.964
452.290 3.980 84.949
452.300 4.450 71.176
452.310 4.210 74.233
452.320 3.600 48.674
452.330 3.820 81.489
452.340 4.510 45.460
452.350 4.510 44.776
452.360 4.600 67.848
452.370 3.590 70.204
452.380 3.860 44.021
452.390 4.050 63.161
452.400 4.050 53.071
452.410 4.540 59.241
452.420 4.330 12.612
452.430 3.850 42.079
452.450 4.570 17.370
452.460 4.980 49.933
452.470 4.610 40.634
452.480 5.020 49.213
452.490 5.190 67.179
452.570 4.450 87.993
452.680 4.120 80.992
452.690 4.130 67.312
452.700 4.390 52.874
452.710 4.160 65.686
452.720 4.300 41.035
452.730 3.970 35.645
452.740 3.840 34.834
452.750 3.810 72.232
452.760 4.440 61.925
452.770 4.220 65.389
452.780 3.830 56.249
452.790 5.030 53.871
452.810 4.130 63.181
452.860 4.980 87.763
452.900 5.220 86.925
452.910 4.910 89.880
453.050 4.740 87.820
453.210 4.740 89.817
453.440 4.740 79.793
453.470 5.320 80.318
453.490 5.250 84.914
453.530 4.510 88.861
453.720 5.640 87.022
453.790 4.250 82.782
453.830 4.820 84.901
453.840 5.100 85.920
453.860 4.420 85.032
453.890 4.870 84.322
453.930 4.500 86.938
453.960 4.320 70.990
454.400 5.460 88.341
454.410 4.840 89.473
454.430 4.500 87.775
454.450 5.070 74.535
454.670 5.180 82.197
454.710 4.540 68.349
454.780 5.520 85.691
454.820 5.070 68.734
455.040 5.310 84.682
455.140 4.590 80.031
455.200 4.320 85.675
455.210 4.570 87.202
455.220 5.940 76.379
455.250 4.880 88.632
455.400 5.330 77.383
455.480 5.190 75.500
455.490 4.650 64.564
456.950 4.780 88.863
456.970 4.100 88.797
457.440 5.380 88.004
457.460 4.580 84.532
457.470 5.730 69.768
457.490 5.690 61.655
457.500 5.430 89.036
457.510 4.960 80.468
457.520 5.920 72.664
457.530 5.730 75.852
457.540 4.890 82.311
457.550 4.540 77.592
457.560 4.400 76.807
457.570 5.400 68.206
457.580 5.820 81.272
457.600 5.170 65.825
457.610 5.810 52.741
457.620 4.790 84.227
457.630 5.820 72.304
457.640 5.570 65.708
457.650 4.480 83.221
457.690 5.600 72.705
457.700 5.980 68.083
457.710 4.240 81.758
457.720 5.940 74.770
457.730 4.700 77.981
457.740 5.340 73.788
457.800 4.410 72.117
457.810 4.730 82.983
457.820 5.820 72.842
457.840 5.740 55.395
457.850 5.120 61.974
457.860 5.670 68.812
457.890 5.280 87.945
457.900 5.430 86.436
457.910 5.910 88.057
457.920 5.770 87.992
458.000 5.320 84.680
458.030 5.350 82.526
458.040 5.730 59.731
458.060 4.400 81.893
458.070 5.400 68.846
458.080 4.520 86.740
458.110 5.290 74.947
458.120 5.060 43.883
458.130 5.490 89.450
458.140 5.880 39.500
458.150 5.040 71.877
458.160 4.960 78.747
458.170 4.500 89.602
458.180 4.680 68.686
458.200 5.840 72.624
458.220 5.480 81.419
458.230 5.740 68.126
458.240 4.550 89.331
458.250 4.540 72.424
458.260 4.160 82.074
458.280 4.900 79.595
458.290 5.250 74.990
458.300 4.530 77.418
458.310 4.980 74.493
458.320 4.520 80.402
458.330 5.170 71.320
458.340 4.860 76.588
458.350 5.550 71.952
458.360 4.520 80.158
458.370 5.370 77.084
458.380 4.830 83.573
458.390 5.170 68.462
458.400 4.380 86.737
458.410 5.450 80.099
458.420 5.000 87.457
458.430 5.030 67.748
458.440 4.170 73.081
458.450 4.500 86.857
458.470 4.680 83.745
458.480 4.590 83.750
458.490 4.990 65.741
458.500 5.110 72.588
458.510 5.750 75.353
458.520 4.480 89.981
458.530 4.960 71.610
458.540 4.970 71.082
458.550 4.720 77.462
458.560 5.130 66.326
458.570 5.410 70.162
458.580 4.780 63.065
458.590 4.880 68.267
458.600 4.420 84.894
458.610 4.800 89.846
458.620 4.230 59.623
458.630 4.320 82.031
458.640 5.020 70.710
458.710 4.720 89.856
458.760 4.830 76.721
458.840 4.480 69.558
458.960 3.840 88.521
459.070 4.500 73.770
459.450 4.410 63.386
459.460 3.800 60.306
459.480 5.220 77.405
459.520 4.710 60.024
459.530 4.310 38.628
459.540 4.310 49.273
459.550 4.350 44.702
459.560 4.430 57.843
459.710 4.840 38.911
459.940 5.340 85.075
460.020 5.630 86.892
460.240 5.350 84.111
460.330 4.740 88.946
460.540 4.670 86.837
460.550 5.390 77.794
460.560 4.740 89.516
460.570 5.080 76.597
460.620 5.150 86.173
460.640 4.890 86.285
460.690 4.130 89.923
460.730 5.290 88.887
460.770 5.230 80.412
460.780 4.690 85.746
460.790 4.930 78.698
460.800 5.840 65.435
460.810 4.850 81.926
460.820 5.530 77.703
460.830 5.460 89.142
460.840 5.610 80.390
460.860 4.090 78.066
460.870 4.350 89.259
460.880 4.680 82.965
460.910 3.880 84.672
460.920 4.130 68.750
460.930 4.290 88.056
460.940 4.010 81.532
460.950 4.830 81.331
460.970 4.020 89.181
460.980 3.710 43.219
461.010 4.910 52.173
461.020 4.940 58.579
461.030 4.880 85.634
461.040 5.050 32.927
461.050 4.840 47.481
461.060 4.450 81.968
461.070 4.310 73.380
461.080 4.750 81.753
461.090 4.680 71.748
461.100 5.170 54.871
461.110 4.580 75.438
461.120 4.420 41.311
461.130 4.570 69.615
461.140 5.320 55.550
461.150 4.990 42.790
461.160 3.720 72.787
461.170 5.250 46.235
461.180 5.750 48.274
461.190 4.450 56.481
461.200 4.480 79.128
461.210 4.290 50.562
461.220 4.860 78.555
461.230 5.440 83.648
461.240 5.380 88.871
461.250 4.530 79.611
461.290 4.490 76.817
461.300 4.620 83.363
461.310 5.110 89.421
461.400 4.040 50.442
461.410 4.520 60.545
461.420 4.600 77.463
461.430 4.910 65.487
461.440 4.210 56.261
461.450 4.540 49.501
461.460 4.310 86.731
461.470 4.890 32.843
461.480 4.780 55.868
461.490 5.050 55.801
461.510 5.040 58.448
461.520 5.140 75.242
461.650 4.630 81.565
461.980 4.020 85.452
462.470 4.890 86.167
462.480 5.310 76.129
462.500 4.740 83.800
462.530 5.690 77.514
462.550 4.920 82.614
462.560 5.060 82.721
462.570 5.190 74.889
462.580 5.030 67.688
462.590 4.950 79.571
462.600 5.580 71.383
462.610 4.750 87.312
462.620 5.010 76.618
462.630 4.570 69.324
462.640 4.260 79.162
462.670 4.750 87.620
462.680 5.620 62.626
462.920 5.790 48.579
462.930 5.190 52.439
462.940 5.520 69.297
462.950 5.380 60.420
462.960 4.740 79.907
462.970 4.650 87.836
462.980 5.370 66.217
462.990 5.220 70.156
463.000 4.990 71.279
463.010 5.230 76.268
463.020 5.100 82.771
463.030 4.610 75.909
463.040 5.490 75.048
463.050 5.370 78.005
463.060 4.810 74.916
463.070 4.790 84.034
463.080 5.300 69.459
463.090 4.990 75.044
463.100 4.390 83.162
463.110 4.720 78.538
463.120 5.390 78.597
463.130 4.880 79.504
463.150 4.330 87.850
463.160 5.330 75.146
463.170 5.080 68.054
463.180 5.710 56.231
463.190 5.920 43.384
463.210 4.780 70.352
463.220 4.980 66.645
463.230 5.820 50.973
463.240 5.630 69.638
463.250 5.970 54.226
463.270 4.450 77.259
463.280 5.260 71.528
463.290 4.630 77.453
463.310 4.660 70.751
463.320 4.340 81.711
463.330 4.690 77.759
463.340 4.820 76.418
463.350 4.900 86.704
463.360 4.470 85.677
463.370 4.510 82.090
463.380 4.500 89.946
463.390 5.400 87.678
463.400 5.200 72.616
463.410 4.290 81.730
463.420 4.510 83.861
463.430 5.290 81.663
463.440 5.170 83.224
463.450 5.620 60.708
463.460 5.410 58.963
463.480 5.160 73.379
463.490 5.880 84.751
463.510 5.070 82.675
463.520 5.410 69.776
463.530 5.300 84.354
463.540 4.480 85.526
463.550 4.900 80.036
463.560 5.620 63.588
463.570 5.660 58.714
463.590 5.680 72.623
463.600 5.040 79.764
463.620 5.920 54.945
463.630 4.600 84.742
463.650 5.770 53.349
463.680 5.960 51.400
463.690 4.920 67.428
463.700 5.270 64.173
463.710 4.850 80.575
463.720 5.400 69.589
463.730 4.450 76.876
463.740 5.090 85.787
463.820 5.880 79.578
464.100 5.930 56.313
464.380 4.580 86.575
464.670 5.740 81.199
464.890 5.280 82.882
466.530 4.150 74.147
466.600 4.780 89.955
466.620 4.250 83.412
466.680 4.740 89.840
466.730 4.630 88.105
466.830 5.500 89.986
467.220 4.350 84.908
467.260 4.350 81.361
467.360 4.490 89.156
467.410 5.020 78.798
467.430 4.870 85.194
467.440 4.750 74.393
467.450 4.960 74.578
467.460 4.710 80.239
467.470 4.540 89.820
467.490 5.160 83.767
467.510 5.610 83.246
467.530 5.120 87.389
467.540 5.040 86.253
467.550 5.370 59.468
467.560 4.930 82.983
467.570 5.700 82.907
467.590 4.800 68.898
467.600 4.650 82.942
467.610 4.100 80.642
467.620 4.440 79.206
467.630 4.490 82.169
467.640 5.320 88.932
467.680 5.020 81.586
467.710 5.160 74.023
467.760 5.740 82.830
467.770 4.950 84.197
467.830 5.440 74.771
467.870 5.010 73.807
467.880 4.680 74.824
467.940 5.300 89.723
467.950 4.980 84.351
468.000 5.340 80.471
468.050 5.830 86.408
468.070 4.400 80.843
468.220 4.300 84.755
468.310 4.010 86.021
468.370 4.370 81.501
468.450 4.090 86.305
468.460 3.980 85.398
468.540 4.240 87.121
469.120 3.930 83.033
469.320 3.940 89.135
469.350 4.420 89.981
469.690 4.440 74.998
469.700 4.050 78.207
470.160 5.010 87.494
470.240 4.610 80.031
470.260 3.760 56.463
470.760 4.400 89.503
470.890 4.390 86.528
471.220 4.320 89.677
471.270 4.100 88.734
471.490 4.740 88.413
471.610 5.130 73.927
471.630 5.380 65.615
471.640 4.910 41.479
471.850 4.590 85.428
472.280 4.500 71.880
472.400 4.380 58.516
472.410 3.690 65.470
472.420 4.160 51.413
472.430 5.200 49.081
472.440 4.950 70.699
472.600 4.740 87.274
472.890 3.980 76.985
472.970 4.420 88.304
473.180 5.560 80.850
473.190 4.800 87.312
473.200 4.440 64.873
473.210 4.540 46.845
473.220 4.470 88.232
473.230 4.220 86.577
473.240 4.330 74.377
473.250 4.040 65.979
473.260 5.200 33.175
473.270 3.990 50.981
473.290 4.560 75.903
473.300 3.810 48.394
473.310 5.420 61.112
473.320 5.110 76.778
473.330 4.830 52.364
473.340 4.390 56.408
473.350 4.480 63.235
473.360 3.850 55.811
473.370 3.820 53.075
473.380 5.290 87.050
473.390 3.870 59.063
473.400 4.800 57.415
473.410 4.000 34.106
473.420 4.080 50.443
473.430 4.200 28.679
473.440 4.750 51.988
473.450 4.240 70.337
473.460 5.190 48.227
473.470 5.380 52.166
473.480 4.110 37.386
473.490 5.320 61.718
473.500 4.970 42.442
473.510 4.300 43.524
473.520 4.760 62.495
473.530 4.720 64.844
473.540 4.240 72.092
473.600 4.550 86.628
473.610 4.300 66.304
473.620 4.390 40.445
473.630 4.160 50.499
473.640 4.630 27.341
473.650 4.410 86.728
473.660 4.040 57.828
473.670 4.410 76.248
473.680 3.840 86.651
473.690 4.400 82.561
473.700 4.100 80.561
473.710 4.290 38.447
473.720 4.310 62.906
473.730 4.120 64.100
473.740 4.190 81.538
473.750 4.450 51.597
473.760 4.170 78.717
473.770 4.080 55.747
473.780 4.220 58.517
473.790 3.700 70.627
473.800 4.570 51.793
473.810 4.460 87.689
473.820 4.500 83.376
473.850 4.060 77.817
473.860 4.370 55.426
473.870 4.730 33.070
473.880 5.010 25.207
473.890 4.080 67.980
473.900 4.510 76.775
473.910 4.810 73.411
473.920 4.220 41.989
473.930 4.450 27.135
473.940 4.650 44.058
473.950 4.580 55.556
474.000 4.940 82.688
474.070 5.470 89.897
474.100 3.650 84.638
474.480 4.810 83.986
474.570 4.480 89.220
475.200 4.990 75.282
475.210 4.690 85.466
475.240 4.690 76.949
475.280 4.540 83.352
475.290 4.680 81.308
475.310 4.700 80.851
475.330 4.570 86.756
475.350 4.720 78.954
475.360 4.350 87.446
475.430 4.670 88.203
475.440 4.300 86.883
475.450 4.480 82.528
475.470 4.700 89.279
475.510 4.600 88.823
475.520 4.860 86.267
475.540 5.370 73.347
475.550 4.940 80.894
475.560 5.030 83.933
475.570 4.610 88.475
475.580 5.050 68.101
475.590 4.740 79.995
475.610 4.770 70.405
475.630 4.870 76.200
475.650 5.890 81.446
475.660 5.490 67.136
475.680 4.900 83.587
475.690 4.770 89.550
475.700 5.610 60.195
475.710 5.220 73.490
475.720 4.870 76.295
475.730 5.030 58.686
475.740 5.020 76.965
475.750 5.290 74.447
475.760 5.430 77.607
475.790 5.160 67.505
475.800 4.460 79.874
475.810 4.830 78.575
475.820 5.590 78.276
475.830 4.820 85.186
475.840 4.980 66.885
475.850 5.500 82.476
475.860 5.230 78.254
475.870 4.850 72.485
475.880 5.390 39.238
475.890 4.530 53.283
475.900 5.380 57.154
475.910 5.050 48.170
475.920 5.460 72.227
475.930 5.520 77.846
475.940 5.420 74.203
475.950 4.250 42.637
475.960 4.280 73.775
475.970 4.960 56.588
475.980 4.600 55.194
475.990 4.280 58.929
476.000 4.150 34.343
476.010 4.640 57.098
476.020 4.650 21.706
476.030 4.200 34.390
476.040 4.500 48.738
476.050 3.690 38.941
476.060 3.790 45.897
476.070 5.060 62.876
476.080 4.220 82.616
476.090 3.740 54.615
476.100 4.500 44.402
476.110 4.060 59.597
476.120 4.840 44.308
476.130 4.610 44.712
476.140 4.410 58.838
476.150 4.070 54.660
476.160 3.900 48.809
476.170 4.340 62.447
476.180 3.900 43.390
476.190 4.860 50.226
476.200 4.370 57.419
476.210 4.440 52.586
476.220 4.420 46.162
476.230 3.630 41.150
476.240 3.660 50.277
476.250 4.060 63.684
476.260 3.860 46.014
476.270 3.650 51.899
476.280 3.900 30.039
476.290 4.250 43.170
476.300 4.290 29.805
476.310 4.370 39.325
476.320 4.460 35.870
476.330 4.050 33.963
476.340 4.170 73.914
476.350 4.240 55.861
476.370 4.180 62.162
476.380 4.180 45.186
476.390 4.140 40.343
476.400 4.040 51.818
476.410 4.760 62.230
476.420 4.300 68.519
476.430 4.240 66.399
476.440 4.190 33.745
476.450 3.300 70.127
476.460 4.800 43.164
476.470 4.270 46.504
476.480 4.100 50.696
476.490 3.440 16.959
476.500 3.850 60.856
476.510 4.180 66.619
476.520 3.860 43.221
476.530 4.160 85.728
476.540 3.880 65.695
476.550 3.970 41.002
476.560 3.830 43.607
476.570 3.890 55.742
476.580 3.930 40.328
476.590 3.960 38.781
476.600 4.760 76.389
476.610 4.710 61.918
476.620 4.700 72.426
476.630 4.100 44.565
476.640 4.320 47.001
476.650 4.300 47.781
476.660 4.470 50.972
476.670 4.000 52.338
476.680 3.950 34.909
476.690 3.960 55.287
476.700 4.080 34.701
476.710 3.610 24.257
476.720 3.720 13.357
476.730 3.580 22.881
476.740 3.530 24.104
476.750 3.690 35.341
476.760 3.650 22.908
476.770 3.580 6.410
476.780 4.620 52.803
476.790 4.980 54.084
476.800 4.410 44.587
476.810 4.890 52.602
476.820 4.430 59.549
476.830 4.120 71.986
476.840 4.410 66.201
476.850 4.720 61.247
477.050 4.280 85.495
477.060 4.440 85.915
477.180 4.590 88.069
477.400 4.240 86.217
477.960 4.740 81.330
478.010 4.370 88.089
478.130 4.880 87.515
478.150 4.460 80.307
478.190 4.210 86.677
478.200 4.080 89.612
478.280 4.540 88.691
478.310 4.670 83.868
478.630 4.240 88.836
478.660 4.220 79.740
478.740 4.360 84.764
478.770 4.230 86.913
478.800 5.890 80.925
478.830 4.520 83.402
478.840 4.980 85.299
478.910 4.370 88.143
479.050 4.860 85.242
479.080 4.190 85.337
479.290 4.100 83.464
479.800 4.920 84.774
479.830 4.680 88.652
480.840 4.750 66.173
480.860 4.540 60.855
480.870 4.610 53.155
480.880 5.290 61.637
480.890 3.840 69.712
480.900 4.830 75.955
480.920 4.410 85.205
480.950 3.880 87.990
480.960 4.230 67.450
480.990 4.340 83.937
481.000 3.620 68.674
481.010 4.430 83.038
481.020 3.880 65.731
481.030 4.080 49.317
481.100 5.200 65.225
481.110 4.370 55.060
481.170 4.090 87.796
481.520 5.230 82.050
481.670 4.880 88.222
481.790 5.730 84.657
481.800 5.760 76.217
481.810 5.720 88.512
481.900 5.770 70.675
483.890 5.820 59.643
483.900 5.060 66.630
483.910 5.400 56.204
484.060 5.930 75.773
484.200 5.230 72.143
484.220 5.930 59.126
484.670 5.040 88.349
484.710 5.310 51.899
484.790 4.800 83.791
484.800 4.880 41.929
484.810 4.460 59.655
484.820 4.130 51.723
484.830 4.750 30.594
484.840 4.530 38.279
484.850 4.570 40.252
484.860 5.040 55.306
484.880 4.900 54.999
484.890 5.390 82.922
484.960 4.830 72.185
484.970 4.420 21.452
484.980 5.450 65.375
484.990 5.330 47.730
485.250 5.670 81.959
485.440 5.280 65.314
485.450 5.080 84.526
486.230 3.360 79.323
486.250 3.340 88.730
486.310 3.500 86.729
486.350 3.430 65.279
486.360 3.490 51.717
486.370 3.550 60.996
486.380 3.190 34.764
486.390 3.420 60.218
486.400 3.210 74.697
486.430 3.560 89.247
486.440 3.570 66.322
486.450 3.420 87.368
486.460 3.390 79.662
486.500 3.580 76.358
486.510 3.410 89.976
486.520 3.330 88.033
486.530 3.440 88.928
486.550 3.300 36.344
486.560 3.610 85.497
486.580 3.470 72.956
486.610 3.440 63.389
486.630 3.340 88.622
486.660 3.950 89.623
486.690 4.310 89.562
487.010 4.440 85.484
487.610 4.420 84.385
487.750 4.260 82.793
487.890 4.970 89.859
488.130 4.280 88.946
488.140 4.540 82.393
488.210 5.540 85.982
488.320 5.500 88.938
488.600 4.970 78.933
488.670 5.550 85.092
488.770 5.580 82.774
488.830 3.920 89.402
489.200 4.200 57.040
489.210 5.010 33.950
489.220 4.360 30.285
489.230 4.420 33.296
489.240 4.040 58.503
489.280 5.300 80.742
489.290 5.040 69.340
489.300 5.470 66.928
489.320 5.190 26.526
489.330 4.740 33.439
489.930 4.390 83.111
489.980 4.170 89.654
490.130 4.170 88.461
490.680 5.930 89.513
490.940 4.190 84.139
490.960 4.260 83.163
491.150 5.020 75.470
491.270 4.820 53.832
491.280 4.450 45.127
491.300 4.070 36.652
491.310 4.980 73.202
491.320 5.080 85.522
491.330 5.390 78.908
491.360 4.770 89.406
491.400 4.600 86.595
491.480 3.970 81.730
491.490 4.260 40.855
491.500 4.580 69.548
491.510 4.190 88.853
491.520 4.240 81.204
491.540 4.660 80.926
491.550 4.410 73.790
491.560 4.540 46.659
491.570 4.920 57.321
491.630 3.890 67.338
491.640 3.830 31.341
491.650 4.020 26.964
491.670 4.070 45.344
491.680 3.950 40.375
491.690 3.760 44.457
491.700 3.410 66.592
491.710 3.980 60.453
491.720 4.590 73.667
491.730 4.040 79.441
491.740 4.230 78.731
491.750 4.680 83.681
491.890 3.680 44.725
491.900 4.400 70.409
491.910 4.400 31.523
492.160 4.840 76.808
492.190 4.690 89.788
492.310 5.320 85.908
492.340 5.810 67.079
492.430 5.980 59.478
492.440 5.920 72.428
492.450 5.950 87.758
492.540 4.430 78.616
492.590 3.820 87.466
492.660 5.490 79.784
492.680 4.770 81.975
492.710 4.990 88.596
492.720 5.360 76.760
492.740 5.190 85.779
492.800 4.860 78.773
492.820 5.060 83.103
492.830 4.660 86.534
492.840 3.390 50.058
492.950 4.230 80.579
493.030 4.430 87.029
493.290 4.110 88.760
493.590 4.170 87.567
493.790 4.760 86.986
493.940 4.210 81.691
493.950 4.750 89.775
494.050 4.850 82.826
494.060 5.050 78.412
494.120 4.790 80.086
494.130 5.300 79.421
494.160 4.090 88.549
494.220 4.740 80.146
494.310 4.060 88.785
494.320 4.450 84.086
494.360 4.060 84.093
494.370 4.990 84.458
494.380 4.290 83.930
494.400 5.200 84.929
494.530 5.320 81.356
494.540 5.390 89.669
494.570 4.770 80.920
494.590 4.370 73.852
494.620 4.560 75.468
494.650 4.530 78.650
494.760 4.810 83.663
494.840 4.330 73.842
495.150 4.510 83.498
495.340 4.810 86.330
495.750 4.670 89.954
495.810 4.530 83.877
495.830 4.540 65.140
495.890 5.170 76.848
496.100 4.750 65.953
496.140 4.230 89.471
496.430 4.050 87.812
496.710 3.930 87.219
496.970 4.510 88.744
497.000 4.600 87.780
497.150 4.250 87.924
497.500 4.480 88.084
497.520 4.690 87.442
497.580 4.540 86.152
497.600 4.030 84.549
497.620 4.630 88.810
497.670 4.600 82.640
497.730 5.080 89.508
497.890 4.440 87.426
497.950 5.180 84.395
497.960 4.500 82.513
498.170 4.390 88.595
498.510 4.150 86.508
498.870 4.360 88.332
499.100 5.230 48.294
499.120 4.740 89.654
499.390 4.600 77.557
499.670 4.880 84.554
499.830 4.590 86.791
499.890 4.190 88.056
500.310 4.990 88.367
500.560 4.550 66.611
500.580 4.140 87.731
500.650 5.170 85.298
501.040 5.480 72.111
501.060 5.130 74.021
501.070 5.340 66.477
501.080 5.460 62.255
501.090 4.600 78.837
501.100 4.330 84.839
501.110 5.140 82.424
501.130 4.310 81.351
501.140 4.550 77.715
501.150 5.110 73.982
501.160 5.950 50.408
501.170 4.060 84.324
501.180 4.550 75.481
501.190 5.040 80.316
501.210 4.530 85.117
501.220 4.560 73.270
501.230 4.670 78.471
501.240 4.820 87.014
501.250 4.180 76.998
501.260 4.500 85.392
501.270 5.910 63.493
501.280 4.310 76.368
501.290 4.620 81.615
501.300 4.770 76.853
501.310 4.410 82.909
501.320 5.030 82.675
501.330 4.750 72.276
501.340 4.390 86.827
501.370 5.010 87.534
501.390 4.740 82.459
501.400 5.080 83.341
501.450 5.040 88.175
501.470 5.210 82.684
501.490 4.600 84.162
501.500 4.650 53.869
501.510 4.930 81.322
501.520 5.170 88.024
501.530 5.150 73.686
501.540 5.220 70.672
501.560 4.450 74.134
501.570 4.180 88.552
501.580 5.790 54.937
501.590 5.710 64.578
501.600 5.590 79.153
501.610 5.630 72.970
501.630 4.580 81.816
501.640 4.860 74.447
501.650 4.900 68.947
501.690 5.110 88.608
501.700 4.700 79.916
501.710 4.520 77.214
501.730 4.680 79.670
501.740 4.570 78.511
501.750 4.570 80.478
501.760 4.870 79.189
501.770 5.080 80.521
501.780 4.670 75.884
501.790 5.970 58.213
501.810 5.500 84.075
501.820 4.460 84.337
501.830 4.610 71.904
501.840 5.130 85.349
501.850 4.670 75.142
501.860 4.840 65.001
501.870 4.260 82.790
501.890 5.280 78.453
501.900 4.440 86.883
501.910 4.750 87.284
501.920 5.380 65.671
501.930 4.480 85.429
501.950 5.140 71.863
501.960 5.640 62.338
501.970 5.330 77.584
501.980 5.430 69.042
501.990 5.000 77.932
502.000 4.230 76.227
502.010 5.880 84.053
502.020 4.240 70.288
502.030 4.300 84.537
502.040 4.480 80.649
502.050 3.910 84.764
502.060 4.690 79.143
502.070 4.400 78.915
502.090 4.370 84.598
502.100 5.040 71.619
502.110 4.750 82.106
502.120 4.880 81.306
502.150 5.270 63.527
502.170 5.380 59.170
502.180 5.040 65.139
502.190 5.650 85.652
502.290 4.350 75.700
502.300 5.710 75.609
502.500 6.000 39.901
502.510 5.230 46.318
502.550 5.180 52.817
502.560 5.190 59.735
503.920 5.170 63.450
503.930 5.010 71.604
503.940 4.070 73.141
503.950 4.340 72.419
503.960 4.420 58.441
503.970 4.010 79.681
503.990 4.520 83.950
504.010 4.630 76.726
504.100 5.740 67.517
504.110 5.920 54.861
504.130 5.580 59.191
504.150 5.650 67.838
504.240 5.930 55.969
504.260 5.480 89.558
504.430 5.540 89.967
504.440 5.530 86.336
504.530 5.560 84.261
504.540 5.280 87.674
504.550 5.090 86.121
504.560 4.810 72.173
504.570 4.400 75.739
504.590 4.950 68.398
504.600 5.080 68.959
504.620 5.760 67.919
504.690 5.290 85.139
504.730 5.670 71.410
504.740 5.900 79.094
504.770 5.280 81.365
504.790 5.780 72.859
506.040 5.410 80.764
506.050 5.490 75.557
506.060 5.400 72.734
506.070 5.240 87.616
506.080 4.350 74.300
506.090 5.460 81.146
506.100 4.070 65.266
506.110 3.340 73.699
506.120 3.990 49.911
506.130 4.790 64.565
506.140 5.370 59.780
506.150 4.990 67.427
506.160 5.570 84.778
506.170 5.470 81.907
506.260 3.350 75.139
506.280 3.580 53.708
506.290 3.540 78.085
506.300 3.280 69.687
506.310 3.560 74.624
506.320 3.530 67.337
506.330 3.550 69.683
506.340 3.600 67.420
506.350 3.850 64.654
506.360 5.160 70.851
506.370 4.520 68.222
506.380 4.610 76.224
506.390 3.420 79.102
506.400 3.590 61.640
506.410 3.610 64.130
506.430 3.850 75.282
506.440 3.500 76.238
506.450 3.800 83.547
506.460 3.580 82.920
506.470 3.470 89.757
506.480 3.290 81.160
506.490 3.290 87.617
506.500 3.500 77.202
506.510 3.580 89.464
506.540 3.430 85.123
506.550 3.470 75.638
506.650 3.380 86.702
506.670 3.530 75.167
506.680 3.620 86.282
506.710 3.820 84.040
506.720 3.450 88.632
506.750 3.710 82.068
506.760 3.370 71.612
506.770 3.690 84.437
506.780 3.590 74.366
506.790 3.490 77.946
506.810 3.450 73.642
506.820 3.850 77.729
506.840 3.390 86.991
506.870 3.530 69.910
506.880 3.600 67.172
506.890 3.490 81.119
506.900 3.430 86.229
506.930 3.560 86.469
506.940 3.580 83.047
506.970 3.340 77.654
506.990 3.600 89.712
507.010 3.290 86.756
507.020 3.940 83.720
507.030 4.340 73.359
507.040 4.210 76.539
507.050 3.400 89.584
507.090 3.270 81.185
507.100 3.570 82.617
507.120 3.430 87.908
507.160 3.520 88.641
507.170 3.410 72.326
507.180 3.520 89.835
507.190 3.390 88.281
507.220 3.550 89.513
507.240 3.660 84.689
507.280 3.350 86.878
507.290 3.580 89.722
507.310 3.550 85.522
507.320 3.320 80.761
507.340 3.420 75.115
507.350 3.560 83.938
507.370 3.360 77.051
507.400 3.310 84.120
507.410 3.740 89.608
507.450 3.380 88.786
507.470 3.770 80.982
507.480 3.650 80.681
507.490 3.570 82.071
507.500 3.520 86.789
507.520 3.700 59.293
507.600 5.520 79.206
507.610 5.940 79.828
507.630 5.230 81.167
507.640 5.650 84.397
507.650 5.180 83.708
507.660 5.100 77.714
507.670 5.260 70.353
507.680 5.580 59.078
507.690 5.600 81.905
507.700 5.900 63.746
507.710 5.150 77.763
507.720 5.180 64.971
507.740 5.860 76.045
507.850 4.990 76.113
508.130 5.540 88.296
509.130 5.970 84.756
509.310 5.730 76.254
509.610 5.150 79.709
509.630 5.220 79.163
509.750 4.700 89.297
509.840 4.800 86.033
509.850 4.810 88.087
509.860 4.840 76.060
509.870 4.800 84.047
509.880 4.490 78.461
509.890 5.280 81.073
509.900 4.800 84.081
509.910 4.450 81.418
509.920 4.320 86.638
509.930 4.790 64.952
509.960 5.020 74.629
510.120 3.610 86.576
510.130 4.260 79.877
510.160 4.070 88.880
510.340 5.040 84.243
510.350 4.720 80.007
510.370 4.610 76.854
510.380 5.030 71.820
510.390 4.770 83.099
510.400 4.590 83.507
510.420 5.600 75.985
510.430 5.250 82.761
510.440 5.390 83.883
510.450 5.070 89.202
510.470 4.370 67.949
510.480 5.060 70.422
510.490 3.890 86.808
510.500 5.150 87.892
510.510 4.910 83.201
510.520 4.810 88.788
510.530 5.180 78.395
510.560 4.510 79.911
510.570 4.760 87.856
510.680 4.410 88.632
510.690 4.480 65.652
510.720 4.550 58.558
511.050 4.010 87.527
511.130 4.700 83.393
511.210 5.060 75.646
511.360 4.820 86.044
511.430 5.810 81.080
511.440 5.190 75.152
511.450 5.210 76.703
511.460 4.790 65.867
511.470 4.800 69.868
511.480 4.060 87.027
511.490 4.230 88.184
511.510 5.050 75.874
511.520 4.920 83.579
511.530 4.780 81.454
511.540 4.810 75.196
511.550 5.750 66.951
511.560 5.680 67.731
511.570 5.320 69.191
511.580 4.010 85.106
511.590 5.340 63.497
511.600 5.120 69.093
511.620 4.530 67.532
511.630 3.880 79.942
511.640 4.990 65.733
511.650 3.810 81.621
511.820 4.020 80.559
512.110 4.900 75.992
512.370 4.400 79.048
512.650 4.840 87.772
512.670 4.650 89.815
512.760 4.160 63.407
512.830 5.000 86.656
512.840 4.930 70.649
512.850 5.540 80.171
512.920 4.980 79.848
512.930 4.500 62.361
512.940 4.590 69.981
512.950 3.970 62.883
512.960 4.150 19.589
512.970 4.600 64.284
512.980 5.340 82.061
512.990 5.410 68.409
513.050 4.540 86.680
513.110 5.100 78.218
513.120 5.230 80.662
513.160 3.910 82.683
513.170 5.000 89.363
513.180 4.440 89.754
513.220 4.430 87.224
513.240 4.060 82.356
513.270 4.940 84.220
513.280 4.270 88.964
513.830 4.300 89.707
513.870 5.300 88.805
513.900 4.500 83.391
513.950 4.380 50.218
513.960 4.100 72.698
513.970 4.240 62.932
513.980 4.520 60.632
513.990 4.580 45.180
514.000 4.760 25.086
514.010 4.710 70.990
514.020 4.730 54.022
514.030 4.380 55.861
514.040 3.790 27.228
514.050 4.830 49.030
514.060 4.900 55.769
514.070 4.370 61.202
514.140 5.340 88.448
514.430 4.630 83.439
514.520 4.420 67.747
514.530 4.720 57.072
514.540 4.050 53.552
514.550 3.680 65.819
514.560 3.710 62.369
514.570 3.590 44.684
514.580 3.600 78.358
514.590 3.850 79.122
514.600 4.130 59.923
514.610 4.430 62.846
514.620 3.410 52.648
514.630 3.570 14.727
514.640 3.440 73.583
514.650 3.780 32.405
514.660 3.310 72.769
514.670 4.160 81.810
514.680 4.950 72.252
514.690 4.940 73.852
514.700 4.960 77.640
514.720 4.290 87.806
514.780 4.490 80.697
515.000 4.350 82.719
515.100 4.580 88.389
515.120 4.500 73.180
515.150 3.990 18.700
515.280 5.660 84.998
515.360 3.990 78.725
515.370 5.240 37.398
515.380 3.950 27.357
515.390 4.780 35.816
515.400 4.010 39.147
515.410 3.540 21.075
515.420 3.690 35.314
515.430 4.640 23.169
515.440 4.390 62.691
515.450 4.000 51.158
515.460 4.390 63.231
515.470 5.390 37.822
515.480 4.330 43.595
515.490 4.100 59.061
515.530 4.140 87.316
516.110 4.640 89.456
516.130 4.130 88.950
516.620 5.080 50.117
516.630 4.430 79.540
516.640 4.450 37.599
516.650 5.080 28.639
516.660 4.080 74.673
516.670 4.030 84.349
516.680 3.880 63.999
516.690 3.880 48.997
516.700 3.890 32.499
516.710 4.260 45.734
516.720 4.030 39.777
516.730 5.210 44.448
516.740 5.080 87.676
516.810 3.960 88.390
517.550 4.500 86.099
517.870 5.230 66.211
517.880 4.540 73.864
518.010 4.090 88.472
518.060 4.980 83.673
518.070 3.980 87.640
518.510 5.830 77.193
518.520 5.060 47.504
518.530 4.890 70.851
518.540 5.300 58.421
518.550 5.500 55.009
518.560 5.810 66.082
518.580 5.500 51.952
518.590 5.510 52.077
518.790 4.590 69.158
518.840 4.250 88.686
518.930 4.420 77.473
518.980 5.310 81.392
519.000 4.350 85.263
519.150 4.020 84.787
519.180 4.710 86.984
519.540 4.050 82.452
519.560 4.680 88.041
519.840 4.380 88.606
519.910 3.950 88.786
519.940 4.430 89.928
519.960 4.800 88.467
520.040 4.460 87.483
520.150 4.830 72.144
520.160 4.350 59.485
520.250 3.950 86.865
520.340 4.640 73.991
520.610 4.220 89.730
520.680 4.170 86.031
520.750 5.270 76.274
520.810 4.650 72.073
520.940 4.250 87.632
521.150 4.100 87.745
521.240 4.390 88.363
521.290 5.150 89.888
521.360 4.320 87.791
521.570 4.480 72.403
521.590 5.700 81.209
521.750 5.590 83.920
521.820 4.760 85.432
522.100 4.900 57.545
522.300 4.800 84.131
522.400 5.180 84.442
522.490 4.690 65.063
522.500 4.580 81.097
522.550 4.440 86.475
522.560 4.260 87.078
522.590 5.710 85.162
522.620 4.150 87.050
522.660 4.830 74.813
522.840 4.880 80.402
522.980 4.280 89.468
523.030 3.800 86.724
523.230 4.760 85.630
523.240 3.810 32.432
523.250 4.880 85.775
523.260 4.570 85.335
523.270 5.830 79.661
523.290 4.810 85.495
523.330 5.030 89.930
523.340 5.020 83.661
523.350 4.880 72.732
523.360 4.130 58.714
523.390 5.430 82.840
523.420 4.960 75.837
523.440 4.310 80.370
523.450 4.710 87.912
523.460 5.120 81.661
523.530 4.790 79.879
523.550 4.920 89.630
523.640 4.550 88.651
523.740 4.090 89.405
523.750 4.570 81.877
523.870 4.270 88.833
523.960 4.110 89.926
524.050 4.240 79.392
524.170 4.360 88.573
524.220 4.580 86.951
524.230 4.900 80.879
524.240 4.000 86.599
524.260 4.760 82.451
524.280 4.210 79.190
524.330 4.310 88.418
524.390 4.940 84.588
524.410 4.550 85.217
524.430 4.880 82.514
524.440 4.520 64.363
524.470 4.090 86.606
524.480 5.230 81.798
524.500 4.000 79.570
524.520 5.860 60.751
524.630 4.690 88.302
524.650 5.110 82.149
524.670 5.620 89.045
524.690 5.470 73.987
524.720 5.420 86.715
524.800 4.840 64.448
524.810 4.590 77.451
524.820 4.880 63.242
524.830 4.680 69.003
524.840 4.520 64.117
524.860 5.970 69.012
524.900 5.400 89.952
524.910 5.630 85.632
524.930 5.200 83.746
524.950 4.700 75.843
524.990 4.290 84.122
525.000 5.010 85.591
525.020 4.790 79.608
525.040 4.610 82.429
525.050 5.280 71.442
525.060 4.400 78.846
525.070 4.130 88.441
525.080 4.790 76.764
525.090 4.560 89.697
525.100 4.670 74.126
525.110 4.730 67.780
525.120 4.720 80.657
525.130 4.660 78.867
525.140 4.560 60.930
525.150 4.290 85.873
525.160 4.400 77.097
525.170 4.850 80.924
525.190 3.860 79.065
525.290 4.050 87.620
525.300 4.220 85.284
525.360 4.710 80.698
525.380 4.720 81.874
525.410 5.170 88.313
525.460 5.010 87.792
525.510 5.230 88.005
525.560 5.500 70.899
525.570 5.040 64.221
525.580 4.710 55.989
525.590 5.540 66.706
525.600 5.190 63.105
525.610 5.040 65.893
525.620 5.020 75.596
525.630 5.020 89.895
525.640 5.140 88.637
525.650 3.520 61.803
525.660 3.560 61.876
525.670 3.270 42.874
525.680 3.380 55.573
525.690 3.390 59.823
525.700 3.470 56.218
525.710 3.380 70.943
525.720 3.330 56.982
525.730 3.560 55.131
525.740 3.610 32.794
525.760 3.270 61.746
525.770 3.400 62.498
525.780 3.630 48.582
525.790 3.280 71.626
525.800 3.570 42.629
525.810 3.480 58.630
525.820 3.280 72.516
525.830 3.530 65.315
525.840 3.210 65.371
525.850 3.390 58.021
525.860 3.360 68.470
525.870 3.410 50.766
525.880 4.620 16.456
525.910 4.940 88.091
525.920 4.970 72.971
525.930 5.020 86.181
525.950 5.090 86.043
525.960 4.510 88.880
525.970 4.180 79.741
525.980 4.910 77.663
525.990 4.650 85.699
526.040 5.040 84.447
526.090 5.390 76.569
526.150 4.060 89.987
526.290 4.900 86.297
526.330 4.580 87.562
526.450 4.780 83.555
526.460 4.330 54.722
526.480 5.300 89.873
526.490 4.550 67.535
526.510 5.650 89.456
526.520 4.640 82.362
526.550 5.450 88.989
526.610 4.980 79.385
526.650 4.470 78.885
526.670 4.290 77.792
526.730 4.860 79.200
526.740 5.050 82.568
526.760 4.900 55.233
526.770 4.770 80.241
526.780 5.450 71.941
526.790 4.970 82.283
526.800 5.460 69.055
526.840 4.550 87.272
526.860 4.490 80.879
526.870 4.530 50.540
526.900 4.960 74.235
526.910 4.700 75.748
526.920 4.710 81.155
526.930 4.660 76.015
526.940 5.150 72.173
526.950 4.880 70.075
526.960 5.370 66.386
526.970 5.270 55.539
526.990 5.050 79.785
527.010 5.100 80.980
527.020 4.920 75.667
527.030 4.690 77.502
527.050 4.570 85.865
527.060 5.130 77.502
527.210 4.540 86.587
527.240 4.970 89.232
527.260 4.900 77.743
527.270 5.180 45.539
527.280 5.100 68.283
527.300 4.790 78.745
527.310 5.110 62.471
527.340 4.830 83.497
527.460 5.360 83.572
527.470 5.390 89.090
527.490 4.010 62.249
527.540 4.860 84.783
527.630 4.220 85.461
527.640 4.530 79.174
527.710 4.950 82.000
527.730 4.430 89.721
527.760 4.700 86.854
527.810 4.580 87.562
527.860 3.860 86.950
527.950 3.980 88.804
527.960 4.400 89.713
527.990 4.670 85.429
528.050 5.220 57.986
528.060 4.940 47.378
528.080 3.870 42.446
528.090 4.320 62.391
528.130 5.090 83.661
528.170 4.690 80.894
528.190 4.100 86.350
528.210 4.130 81.906
528.290 5.480 88.389
528.310 4.410 80.566
528.320 4.760 76.780
528.380 4.230 71.283
528.440 5.000 76.663
528.450 4.150 75.538
528.480 4.340 87.160
528.530 4.160 88.265
528.550 4.190 87.309
528.570 4.020 80.161
528.590 4.570 82.581
528.620 4.880 89.905
528.630 4.710 81.605
528.640 4.850 88.508
528.670 5.150 86.850
528.680 5.010 83.862
528.690 4.320 81.134
528.700 5.230 87.422
528.710 5.580 85.960
528.740 5.000 76.138
528.770 5.600 82.463
528.790 4.790 87.322
528.820 4.980 76.745
528.860 4.440 87.444
528.890 4.390 89.710
529.010 5.050 89.247
529.040 5.100 89.437
529.070 5.340 87.304
529.220 4.990 72.499
529.230 5.250 83.582
529.240 4.930 89.090
529.280 4.560 89.125
529.290 4.130 83.995
529.300 4.750 84.164
529.330 4.210 86.299
529.370 4.330 63.114
529.380 5.130 66.564
529.390 5.060 84.816
529.400 4.860 81.981
529.410 4.670 74.968
529.480 4.800 71.039
529.500 4.600 87.215
529.510 5.150 85.514
529.530 4.740 89.599
529.620 5.360 82.453
529.660 4.170 87.756
529.680 4.540 81.831
529.690 4.920 88.490
529.710 5.300 78.963
529.750 5.060 82.146
529.770 4.520 86.767
529.800 4.240 87.877
529.820 4.310 82.619
529.840 4.410 85.526
529.860 4.700 73.148
529.920 3.740 89.865
529.970 4.900 77.389
529.990 4.790 86.713
530.000 4.270 89.907
530.010 4.880 85.589
530.210 5.480 74.814
530.220 5.050 75.491
530.230 5.190 66.485
530.240 4.990 83.931
530.250 4.390 88.433
530.260 4.610 79.649
530.270 4.670 67.281
530.280 4.930 75.272
530.290 5.620 68.613
530.300 4.850 78.264
530.310 5.310 69.486
530.330 4.720 84.746
530.340 4.460 81.932
530.350 5.230 71.879
530.360 4.500 79.766
530.370 4.850 67.121
530.380 4.950 76.305
530.390 5.150 68.054
530.400 4.900 82.991
530.410 4.690 80.724
530.420 4.790 75.567
530.430 5.130 71.259
530.440 4.910 70.159
530.450 5.360 60.935
530.460 5.500 72.684
530.470 4.440 82.542
530.480 4.790 60.078
530.490 4.360 85.714
530.500 4.610 74.459
530.510 4.220 82.966
530.520 5.040 61.197
530.530 4.500 73.906
530.540 4.600 85.734
530.550 4.610 62.150
530.560 5.260 74.940
530.570 5.440 71.796
530.580 5.110 68.278
530.590 5.040 72.370
530.600 4.630 77.388
530.610 5.200 87.849
530.620 5.060 81.507
530.630 5.150 70.749
530.640 4.360 84.970
530.650 5.080 73.849
530.680 6.000 74.887
530.700 5.680 72.694
530.710 5.650 83.825
530.730 5.810 83.262
530.750 4.770 72.296
530.760 4.630 88.746
530.770 5.020 62.831
530.790 5.000 80.729
530.800 4.570 87.730
530.810 5.100 86.942
530.820 4.650 77.907
530.830 4.580 85.134
530.840 4.060 75.001
530.850 4.560 63.144
530.860 4.410 85.091
530.870 4.440 81.779
530.880 4.550 79.179
530.890 4.510 89.796
530.900 4.590 84.359
530.920 4.730 88.141
530.950 4.650 75.933
530.970 4.440 87.036
530.980 4.330 81.676
531.000 4.580 83.766
531.020 4.620 84.852
531.060 5.730 65.100
531.070 4.660 76.533
531.080 4.500 77.031
531.090 5.010 69.541
531.100 4.340 82.074
531.110 4.460 84.305
531.120 4.490 82.491
531.130 3.920 86.449
531.140 4.690 77.709
531.150 4.350 77.697
531.160 4.840 81.218
531.170 4.430 81.199
531.190 4.670 78.703
531.200 4.820 81.152
531.210 4.950 81.675
531.220 4.860 86.547
531.230 5.010 76.227
531.240 4.230 85.347
531.250 4.900 79.352
531.260 5.390 72.490
531.270 4.250 86.747
531.280 4.760 76.723
531.310 4.500 89.037
531.320 5.600 69.004
531.330 4.400 88.381
531.340 4.690 89.303
531.350 5.200 66.025
531.360 5.480 65.272
531.370 5.820 54.293
531.380 4.570 74.330
531.390 4.890 72.667
531.410 3.850 86.459
531.420 4.350 80.247
531.430 4.540 83.805
531.440 4.410 80.229
531.450 5.410 63.917
531.460 4.670 73.391
531.470 4.280 75.234
531.480 4.490 87.378
531.490 4.550 81.199
531.500 4.290 88.406
531.510 4.320 80.196
531.520 4.300 80.669
531.530 4.770 89.752
531.540 4.530 72.771
531.550 4.490 84.212
531.560 4.720 75.906
531.570 4.830 73.729
531.600 5.070 70.543
531.610 4.600 84.710
531.620 4.150 85.766
531.640 4.930 83.494
531.650 4.960 66.649
531.660 3.850 89.735
531.670 5.080 87.069
531.680 4.300 84.970
531.690 4.460 74.071
531.700 4.150 81.185
531.720 5.020 83.849
531.730 5.480 76.077
531.740 4.750 81.993
531.750 4.690 75.329
531.760 4.790 87.784
531.780 4.700 89.897
531.790 4.490 82.655
531.800 4.850 67.879
531.810 4.860 79.213
531.840 4.380 84.284
531.850 4.610 69.186
531.860 4.120 79.626
531.870 4.830 88.030
531.880 4.230 83.655
531.890 4.730 83.657
531.900 4.430 86.681
531.920 4.430 88.475
531.930 4.870 82.730
531.940 4.480 82.352
531.950 4.740 68.024
531.960 5.520 63.649
531.970 5.170 63.788
531.980 4.960 77.849
531.990 4.780 69.046
532.000 4.120 81.859
532.020 4.610 86.632
532.030 4.740 89.050
532.050 4.630 82.164
532.060 4.920 75.718
532.070 4.700 75.487
532.080 4.800 71.349
532.090 5.020 85.127
532.100 4.810 89.168
532.120 5.500 73.218
532.200 5.190 87.398
532.210 5.150 83.168
532.220 4.540 80.832
532.280 4.860 89.589
532.360 4.730 86.045
532.370 4.140 79.182
532.400 5.080 87.476
532.410 4.460 89.574
532.450 3.970 88.865
532.470 4.760 79.873
532.480 4.470 82.809
532.500 4.240 89.114
532.520 4.360 79.639
532.550 5.120 86.534
532.570 4.590 78.038
532.610 5.550 82.876
532.620 5.500 78.465
532.630 5.490 84.438
532.640 4.880 83.366
532.660 4.880 79.346
532.670 4.980 73.908
532.680 5.020 85.866
532.690 4.910 68.426
532.710 5.040 83.739
532.720 5.140 75.950
532.730 4.520 55.380
532.740 4.510 68.769
532.750 4.550 68.310
532.770 4.030 79.692
532.780 4.570 74.644
532.790 5.050 88.475
532.810 4.150 81.920
532.820 4.740 87.663
532.830 4.880 86.819
532.840 4.970 75.138
532.850 5.160 87.535
532.860 5.260 89.769
532.870 5.160 83.999
532.890 4.980 85.562
532.900 4.800 82.858
532.920 4.540 81.177
532.930 4.580 75.749
532.940 4.660 78.829
532.950 5.270 86.734
532.960 4.690 74.496
532.970 5.630 77.710
532.990 5.440 65.123
533.000 5.580 75.422
533.010 5.370 59.563
533.020 5.690 66.793
533.030 4.360 67.533
533.040 5.630 73.880
533.050 4.570 66.890
533.060 4.930 77.058
533.080 5.220 89.408
533.090 4.810 79.575
533.100 5.120 79.579
533.110 4.750 67.630
533.120 4.610 71.338
533.130 4.690 79.297
533.140 5.820 88.385
533.170 5.540 84.342
533.180 5.060 86.031
533.200 5.240 83.797
533.210 5.220 82.718
533.220 5.510 87.185
533.230 5.440 80.876
533.240 5.370 70.667
533.250 5.430 75.169
533.260 5.700 69.276
533.280 5.160 82.423
533.300 4.960 82.258
533.320 4.710 76.113
533.330 4.990 75.153
533.350 4.280 81.485
533.370 5.020 86.858
533.380 4.660 72.721
533.390 4.930 83.158
533.430 5.130 80.264
533.470 5.490 89.028
533.480 4.960 86.868
533.520 5.120 82.251
533.560 4.840 82.135
533.680 4.760 85.603
533.730 3.800 89.086
533.760 4.490 88.855
533.770 5.300 84.323
533.790 4.580 89.494
533.800 5.140 78.028
533.820 4.300 87.314
533.840 4.450 85.447
533.860 4.410 82.007
533.920 4.580 87.250
533.940 4.050 81.273
534.000 4.180 89.275
534.050 4.880 89.634
534.060 4.900 71.740
534.080 4.220 84.645
534.090 3.890 85.223
534.130 3.990 88.315
534.270 4.260 68.185
534.280 3.410 77.698
534.290 4.030 86.097
534.320 5.780 79.773
534.330 5.650 59.389
534.340 5.920 62.770
534.350 5.570 43.891
534.360 5.690 61.604
534.370 5.590 75.285
534.380 5.440 83.926
534.430 5.690 75.844
534.440 5.720 77.441
534.450 5.680 67.317
534.460 5.570 71.288
534.470 5.520 49.124
534.480 5.640 64.055
534.490 5.690 41.659
534.500 5.730 68.222
534.510 5.090 73.511
534.520 4.820 82.384
534.540 5.780 57.438
534.550 5.400 64.892
534.560 5.640 74.396
534.610 5.660 62.325
534.670 5.900 63.623
534.680 5.650 72.922
534.700 5.670 56.277
534.720 5.420 75.316
534.750 5.810 68.856
534.770 5.580 85.759
534.780 5.220 77.809
534.790 5.370 54.350
534.800 5.920 50.545
534.810 5.470 58.887
534.820 5.200 70.033
534.830 5.690 75.310
534.850 5.460 68.043
534.860 5.950 71.037
534.870 5.250 75.526
534.890 5.830 66.935
534.910 5.450 79.839
534.950 5.690 87.800
534.960 5.680 69.556
534.970 5.910 83.402
535.000 5.740 66.532
535.010 5.790 57.088
535.040 5.030 84.725
535.050 5.600 65.473
535.150 5.650 83.921
535.170 5.280 73.125
535.210 4.700 87.557
535.230 5.710 83.351
535.250 4.850 74.023
535.270 5.240 75.790
535.280 5.890 81.880
535.300 5.760 80.941
535.310 5.470 65.792
535.320 5.030 88.974
535.330 5.170 72.259
535.570 5.990 88.599
535.630 5.740 77.223
535.640 5.270 50.183
535.650 4.640 67.098
535.660 4.980 72.836
535.670 5.520 67.134
535.680 5.690 75.222
535.690 5.380 72.399
535.700 5.940 60.806
535.730 5.960 59.588
535.740 4.970 88.886
535.750 4.890 82.178
535.760 4.410 73.116
535.770 5.090 72.061
535.780 5.520 88.366
535.840 5.660 75.408
535.850 5.860 87.990
535.880 5.760 79.507
535.890 5.770 68.111
535.900 5.060 85.918
535.910 5.490 82.588
535.930 5.160 52.856
535.940 4.910 88.158
535.960 5.610 62.450
535.970 5.240 87.606
535.990 5.440 42.595
536.000 5.890 53.290
536.010 5.990 79.687
536.020 5.500 77.607
536.040 5.740 66.266
536.050 5.760 62.114
536.060 5.120 78.494
536.070 5.730 50.990
536.130 5.650 66.829
536.140 5.180 52.132
536.150 4.890 76.228
536.200 4.700 88.278
536.210 5.730 69.191
536.260 5.470 45.437
536.270 5.010 70.822
536.280 5.660 75.902
536.290 5.300 57.240
536.380 5.380 79.468
536.400 5.470 48.573
536.410 5.570 58.550
536.420 5.810 51.876
536.430 5.730 52.056
536.440 5.440 73.414
536.450 4.980 58.112
536.490 5.910 66.172
536.520 5.460 40.949
536.530 5.170 79.551
536.580 5.800 34.617
536.630 5.760 41.024
536.640 5.790 13.449
536.650 5.970 44.695
536.660 5.140 84.749
536.730 5.520 68.772
536.750 5.980 64.212
536.760 5.980 57.154
536.780 5.920 83.589
536.840 5.590 81.559
536.860 4.950 87.284
536.870 5.910 80.167
536.910 5.150 79.668
536.920 4.590 86.897
536.940 5.990 58.521
536.960 5.230 78.677
536.970 5.510 88.247
536.980 4.660 72.784
536.990 5.490 77.530
537.000 5.550 80.241
537.010 5.890 81.993
537.030 5.580 55.986
537.040 5.670 87.638
537.070 5.750 73.393
537.080 5.280 63.786
537.100 5.780 43.747
537.110 5.160 85.991
537.130 5.330 58.858
537.140 5.850 46.723
537.200 5.960 15.321
537.210 4.920 47.160
537.220 5.490 86.331
537.300 5.230 84.934
537.310 5.350 53.151
537.350 4.560 78.946
537.450 5.710 43.353
537.460 4.970 51.639
537.500 5.220 80.947
537.510 4.770 31.291
537.520 4.850 39.761
537.530 4.430 65.582
537.540 5.210 47.344
537.570 5.000 86.592
537.590 4.430 86.983
537.610 5.700 83.011
537.620 5.400 75.196
537.630 5.110 50.694
537.750 4.840 65.362
537.760 4.140 70.651
537.780 4.430 67.662
537.790 4.070 75.598
537.810 4.530 88.134
537.820 5.210 76.001
537.830 5.840 82.386
537.840 5.080 74.997
537.860 5.520 87.024
537.920 5.310 43.873
537.930 4.740 65.274
537.970 5.660 85.123
537.980 5.420 86.584
537.990 5.340 82.968
538.040 4.410 89.859
538.090 5.760 76.847
538.140 5.820 44.957
538.150 4.920 89.615
538.160 4.930 79.124
538.170 5.240 66.448
538.180 4.930 70.084
538.190 5.180 55.469
538.200 4.350 85.566
538.290 4.480 75.537
538.310 5.080 49.680
538.320 5.940 83.620
538.420 4.280 78.249
538.540 5.280 55.480
538.700 5.400 85.608
538.800 5.950 81.275
538.970 5.030 58.031
539.010 5.020 88.352
539.020 4.790 78.064
539.030 4.860 73.993
539.050 5.220 84.371
539.060 5.180 62.084
539.070 5.100 81.163
539.090 4.570 35.726
539.110 4.910 87.143
539.120 4.350 79.925
539.130 4.730 77.254
539.150 4.840 89.643
539.160 5.350 82.762
539.170 4.680 84.240
539.430 5.560 81.492
539.450 5.760 68.351
539.460 5.390 57.630
539.470 5.540 87.083
539.480 5.580 73.825
539.490 5.520 75.435
539.500 5.470 66.503
539.550 5.560 86.638
539.590 5.170 88.954
539.630 5.470 63.030
539.640 4.540 72.869
539.730 4.950 70.778
539.740 5.740 88.768
539.870 5.630 57.070
539.970 4.520 77.336
539.980 4.450 74.101
540.080 5.570 82.156
540.090 5.440 88.208
540.100 5.860 50.174
540.160 4.380 78.524
540.170 4.130 89.129
540.180 4.940 79.046
540.190 4.490 81.517
540.230 5.060 89.857
540.270 4.550 87.835
540.300 5.880 80.224
540.360 5.960 66.339
540.370 4.910 74.420
540.380 4.360 84.929
540.410 5.570 87.619
540.440 4.380 84.937
540.450 4.630 80.414
540.520 6.000 49.694
540.530 4.440 62.168
540.540 5.500 35.410
540.550 5.940 57.456
540.560 5.760 81.912
540.580 5.360 85.113
540.610 5.150 88.175
540.630 4.430 78.292
540.640 4.860 46.657
540.650 4.730 88.773
540.670 5.130 69.008
540.690 4.900 84.442
540.750 4.510 89.703
540.830 5.360 80.878
540.850 5.720 88.365
540.870 5.080 63.804
540.900 4.910 66.677
541.020 4.950 67.427
541.030 5.110 77.791
541.050 4.540 89.906
541.060 4.980 52.251
541.070 5.430 37.748
541.080 5.030 45.356
541.090 4.440 69.474
541.100 5.110 88.314
541.150 5.670 40.192
541.180 5.490 58.947
541.200 5.020 89.085
541.320 5.420 82.788
541.330 4.970 87.990
541.340 5.710 88.983
541.350 4.530 64.870
541.370 5.620 66.768
541.380 5.270 48.704
541.390 3.610 46.459
541.400 3.930 51.881
541.410 3.830 62.258
541.420 4.560 55.818
541.430 4.870 36.409
541.440 3.580 59.702
541.450 5.150 46.904
541.460 4.540 50.914
541.470 4.890 72.584
541.490 4.220 57.257
541.500 4.310 61.302
541.510 4.900 56.840
541.570 4.260 75.255
541.580 5.430 52.805
541.590 5.490 55.273
541.600 4.720 64.884
541.690 5.680 79.756
541.710 5.640 43.490
541.720 5.510 48.156
541.730 4.210 64.093
541.740 5.760 47.562
541.750 5.400 65.410
541.760 5.200 55.728
541.770 5.710 47.206
541.780 4.880 50.510
541.790 4.430 59.579
541.800 4.600 63.502
541.810 4.450 71.957
541.820 4.110 78.948
541.920 4.980 77.526
541.940 4.110 74.311
541.970 4.020 84.892
542.030 4.830 85.434
542.060 4.340 89.326
542.080 4.640 45.003
542.090 5.400 34.746
542.100 4.720 52.662
542.110 4.440 53.970
542.280 5.480 78.769
542.290 5.150 50.204
542.300 5.160 81.930
542.350 4.480 83.684
542.360 4.590 65.373
542.380 4.880 64.754
542.400 5.520 81.765
542.410 5.250 84.360
542.420 5.450 76.934
542.440 5.360 68.472
543.360 5.540 47.173
543.520 5.970 66.845
543.530 5.800 56.142
543.540 5.470 67.467
543.570 4.330 87.745
543.690 5.790 71.551
543.700 5.430 71.511
543.710 5.500 59.253
543.720 5.860 72.307
543.730 5.870 54.924
543.740 5.760 46.188
543.750 5.370 76.660
543.760 5.080 80.048
543.770 5.320 58.828
543.790 5.700 77.132
543.800 5.690 79.291
543.880 4.550 82.301
543.980 5.930 79.767
544.020 5.060 82.467
544.040 4.950 81.442
544.050 4.410 75.310
544.070 5.490 82.024
544.080 4.760 82.270
544.090 4.690 89.897
544.100 4.790 88.121
544.120 4.180 82.808
544.160 4.540 82.643
544.170 4.120 86.393
544.180 4.250 85.548
544.190 5.380 88.254
544.210 4.850 75.321
544.220 4.420 83.547
544.230 4.890 62.697
544.260 5.860 64.304
544.310 4.840 89.111
544.320 5.160 51.053
544.350 4.530 85.955
544.360 4.120 85.643
544.390 4.960 86.985
544.480 4.970 85.995
544.490 4.460 85.052
544.500 4.440 86.671
544.540 3.990 88.049
544.570 4.810 73.489
544.600 4.550 88.301
544.720 5.210 86.192
544.750 4.430 71.953
544.780 4.810 88.638
544.820 5.300 78.367
544.840 5.770 87.898
544.870 4.720 82.209
544.920 4.810 87.194
545.050 4.690 84.694
545.190 5.880 85.832
548.640 5.850 89.980
548.690 5.670 64.822
548.700 5.700 71.550
548.710 4.700 88.956
548.720 5.320 74.953
548.750 5.330 80.872
548.760 4.500 81.584
548.770 5.980 83.547
548.840 4.890 71.980
548.850 4.140 89.254
548.880 4.730 79.824
548.890 4.570 79.906
548.900 4.600 87.177
548.910 5.810 53.946
548.920 4.730 74.305
548.940 5.910 65.100
548.960 5.750 81.916
549.070 4.470 86.561
549.080 4.870 86.644
549.100 5.290 87.779
549.210 4.290 72.275
549.220 4.390 89.536
549.230 4.030 37.943
549.270 4.090 86.177
549.350 4.670 79.777
549.470 4.220 88.117
549.500 3.900 85.744
549.520 4.380 79.690
549.530 4.860 83.108
549.540 5.320 88.185
549.590 5.790 83.441
549.620 5.390 51.001
549.650 4.610 66.726
549.690 4.210 84.903
549.990 3.880 50.955
550.000 4.250 43.616
550.010 4.430 53.834
550.020 4.860 64.952
550.030 3.830 47.328
550.040 4.520 44.796
550.050 3.730 52.583
550.300 3.820 88.831
550.430 5.000 87.479
550.530 4.050 87.955
550.610 5.130 81.394
550.620 4.110 78.974
550.670 4.890 87.724
550.700 5.200 89.295
550.750 4.560 82.601
550.980 4.490 70.646
550.990 4.870 87.943
551.080 4.780 77.889
551.310 4.500 89.391
551.540 4.610 89.945
551.680 5.400 81.065
551.810 4.600 77.989
551.850 4.790 81.261
551.870 4.560 72.033
557.880 5.850 25.202
558.710 5.450 65.900
558.730 5.940 83.832
558.740 5.110 73.293
558.750 5.540 64.756
558.760 5.230 80.854
558.770 5.160 73.071
558.780 5.910 75.463
558.810 4.860 83.479
558.860 5.130 86.309
558.890 5.220 75.581
558.950 5.170 43.719
558.960 4.920 61.304
558.990 3.570 80.111
559.210 4.830 89.846
559.330 4.090 81.543
559.340 4.660 84.196
559.370 5.070 83.334
559.390 5.500 80.600
559.420 3.890 88.586
559.510 4.860 72.751
559.670 5.520 89.647
559.960 4.390 85.218
559.970 4.800 87.497
559.980 5.050 89.682
560.050 4.060 89.495
560.060 5.240 84.347
560.080 4.380 78.640
560.160 4.650 81.635
560.200 4.950 78.344
560.210 5.130 60.150
560.230 4.540 78.056
560.250 5.110 68.380
560.260 4.790 77.756
560.270 4.250 49.285
560.280 4.760 85.913
560.310 4.820 71.762
560.330 4.040 78.498
560.350 4.710 82.378
560.370 4.720 83.610
560.420 5.310 78.764
560.450 5.230 72.516
560.470 4.990 80.617
560.480 5.600 86.194
560.570 5.160 84.809
560.640 4.490 87.349
560.650 4.230 76.812
560.700 4.810 81.162
560.790 4.330 88.612
560.820 4.410 81.740
560.860 4.420 72.042
560.870 5.360 87.770
561.310 5.010 73.168
561.390 5.250 84.863
561.810 5.020 83.997
561.950 3.940 84.034
562.190 4.850 89.729
562.440 5.820 82.555
562.700 5.120 89.561
562.720 5.250 65.987
562.790 4.350 89.017
563.010 4.530 88.787
563.070 4.950 81.383
563.160 4.090 86.823
563.260 4.260 77.759
563.280 4.290 86.269
563.480 4.070 85.350
563.510 4.740 88.230
563.620 5.170 88.654
569.620 4.120 89.850
569.710 4.390 89.816
569.770 4.630 89.091
569.780 4.030 88.227
569.800 5.040 84.995
569.810 4.320 83.468
569.990 4.380 89.827
570.010 4.010 87.303
570.070 4.060 73.794
570.160 4.050 86.326
570.170 4.380 82.479
570.200 4.530 79.931
570.240 3.900 89.950
570.330 4.320 89.805
570.360 4.580 80.363
570.420 3.980 87.986
570.610 4.180 85.897
570.910 4.620 89.526
571.620 4.670 76.499
571.630 4.660 88.040
571.650 4.540 86.480
571.740 4.530 88.163
571.750 3.690 79.117
571.760 4.430 73.357
571.780 4.110 79.114
571.790 3.900 83.557
571.800 4.680 83.731
571.820 5.290 82.993
571.830 5.420 83.644
571.860 4.970 77.815
571.870 5.950 89.802
571.910 5.830 78.732
571.940 4.870 89.635
571.950 4.890 80.669
571.960 4.350 83.258
571.970 5.150 86.120
572.010 4.210 77.510
572.020 4.490 60.636
572.050 4.030 85.379
572.060 4.030 83.891
572.080 4.420 87.736
572.100 4.070 85.041
572.110 4.130 76.324
572.140 4.340 79.125
572.170 4.540 86.603
572.190 5.220 89.801
572.260 4.320 87.848
572.320 4.280 89.918
572.340 4.110 89.673
572.360 4.460 87.970
572.370 4.400 89.776
572.420 4.020 85.737
572.430 4.240 82.619
572.470 4.150 87.967
572.630 4.150 89.503
572.720 3.980 89.226
572.910 4.000 85.835
572.940 4.470 89.647
573.130 4.220 83.475
573.170 4.930 85.818
573.390 4.930 87.074
573.450 4.400 85.537
573.570 4.060 87.257
573.620 3.920 79.337
573.690 4.520 88.708
573.730 3.930 81.684
573.740 4.010 82.857
573.760 3.860 87.604
573.780 3.870 85.666
573.790 4.090 86.506
573.870 4.010 88.613
573.920 4.820 88.469
574.110 4.140 82.108
574.780 3.800 88.482
574.990 4.100 84.560
575.030 4.810 86.536
575.100 4.010 86.696
575.200 4.580 87.341
575.210 5.030 88.478
575.220 5.090 79.695
575.230 5.340 84.772
575.310 5.170 88.902
575.320 5.130 82.869
575.330 4.850 86.312
575.360 5.450 66.691
575.370 4.870 85.258
575.390 4.570 85.427
575.440 5.060 87.192
575.460 5.300 72.280
575.470 4.650 71.184
575.480 5.200 86.510
575.500 4.270 85.727
575.510 5.710 82.438
575.570 4.760 81.904
575.580 5.050 80.433
575.590 5.200 79.486
575.650 4.640 88.263
575.730 5.090 81.522
575.860 5.220 76.332
575.870 4.630 89.824
576.090 4.620 87.794
576.100 3.650 85.753
576.120 3.920 87.931
576.260 4.210 89.810
576.420 4.680 81.511
576.470 4.920 88.230
576.480 4.620 87.066
576.510 5.130 69.615
576.550 4.350 79.851
576.580 4.050 60.031
576.590 3.880 82.184
576.610 4.170 79.939
576.620 4.390 89.204
576.930 3.890 89.114
577.070 3.850 86.127
577.180 4.130 79.338
577.410 4.410 89.681
577.430 4.700 83.125
578.070 5.810 88.288
578.390 5.390 88.746
578.700 4.650 88.396
578.820 4.800 84.109
578.910 5.860 79.905
579.200 5.740 74.966
579.320 5.310 77.037
579.450 5.030 88.964
579.890 4.440 84.277
580.450 4.730 82.993
580.480 4.540 82.082
580.500 4.620 89.518
580.570 4.600 86.853
580.830 4.250 83.750
581.030 4.830 49.031
581.050 4.650 52.758
581.100 4.130 82.087
581.290 4.860 73.866
581.310 5.500 65.822
581.320 5.480 74.892
581.350 4.840 59.777
581.370 4.380 71.147
581.380 4.660 84.181
581.400 4.390 67.323
581.410 4.310 78.842
581.420 5.010 68.097
581.430 5.380 62.498
581.440 4.510 83.360
581.460 5.190 62.195
581.470 5.420 71.589
581.480 5.050 80.467
581.490 4.800 78.160
581.500 5.530 60.902
581.510 5.640 60.664
581.520 5.250 77.302
581.540 5.130 56.293
581.610 3.870 84.045
581.640 5.610 81.048
581.700 4.880 87.157
581.980 4.630 72.680
581.990 4.980 88.589
582.050 4.670 77.637
582.060 4.650 83.571
582.100 4.880 50.239
582.110 4.980 66.348
582.120 4.620 63.579
582.130 4.600 58.188
582.140 4.590 50.829
582.170 4.620 49.163
582.190 3.950 31.022
582.200 3.680 43.479
582.210 3.610 47.067
582.220 3.640 21.357
582.230 4.380 64.056
582.240 4.250 47.075
582.250 4.350 84.847
582.570 4.110 85.451
582.580 4.320 73.383
582.600 4.750 84.060
582.610 4.740 81.159
582.800 4.460 84.884
583.620 4.330 89.744
584.090 4.610 88.935
584.150 4.370 88.431
584.230 3.700 84.049
584.400 4.290 69.247
584.550 4.090 81.019
584.560 3.860 85.037
584.660 3.870 80.332
584.670 4.220 70.698
584.700 4.980 80.613
584.710 5.140 75.640
584.730 5.260 83.398
584.740 5.410 53.058
584.750 5.010 59.999
584.760 4.890 52.126
584.770 5.780 48.113
584.780 5.240 49.430
584.800 5.590 56.648
584.820 3.720 76.616
584.830 5.320 70.012
584.850 4.520 77.443
584.860 4.260 64.184
584.870 5.110 78.123
584.880 4.920 85.516
584.890 5.070 86.666
584.910 4.960 72.416
584.930 4.690 55.132
584.950 5.710 44.700
584.960 4.090 73.269
584.970 4.270 27.602
585.000 5.860 77.854
585.020 5.260 44.306
585.040 4.590 82.798
585.060 5.480 45.358
607.320 5.540 76.219
607.330 5.730 84.632
607.360 5.940 85.797
610.530 5.850 60.217
612.450 5.630 79.524
612.730 5.630 56.507
612.740 5.790 41.233
612.780 5.910 81.612
612.790 5.820 84.750
612.860 4.320 84.054
612.870 4.550 80.473
612.880 4.170 81.233
612.890 4.950 69.406
612.900 4.730 78.693
612.920 4.940 70.929
612.930 5.410 65.678
612.940 4.780 58.377
612.950 4.950 58.039
612.960 4.830 66.585
612.970 5.330 61.526
612.980 4.820 52.307
613.020 4.780 65.446
613.030 4.920 78.076
613.040 5.240 78.254
613.060 4.430 79.226
613.090 4.680 86.895
613.100 4.570 81.550
613.110 4.530 75.713
613.120 4.830 85.224
613.130 4.990 63.529
613.140 5.480 71.450
613.160 4.170 83.395
613.170 4.610 77.673
613.180 4.460 72.805
613.190 4.270 74.360
613.210 4.100 77.378
613.230 4.630 82.839
613.240 4.120 78.614
613.250 4.040 88.741
613.260 4.710 68.910
613.270 4.830 80.100
613.280 5.130 71.222
613.290 4.590 70.172
613.300 5.040 74.668
613.310 4.770 72.180
613.320 4.400 79.711
613.330 4.950 74.431
613.340 4.590 83.141
613.360 4.820 73.261
613.370 4.670 84.719
613.380 5.040 73.278
613.390 5.450 78.805
613.400 5.330 78.416
613.410 4.950 78.991
613.420 4.810 80.637
613.430 5.010 76.626
613.450 5.510 84.922
613.460 5.830 86.411
613.490 5.520 61.355
613.500 5.950 59.310
613.510 5.390 70.888
613.520 5.380 85.362
613.530 4.960 79.489
613.540 5.120 74.693
613.550 4.750 62.669
613.560 5.260 74.649
613.570 5.240 75.595
613.580 4.310 85.090
613.590 4.470 73.216
613.600 4.490 69.199
613.610 4.750 84.068
613.630 4.030 89.115
613.640 4.860 72.782
613.650 5.450 85.133
613.660 4.770 83.078
613.670 4.520 67.331
613.680 4.290 75.322
613.690 4.410 70.961
613.700 5.420 74.279
613.710 5.030 84.384
613.720 4.430 74.987
613.890 5.150 86.103
613.940 4.490 80.754
614.170 4.360 87.812
614.190 4.290 77.974
614.200 4.810 87.450
614.220 4.450 89.830
614.310 4.720 89.703
614.410 4.170 86.662
614.570 4.210 84.857
614.630 4.530 79.846
614.660 4.650 68.000
614.670 4.850 63.700
614.680 4.740 85.854
614.750 4.520 89.175
614.820 4.860 89.381
614.910 4.450 87.582
615.300 4.310 84.312
615.460 4.640 86.307
615.770 5.820 76.702
615.780 5.870 63.964
615.810 4.470 82.750
615.820 4.980 78.298
615.830 5.360 60.551
615.840 4.300 83.870
615.850 4.530 86.261
615.860 5.400 89.996
615.870 4.870 81.011
615.880 4.550 86.571
615.890 4.440 84.539
615.900 4.290 87.342
615.910 4.220 78.347
615.920 4.410 74.581
615.940 5.270 58.883
615.950 5.640 50.643
615.960 5.150 60.424
615.970 5.290 71.844
615.980 4.620 65.834
615.990 4.690 70.908
616.000 4.500 72.580
616.010 4.350 84.403
616.020 4.820 65.815
616.030 4.520 79.378
616.040 5.020 70.831
616.050 4.230 89.484
616.060 4.960 79.594
616.070 4.450 79.695
616.080 4.420 76.683
616.110 5.740 84.170
616.120 4.470 76.276
616.130 4.120 89.124
616.140 4.790 78.049
616.150 5.010 70.469
616.160 5.280 65.543
616.170 4.680 75.666
616.180 4.360 86.680
616.190 4.230 89.291
616.210 4.370 85.891
616.220 4.370 82.855
616.230 4.460 80.960
616.240 4.240 77.987
616.250 4.450 86.058
616.260 4.390 79.726
616.280 4.180 77.341
616.290 4.390 83.062
616.300 4.140 89.105
616.310 5.740 67.246
616.320 5.360 68.173
616.330 5.860 56.560
616.340 5.520 72.414
616.350 5.220 67.792
616.360 4.870 73.436
616.370 4.470 76.187
616.380 4.790 84.332
616.390 4.310 83.383
616.400 4.390 88.570
616.420 4.750 78.674
616.430 4.500 84.448
616.440 4.860 70.128
616.450 4.680 87.929
616.460 5.370 67.679
616.470 4.540 81.921
616.480 4.880 76.142
616.490 5.360 67.448
616.500 5.730 57.465
616.510 5.740 73.033
616.540 4.830 85.022
616.550 4.390 87.485
616.560 5.410 88.076
616.600 5.310 82.162
616.620 5.590 71.333
616.650 5.360 86.421
616.670 4.760 86.105
616.680 5.130 86.718
616.690 4.910 85.762
616.700 4.290 87.763
616.720 4.390 86.627
616.730 4.580 74.983
616.740 4.370 83.998
616.760 4.740 71.517
616.780 4.420 66.381
616.790 4.330 73.413
616.800 4.430 86.887
616.810 4.770 78.203
616.820 5.660 86.848
616.830 4.360 84.201
616.840 5.430 70.522
616.850 5.940 59.272
616.860 5.860 55.934
616.870 4.020 88.747
616.880 5.560 63.520
616.890 4.620 87.511
616.900 4.920 79.735
616.910 4.530 76.311
616.920 4.690 83.984
616.930 4.950 84.064
616.940 4.970 69.497
616.950 5.760 54.456
616.960 4.870 80.556
616.970 4.290 87.807
616.990 5.350 81.538
617.000 5.650 59.529
617.010 4.370 79.088
617.020 4.690 88.747
617.030 4.340 58.092
617.040 4.860 75.714
617.050 5.390 77.667
617.080 4.610 82.752
617.090 5.040 88.754
617.110 4.420 80.066
617.120 4.810 86.177
617.150 5.430 78.770
617.210 4.220 89.710
617.300 4.120 87.710
617.370 4.420 82.549
617.380 4.840 71.981
617.390 4.600 88.863
617.440 4.560 87.289
617.500 5.290 88.474
617.540 4.970 89.941
617.630 4.370 83.163
617.850 3.790 83.448
617.890 4.130 84.994
617.930 4.680 85.177
618.320 5.200 83.522
618.610 5.400 83.045
618.800 4.620 85.833
619.680 4.770 84.344
619.700 4.780 82.966
619.730 5.250 88.172
619.740 4.720 76.438
619.750 5.140 89.370
619.780 4.400 87.846
619.820 4.780 83.545
619.860 4.750 80.002
620.050 4.710 80.127
620.130 4.740 89.502
621.150 4.400 81.435
621.410 4.160 86.201
621.420 4.880 86.219
621.520 5.620 76.143
621.530 4.660 81.570
621.540 4.090 41.726
621.550 4.070 67.646
621.570 4.240 87.815
621.950 5.170 89.413
621.960 4.770 84.234
621.980 4.440 84.168
622.020 5.230 87.779
622.070 5.170 82.883
622.110 4.610 81.946
622.260 4.870 85.385
622.380 4.080 84.843
622.390 4.890 88.925
622.470 4.300 84.431
622.520 4.170 85.462
622.550 4.770 81.114
622.560 4.090 78.409
622.630 4.050 86.675
622.650 5.280 84.879
622.680 4.830 89.108
622.720 5.830 76.509
622.730 5.800 76.469
622.750 5.150 84.672
622.760 4.980 88.389
622.780 5.040 75.013
622.790 5.270 74.951
622.870 5.610 89.504
622.930 4.430 89.222
623.360 4.380 88.278
623.680 4.590 86.762
623.780 5.150 88.702
624.020 4.680 85.623
624.100 5.630 87.485
624.190 4.970 89.427
624.410 4.180 89.832
624.470 4.170 89.579
624.520 4.850 76.680
624.610 3.910 87.942
624.680 5.220 77.305
624.890 5.110 88.015
624.910 4.770 87.343
625.690 4.430 88.181
625.790 5.240 78.804
625.800 5.530 89.264
625.910 5.290 78.539
625.970 5.330 83.487
625.980 4.830 82.956
625.990 5.240 84.123
626.010 5.030 87.095
626.020 5.110 87.256
626.120 5.370 48.134
626.130 4.630 87.564
626.170 4.880 84.978
626.320 5.390 82.286
626.330 3.750 86.689
626.340 3.960 89.542
626.360 4.990 79.035
626.420 5.200 89.435
626.580 4.020 78.997
626.640 4.910 75.582
626.650 4.710 86.935
626.660 4.520 88.072
626.670 4.570 78.359
626.750 3.750 84.292
626.940 4.440 85.120
626.970 3.990 80.240
626.990 4.670 86.747
627.000 4.940 86.019
627.010 4.630 79.789
627.020 4.780 88.292
627.030 4.830 86.364
627.040 4.890 87.381
627.100 4.320 82.328
627.110 4.440 83.455
627.150 4.660 82.890
627.460 4.090 87.572
627.630 5.210 61.545
628.180 4.560 64.502
628.240 4.310 84.270
628.790 3.840 86.044
628.950 3.680 89.951
629.050 4.320 87.513
629.110 3.670 86.562
629.140 4.330 89.741
629.160 4.050 86.141
629.290 4.590 75.843
629.310 3.980 84.448
629.370 4.400 89.306
629.400 5.120 85.515
629.460 4.980 87.770
629.480 5.000 89.076
629.510 4.830 78.385
629.530 4.620 89.257
629.540 4.620 88.459
629.580 4.940 84.472
629.610 5.410 85.122
629.700 4.770 85.039
629.740 5.510 88.580
629.750 5.190 85.780
630.020 4.410 83.819
630.070 4.390 85.957
630.180 4.820 83.272
630.520 4.250 85.331
630.610 4.880 88.411
630.620 4.370 89.275
630.630 4.130 86.783
630.640 4.900 89.805
630.650 4.630 86.284
630.680 4.840 77.589
630.690 5.650 40.671
631.700 4.050 82.515
631.710 4.800 88.213
632.040 4.150 87.023
632.080 4.220 89.248
632.130 4.120 84.286
632.140 3.690 78.781
632.170 3.880 89.017
632.190 3.880 82.907
632.200 3.960 89.268
632.250 3.970 88.923
632.480 4.070 87.100
632.500 4.050 88.702
632.690 4.620 87.972
632.720 4.000 87.763
632.730 4.570 88.871
633.100 5.530 84.612
635.060 5.940 87.827
635.070 5.490 78.327
635.080 4.450 69.834
635.090 4.860 76.601
635.100 4.970 70.579
635.110 5.060 71.851
635.120 4.930 75.621
635.130 4.220 86.826
635.140 4.340 87.150
635.150 5.070 72.536
635.160 4.600 76.260
635.170 5.540 62.955
635.220 4.630 75.835
635.230 4.570 80.675
635.240 4.430 75.178
635.250 4.830 82.331
635.260 5.480 63.934
635.280 5.100 72.186
635.290 5.370 79.926
635.300 4.920 80.278
635.310 4.720 79.251
635.320 4.800 69.888
635.330 4.500 83.242
635.350 4.350 83.658
635.360 5.790 71.051
635.380 5.030 85.912
635.390 4.780 74.358
635.400 4.840 72.186
635.410 5.500 57.301
635.420 5.210 81.360
635.430 4.860 67.007
635.440 4.780 68.103
635.450 4.920 68.228
635.460 4.870 62.536
635.470 4.720 77.794
635.480 4.580 72.432
635.490 5.210 82.263
635.500 5.380 58.558
635.510 4.240 77.895
635.520 4.390 81.198
635.530 4.970 68.809
635.540 4.630 67.870
635.550 4.510 81.875
635.560 5.540 66.737
635.570 5.100 80.376
635.580 4.480 74.244
635.590 4.540 72.719
635.600 5.460 66.588
635.620 5.940 73.524
635.630 4.780 74.221
635.640 5.160 81.975
635.650 4.730 74.146
635.670 4.510 77.016
635.680 4.440 85.743
635.700 5.270 81.832
635.710 4.760 88.946
635.720 4.780 73.648
635.730 4.940 72.561
635.750 4.730 70.467
635.760 4.790 78.041
635.770 5.260 72.982
635.780 5.090 65.826
635.790 4.050 70.234
635.800 5.850 69.435
635.820 5.760 77.747
635.830 4.910 61.847
635.850 5.820 69.450
635.860 4.390 75.403
635.870 4.610 77.421
635.880 4.650 86.558
635.890 4.770 67.726
635.900 4.710 89.558
635.910 5.390 69.298
635.920 5.580 78.887
635.930 5.390 66.680
635.990 5.440 83.815
636.020 3.990 82.543
636.040 3.800 80.797
636.090 5.530 75.487
636.110 4.400 88.473
636.160 4.520 86.276
636.360 5.290 85.625
636.370 4.050 83.195
636.380 5.570 36.875
636.400 3.670 66.774
636.430 5.600 81.085
636.500 4.680 78.453
636.570 5.050 86.140
636.770 4.050 60.506
636.780 4.160 56.560
636.790 3.570 72.483
636.860 5.550 89.956
636.870 5.450 59.218
636.880 5.240 73.261
636.890 5.070 78.967
636.900 5.170 62.827
636.910 5.210 30.243
636.920 4.650 56.176
636.930 5.710 56.199
636.940 5.260 57.406
636.950 5.720 67.697
636.960 5.260 61.559
637.000 5.800 67.556
637.010 4.610 78.599
637.020 5.510 83.150
637.030 5.320 79.784
637.070 5.750 61.932
637.080 4.400 84.367
637.090 4.770 85.413
637.100 5.130 69.643
637.110 5.380 78.684
637.120 5.510 58.447
637.170 5.060 76.739
637.180 5.730 68.062
637.190 5.150 65.918
637.210 5.530 83.338
637.230 5.230 85.892
637.240 4.610 77.167
637.250 5.050 78.590
637.260 5.100 62.884
637.270 4.250 81.257
637.280 4.780 88.398
637.290 5.190 78.859
637.300 5.450 79.520
637.320 5.470 75.035
637.340 4.920 75.489
637.350 4.560 65.988
637.360 4.530 73.395
637.370 4.640 70.830
637.380 3.980 83.480
637.390 5.010 66.598
637.410 3.850 83.297
637.420 4.490 67.550
637.430 4.220 84.463
637.450 4.430 75.444
637.460 4.480 55.076
637.470 4.540 79.418
637.480 4.530 74.775
637.490 4.710 79.259
637.510 4.410 81.328
637.520 4.500 83.001
637.530 5.050 75.282
637.540 4.120 76.752
637.550 4.790 83.340
637.560 4.640 80.351
637.570 4.760 84.994
637.580 4.780 80.934
637.590 5.590 76.363
637.600 5.430 65.465
637.610 5.590 85.949
637.620 5.170 77.904
637.630 4.530 84.051
637.640 5.030 87.210
637.650 5.050 87.855
637.690 4.560 84.403
637.710 4.710 79.517
637.720 4.810 80.380
637.730 5.340 69.528
637.740 4.700 80.715
637.750 5.410 72.747
637.760 5.010 75.526
637.770 4.690 84.413
637.780 4.800 72.257
637.790 4.310 87.001
637.810 4.300 79.427
637.820 4.100 85.546
637.830 4.350 84.647
637.840 4.690 69.976
637.850 5.130 77.517
637.860 5.160 58.827
637.870 5.580 80.538
637.980 4.920 70.952
637.990 4.760 68.223
638.010 5.550 62.509
638.020 4.850 82.657
638.050 4.840 86.964
638.060 5.130 76.650
638.070 5.520 67.263
638.080 5.050 63.587
638.090 5.600 69.548
638.100 4.800 88.041
638.110 4.910 84.276
638.130 4.890 68.885
638.140 4.700 77.502
638.150 4.500 81.839
638.160 5.300 66.203
638.170 5.140 66.125
638.180 4.600 78.710
638.200 4.650 82.035
638.210 5.430 57.360
638.240 5.310 55.444
638.250 5.280 74.447
638.270 5.130 77.855
638.280 5.020 65.338
638.290 5.160 81.826
638.300 5.140 71.407
638.310 4.920 75.991
638.320 5.740 72.676
638.330 5.850 79.179
638.340 5.970 75.999
638.360 4.580 86.425
638.380 4.860 71.898
638.390 4.590 78.148
638.400 5.360 59.442
638.410 5.680 58.755
638.420 4.930 78.987
638.430 4.960 67.802
638.440 4.950 78.778
638.450 5.230 75.967
638.460 5.190 69.992
638.480 4.010 79.831
638.490 5.910 77.608
638.500 4.310 80.968
638.510 5.310 80.662
638.530 4.880 65.345
638.540 4.610 75.308
638.560 5.040 86.648
638.570 4.910 84.463
638.580 5.240 75.411
638.590 4.890 77.841
638.600 4.690 69.406
638.610 4.970 80.604
638.620 4.580 78.038
638.630 5.210 58.692
638.640 4.790 78.720
638.650 4.900 85.799
638.660 4.810 87.429
638.680 4.570 81.254
638.690 4.650 88.512
638.700 4.570 82.915
638.720 5.370 77.991
638.730 4.780 89.168
638.740 5.210 79.153
638.750 5.450 73.266
638.760 5.670 67.180
638.770 4.920 68.938
638.780 5.240 80.686
638.810 5.090 78.252
638.820 5.110 79.210
638.840 4.690 79.203
638.850 5.410 79.633
638.860 5.360 89.343
638.910 5.620 83.550
638.920 4.780 86.605
638.930 5.010 83.955
638.950 4.630 84.052
638.960 4.430 82.272
638.970 5.890 78.500
638.980 5.460 81.113
638.990 5.850 80.266
639.000 5.210 82.840
639.010 5.100 81.103
639.020 5.320 78.308
639.030 5.680 88.264
639.060 5.010 81.096
639.070 5.860 58.256
639.080 5.040 85.775
639.090 4.810 71.622
639.100 4.990 81.168
639.110 5.060 75.109
639.160 4.920 78.451
639.180 5.810 74.438
639.190 4.530 84.881
639.200 5.420 78.266
639.210 5.840 72.312
639.230 5.310 86.006
639.240 5.300 68.510
639.250 5.430 62.560
639.260 4.370 74.984
639.270 4.380 78.103
639.280 3.990 80.358
639.290 4.570 89.025
639.300 4.300 86.138
639.310 4.240 87.609
639.320 4.990 82.743
639.340 4.830 76.195
639.350 5.010 85.621
639.360 4.430 82.831
639.370 4.970 76.053
639.390 4.630 83.799
639.400 4.850 88.195
639.420 5.420 69.443
639.470 5.600 62.381
639.480 4.740 72.691
639.490 4.420 85.789
639.500 5.240 80.817
639.510 4.670 82.471
639.520 5.270 62.347
639.530 4.300 72.920
639.540 3.970 85.960
639.570 4.390 76.271
639.580 4.610 82.822
639.600 4.050 80.427
639.610 4.500 86.936
639.620 4.980 75.185
639.630 4.540 74.248
639.640 4.500 77.126
639.650 4.320 80.220
639.660 5.450 79.876
639.670 5.550 80.650
639.680 5.140 67.199
639.690 5.330 71.838
639.700 4.550 76.616
639.710 5.490 64.982
639.740 5.430 74.833
639.780 5.150 75.903
639.830 5.050 81.387
640.010 4.180 89.195
640.050 5.000 85.429
640.060 3.900 83.399
640.170 4.780 88.411
640.200 5.180 85.117
640.250 4.930 71.381
640.270 4.030 87.230
640.340 4.120 89.113
640.370 5.050 83.691
640.380 4.440 83.060
640.390 4.860 70.814
640.400 5.690 73.675
640.480 5.630 73.822
643.520 4.830 64.236
643.530 5.750 20.714
643.540 5.330 26.016
643.550 5.510 80.815
643.580 4.950 50.053
643.590 3.990 80.013
643.740 5.920 24.979
643.760 4.670 84.969
643.770 5.850 63.705
643.780 3.930 77.698
643.790 4.400 80.259
643.800 5.140 60.097
643.810 4.600 82.546
643.820 5.040 66.065
643.830 4.960 70.976
643.840 5.100 74.353
643.850 4.380 76.669
643.860 4.490 74.440
643.870 4.600 78.829
643.880 5.090 74.054
643.890 5.520 66.527
643.910 4.450 81.094
643.930 4.810 79.497
643.940 5.200 70.449
643.950 4.530 77.077
643.960 4.490 75.925
643.970 5.320 62.251
643.990 4.770 75.722
644.000 4.700 71.378
644.010 4.460 85.094
644.020 4.270 75.125
644.030 5.280 66.371
644.040 5.090 75.146
644.050 5.210 77.116
644.060 5.860 88.639
644.080 5.620 73.890
644.090 4.650 81.664
644.100 5.270 72.445
644.110 5.360 76.664
644.120 4.410 84.579
644.130 5.370 74.712
644.200 5.270 79.330
644.230 4.140 74.751
644.240 4.460 67.909
644.250 5.220 67.277
644.260 4.590 59.312
644.280 4.910 62.260
644.290 4.910 81.227
644.300 4.760 71.321
644.310 4.540 78.750
644.320 5.320 82.952
644.330 4.950 71.079
644.360 4.890 78.941
644.370 4.830 84.062
644.380 4.850 74.100
644.390 4.930 73.813
644.400 4.760 86.372
644.490 4.130 87.232
644.500 5.070 88.865
644.530 4.990 87.639
644.680 4.990 82.733
645.290 5.820 51.402
645.540 4.810 53.129
645.560 4.190 88.220
645.570 5.170 67.328
645.580 4.710 80.984
645.600 5.470 61.485
645.610 4.720 83.939
645.620 5.320 86.900
645.630 4.860 88.679
645.640 4.940 69.672
645.650 5.560 76.074
645.670 5.510 80.791
645.690 5.470 72.899
645.700 4.650 88.416
645.710 5.910 86.816
645.720 5.700 89.560
645.730 5.540 73.585
645.800 4.870 75.622
645.910 5.780 79.874
646.320 4.530 89.733
646.330 4.380 89.720
646.950 3.890 88.827
647.080 4.380 82.368
647.090 5.420 79.354
647.100 4.400 76.751
647.200 4.610 87.082
647.390 4.310 82.927
647.430 4.890 83.815
647.440 5.040 84.502
647.460 4.540 80.284
647.470 4.920 76.217
647.480 4.490 86.929
654.060 5.750 68.300
656.140 3.590 55.948
656.150 3.810 55.724
656.160 4.080 71.642
656.170 4.270 64.883
656.180 4.580 59.142
656.190 4.490 54.692
656.200 4.090 60.872
656.210 5.190 68.837
656.240 4.780 75.740
656.250 4.140 53.006
656.260 4.110 56.567
656.270 3.920 22.272
656.280 5.410 77.315
656.290 5.660 77.408
656.300 4.790 52.531
656.310 3.650 49.967
656.320 3.850 31.219
656.330 3.660 69.592
656.340 3.740 66.926
656.350 3.820 74.312
656.390 5.490 82.362
656.400 5.970 73.952
656.470 5.670 85.931
656.480 4.920 84.415
656.490 3.660 78.312
656.500 3.460 62.851
656.550 3.910 88.409
656.560 3.600 85.645
656.820 3.350 85.026
656.840 3.780 76.214
656.850 3.680 72.053
656.880 3.470 86.083
656.890 3.420 89.921
656.900 3.490 85.829
656.910 3.310 77.535
656.950 3.490 60.345
656.970 3.770 64.418
660.690 5.680 67.644
661.690 6.000 74.525
661.850 5.350 83.871
662.240 5.350 84.259
662.250 5.500 89.677
662.320 5.670 86.567
662.350 5.240 84.661
662.390 5.430 79.108
670.630 5.940 74.959
670.680 5.370 79.456
670.690 5.360 73.966
670.970 5.260 86.229
670.980 5.940 84.312
671.220 5.720 80.517
671.240 5.930 77.510
671.540 5.330 80.818
671.990 5.610 72.542
672.000 5.960 67.859
672.010 5.310 77.376
672.040 5.690 83.192
672.060 5.890 48.914
694.210 5.960 81.101
694.220 5.800 62.033
696.430 5.500 88.542
696.480 5.910 76.747
696.490 5.650 85.524
696.500 5.240 89.441
697.690 5.730 49.334
697.720 5.850 36.430
697.770 5.560 57.006
698.990 5.710 80.172
699.010 5.550 80.801
699.020 5.840 71.044
